Watching for file changes with StatReloader
Waiting for apps ready_event.
Apps ready_event triggered. Sending autoreload_started signal.
Watching dir C:\mypython3\django\Scripts\hello_django\locale with glob **/*.mo.
(0.000) 
            SELECT name, type FROM sqlite_master
            WHERE type in ('table', 'view') AND NOT name='sqlite_sequence'
            ORDER BY name; args=None; alias=default
File C:\Users\user\AppData\Local\Programs\Python\Python312\Lib\asyncio\log.py first seen with mtime 1738656312.0
File C:\mypython3\django\Lib\site-packages\django\core\checks\caches.py first seen with mtime 1773145195.993607
File C:\mypython3\django\Lib\site-packages\django\contrib\admin\apps.py first seen with mtime 1773145193.4951673
File C:\mypython3\django\Lib\site-packages\django\core\paginator.py first seen with mtime 1773145195.9806347
File C:\mypython3\django\Lib\site-packages\django\template\loaders\base.py first seen with mtime 1773145196.2619398
File C:\mypython3\django\Lib\site-packages\sqlparse\filters\tokens.py first seen with mtime 1773145192.8523216
File C:\Users\user\AppData\Local\Programs\Python\Python312\Lib\operator.py first seen with mtime 1738656312.0
File C:\Users\user\AppData\Local\Programs\Python\Python312\Lib\__future__.py first seen with mtime 1738656312.0
File C:\mypython3\django\Lib\site-packages\django\contrib\admin\exceptions.py first seen with mtime 1773145193.498147
File C:\Users\user\AppData\Local\Programs\Python\Python312\Lib\json\decoder.py first seen with mtime 1738656312.0
File C:\mypython3\django\Lib\site-packages\sqlparse\filters\output.py first seen with mtime 1773145192.8499115
File C:\mypython3\django\Lib\site-packages\django\utils\translation\__init__.py first seen with mtime 1773145196.3137293
File C:\mypython3\django\Lib\site-packages\django\db\backends\sqlite3\client.py first seen with mtime 1773145196.1084104
File C:\Users\user\AppData\Local\Programs\Python\Python312\Lib\email\mime\nonmultipart.py first seen with mtime 1738656312.0
File C:\mypython3\django\Lib\site-packages\django\core\files\storage\handler.py first seen with mtime 1773145196.0128129
File C:\mypython3\django\Lib\site-packages\django\contrib\auth\signals.py first seen with mtime 1773145194.2097628
File C:\mypython3\django\Lib\site-packages\django\__init__.py first seen with mtime 1773145193.0611882
File C:\mypython3\django\Lib\site-packages\django\forms\fields.py first seen with mtime 1773145196.1619065
File C:\mypython3\django\Scripts\hello_django\hello_django\__init__.py first seen with mtime 1773146754.8790936
File C:\mypython3\django\Lib\site-packages\django\contrib\admin\models.py first seen with mtime 1773145193.5007255
File C:\mypython3\django\Lib\site-packages\django\utils\crypto.py first seen with mtime 1773145196.289754
File C:\Users\user\AppData\Local\Programs\Python\Python312\Lib\ast.py first seen with mtime 1738656312.0
File C:\mypython3\django\Lib\site-packages\django\core\serializers\python.py first seen with mtime 1773145196.051571
File C:\mypython3\django\Lib\site-packages\django\forms\boundfield.py first seen with mtime 1773145196.1608996
File C:\Users\user\AppData\Local\Programs\Python\Python312\Lib\html\parser.py first seen with mtime 1738656312.0
File C:\Users\user\AppData\Local\Programs\Python\Python312\Lib\asyncio\sslproto.py first seen with mtime 1738656312.0
File C:\mypython3\django\Lib\site-packages\django\template\autoreload.py first seen with mtime 1773145196.246394
File C:\mypython3\django\Lib\site-packages\django\core\files\locks.py first seen with mtime 1773145196.006105
File C:\mypython3\django\Lib\site-packages\django\contrib\admin\options.py first seen with mtime 1773145193.5018322
File C:\Users\user\AppData\Local\Programs\Python\Python312\Lib\email\_policybase.py first seen with mtime 1738656312.0
File C:\mypython3\django\Lib\site-packages\django\db\models\fields\related_descriptors.py first seen with mtime 1773145196.1449113
File C:\mypython3\django\Lib\site-packages\django\core\signals.py first seen with mtime 1773145195.9817367
File C:\mypython3\django\Lib\site-packages\django\forms\formsets.py first seen with mtime 1773145196.1629066
File C:\mypython3\django\Lib\site-packages\django\utils\cache.py first seen with mtime 1773145196.2874978
File C:\mypython3\django\Lib\site-packages\django\db\models\fields\reverse_related.py first seen with mtime 1773145196.1460817
File C:\mypython3\django\Lib\site-packages\django\core\cache\backends\filebased.py first seen with mtime 1773145195.9891803
File C:\mypython3\django\Lib\site-packages\asgiref\current_thread_executor.py first seen with mtime 1773145192.9433763
File C:\mypython3\django\Lib\site-packages\django\db\backends\utils.py first seen with mtime 1773145196.058589
File C:\mypython3\django\Lib\site-packages\django\contrib\admin\templatetags\admin_list.py first seen with mtime 1773145193.9954436
File C:\mypython3\django\Lib\site-packages\django\db\models\constants.py first seen with mtime 1773145196.1291237
File C:\mypython3\django\Lib\site-packages\django\utils\inspect.py first seen with mtime 1773145196.3016546
File C:\mypython3\django\Lib\site-packages\django\views\decorators\common.py first seen with mtime 1773145196.3230605
File C:\mypython3\django\Lib\site-packages\django\contrib\__init__.py first seen with mtime 1773145193.4910147
File C:\Users\user\AppData\Local\Programs\Python\Python312\Lib\getpass.py first seen with mtime 1738656312.0
File C:\Users\user\AppData\Local\Programs\Python\Python312\Lib\asyncio\taskgroups.py first seen with mtime 1738656312.0
File C:\Users\user\AppData\Local\Programs\Python\Python312\Lib\signal.py first seen with mtime 1738656312.0
File C:\mypython3\django\Lib\site-packages\django\db\utils.py first seen with mtime 1773145196.0555813
File C:\mypython3\django\Lib\site-packages\django\contrib\admin\views\__init__.py first seen with mtime 1773145193.999184
File C:\Users\user\AppData\Local\Programs\Python\Python312\Lib\asyncio\staggered.py first seen with mtime 1738656312.0
File C:\mypython3\django\Lib\site-packages\django\db\backends\base\client.py first seen with mtime 1773145196.0605943
File C:\mypython3\django\Lib\site-packages\django\db\models\fields\composite.py first seen with mtime 1773145196.1388083
File C:\mypython3\django\Lib\site-packages\django\template\backends\__init__.py first seen with mtime 1773145196.2559953
File C:\mypython3\django\Lib\site-packages\django\template\smartif.py first seen with mtime 1773145196.2546358
File C:\mypython3\django\Lib\site-packages\django\contrib\staticfiles\management\__init__.py first seen with mtime 1773145195.972909
File C:\Users\user\AppData\Local\Programs\Python\Python312\Lib\email\parser.py first seen with mtime 1738656312.0
File C:\mypython3\django\Lib\site-packages\django\contrib\auth\validators.py first seen with mtime 1773145194.211765
File C:\Users\user\AppData\Local\Programs\Python\Python312\Lib\asyncio\coroutines.py first seen with mtime 1738656312.0
File C:\mypython3\django\Lib\site-packages\django\views\generic\detail.py first seen with mtime 1773145196.3303373
File C:\mypython3\django\Lib\site-packages\django\http\__init__.py first seen with mtime 1773145196.2290022
File C:\mypython3\django\Lib\site-packages\django\forms\models.py first seen with mtime 1773145196.1639163
File C:\mypython3\django\Lib\site-packages\django\template\__init__.py first seen with mtime 1773145196.245047
File C:\Users\user\AppData\Local\Programs\Python\Python312\Lib\asyncio\tasks.py first seen with mtime 1738656312.0
File C:\mypython3\django\Lib\site-packages\django\db\models\expressions.py first seen with mtime 1773145196.1317077
File C:\mypython3\django\Lib\site-packages\django\utils\formats.py first seen with mtime 1773145196.297287
File C:\Users\user\AppData\Local\Programs\Python\Python312\Lib\json\__init__.py first seen with mtime 1738656312.0
File C:\mypython3\django\Lib\site-packages\django\template\response.py first seen with mtime 1773145196.2546358
File C:\mypython3\django\Lib\site-packages\django\template\loaders\filesystem.py first seen with mtime 1773145196.2629397
File C:\mypython3\django\Lib\site-packages\django\templatetags\l10n.py first seen with mtime 1773145196.2664125
File C:\mypython3\django\Lib\site-packages\django\template\backends\django.py first seen with mtime 1773145196.256998
File C:\mypython3\django\Lib\site-packages\django\apps\config.py first seen with mtime 1773145193.0643098
File C:\mypython3\django\Lib\site-packages\django\contrib\admin\templatetags\admin_urls.py first seen with mtime 1773145193.9976585
File C:\mypython3\django\Lib\site-packages\django\conf\locale\__init__.py first seen with mtime 1773145193.0745852
File C:\Users\user\AppData\Local\Programs\Python\Python312\Lib\wsgiref\handlers.py first seen with mtime 1738656314.0
File C:\mypython3\django\Lib\site-packages\django\db\backends\base\validation.py first seen with mtime 1773145196.0737398
File C:\Users\user\AppData\Local\Programs\Python\Python312\Lib\encodings\cp950.py first seen with mtime 1738656312.0
File C:\mypython3\django\Lib\site-packages\django\contrib\sessions\models.py first seen with mtime 1773145195.5635092
File C:\Users\user\AppData\Local\Programs\Python\Python312\DLLs\_zoneinfo.pyd first seen with mtime 1738656366.0
File C:\mypython3\django\Lib\site-packages\django\db\models\fields\files.py first seen with mtime 1773145196.1398132
File C:\mypython3\django\Lib\site-packages\django\core\checks\commands.py first seen with mtime 1773145195.9946108
File C:\mypython3\django\Lib\site-packages\django\contrib\admin\utils.py first seen with mtime 1773145193.5046785
File C:\Users\user\AppData\Local\Programs\Python\Python312\Lib\contextvars.py first seen with mtime 1738656312.0
File C:\mypython3\django\Lib\site-packages\django\template\engine.py first seen with mtime 1773145196.2499743
File C:\Users\user\AppData\Local\Programs\Python\Python312\Lib\queue.py first seen with mtime 1738656312.0
File C:\mypython3\django\Lib\site-packages\django\core\files\storage\base.py first seen with mtime 1773145196.0107872
File C:\mypython3\django\Lib\site-packages\django\views\decorators\__init__.py first seen with mtime 1773145196.3217947
File C:\Users\user\AppData\Local\Programs\Python\Python312\Lib\asyncio\base_futures.py first seen with mtime 1738656312.0
File C:\Users\user\AppData\Local\Programs\Python\Python312\DLLs\unicodedata.pyd first seen with mtime 1738656366.0
File C:\mypython3\django\Lib\site-packages\django\db\models\sql\subqueries.py first seen with mtime 1773145196.15688
File C:\Users\user\AppData\Local\Programs\Python\Python312\Lib\argparse.py first seen with mtime 1738656312.0
File C:\mypython3\django\Lib\site-packages\django\contrib\staticfiles\finders.py first seen with mtime 1773145195.9689355
File C:\Users\user\AppData\Local\Programs\Python\Python312\Lib\http\server.py first seen with mtime 1738656312.0
File C:\mypython3\django\Lib\site-packages\django\utils\text.py first seen with mtime 1773145196.308205
File C:\mypython3\django\Lib\site-packages\django\contrib\sites\__init__.py first seen with mtime 1773145195.7663884
File C:\mypython3\django\Lib\site-packages\django\db\migrations\migration.py first seen with mtime 1773145196.1180944
File C:\mypython3\django\Lib\site-packages\django\contrib\contenttypes\models.py first seen with mtime 1773145194.414056
File C:\mypython3\django\Lib\site-packages\django\core\checks\templates.py first seen with mtime 1773145195.9976888
File C:\mypython3\django\Lib\site-packages\django\middleware\cache.py first seen with mtime 1773145196.2330432
File C:\mypython3\django\Lib\site-packages\django\db\models\functions\mixins.py first seen with mtime 1773145196.1504881
File C:\Users\user\AppData\Local\Programs\Python\Python312\Lib\email\__init__.py first seen with mtime 1738656312.0
File C:\Users\user\AppData\Local\Programs\Python\Python312\Lib\importlib\__init__.py first seen with mtime 1738656312.0
File C:\mypython3\django\Lib\site-packages\django\contrib\sessions\backends\__init__.py first seen with mtime 1773145195.5645118
File C:\Users\user\AppData\Local\Programs\Python\Python312\Lib\keyword.py first seen with mtime 1738656312.0
File C:\mypython3\django\Lib\site-packages\django\db\models\constraints.py first seen with mtime 1773145196.130504
File C:\mypython3\django\Lib\site-packages\django\db\migrations\operations\base.py first seen with mtime 1773145196.1241107
File C:\mypython3\django\Lib\site-packages\django\db\models\aggregates.py first seen with mtime 1773145196.127118
File C:\Users\user\AppData\Local\Programs\Python\Python312\Lib\warnings.py first seen with mtime 1738656314.0
File C:\Users\user\AppData\Local\Programs\Python\Python312\Lib\copy.py first seen with mtime 1738656312.0
File C:\mypython3\django\Lib\site-packages\django\contrib\auth\views.py first seen with mtime 1773145194.212838
File C:\mypython3\django\Lib\site-packages\django\db\models\fields\mixins.py first seen with mtime 1773145196.141822
File C:\mypython3\django\Lib\site-packages\django\utils\_os.py first seen with mtime 1773145196.2823725
File C:\mypython3\django\Lib\site-packages\django\utils\timezone.py first seen with mtime 1773145196.3096595
File C:\mypython3\django\Lib\site-packages\django\contrib\contenttypes\admin.py first seen with mtime 1773145194.411154
File C:\mypython3\django\Lib\site-packages\django\db\models\enums.py first seen with mtime 1773145196.1317077
File C:\mypython3\django\Lib\site-packages\django\db\backends\base\introspection.py first seen with mtime 1773145196.0626051
File C:\Users\user\AppData\Local\Programs\Python\Python312\Lib\_compat_pickle.py first seen with mtime 1738656312.0
File C:\mypython3\django\Lib\site-packages\django\templatetags\tz.py first seen with mtime 1773145196.2678335
File C:\Users\user\AppData\Local\Programs\Python\Python312\Lib\decimal.py first seen with mtime 1738656312.0
File C:\mypython3\django\Lib\site-packages\django\db\models\query_utils.py first seen with mtime 1773145196.1357875
File C:\mypython3\django\Lib\site-packages\django\core\management\color.py first seen with mtime 1773145196.0270288
File C:\mypython3\django\Lib\site-packages\sqlparse\exceptions.py first seen with mtime 1773145192.8387983
File C:\mypython3\django\Lib\site-packages\django\contrib\messages\storage\__init__.py first seen with mtime 1773145195.2149706
File C:\mypython3\django\Lib\site-packages\django\template\loaders\__init__.py first seen with mtime 1773145196.2604578
File C:\Users\user\AppData\Local\Programs\Python\Python312\Lib\asyncio\futures.py first seen with mtime 1738656312.0
File C:\mypython3\django\Lib\site-packages\django\contrib\sites\shortcuts.py first seen with mtime 1773145195.7729342
File C:\mypython3\django\Lib\site-packages\django\core\management\__init__.py first seen with mtime 1773145196.0260246
File C:\mypython3\django\Lib\site-packages\django\contrib\auth\backends.py first seen with mtime 1773145194.202163
File C:\Users\user\AppData\Local\Programs\Python\Python312\Lib\asyncio\exceptions.py first seen with mtime 1738656312.0
File C:\Users\user\AppData\Local\Programs\Python\Python312\Lib\lzma.py first seen with mtime 1738656312.0
File C:\mypython3\django\Lib\site-packages\django\core\cache\backends\base.py first seen with mtime 1773145195.9867523
File C:\mypython3\django\Lib\site-packages\django\middleware\csrf.py first seen with mtime 1773145196.236068
File C:\mypython3\django\Lib\site-packages\django\contrib\auth\__init__.py first seen with mtime 1773145194.2009065
File C:\Users\user\AppData\Local\Programs\Python\Python312\Lib\multiprocessing\process.py first seen with mtime 1738656312.0
File C:\mypython3\django\Lib\site-packages\django\contrib\sessions\apps.py first seen with mtime 1773145195.5604944
File C:\mypython3\django\Lib\site-packages\django\db\backends\base\features.py first seen with mtime 1773145196.0615973
File C:\mypython3\django\Lib\site-packages\django\forms\__init__.py first seen with mtime 1773145196.1608996
File C:\Users\user\AppData\Local\Programs\Python\Python312\Lib\asyncio\runners.py first seen with mtime 1738656312.0
File C:\mypython3\django\Lib\site-packages\django\utils\version.py first seen with mtime 1773145196.3117063
File C:\Users\user\AppData\Local\Programs\Python\Python312\Lib\email\quoprimime.py first seen with mtime 1738656312.0
File C:\Users\user\AppData\Local\Programs\Python\Python312\Lib\ssl.py first seen with mtime 1738656312.0
File C:\Users\user\AppData\Local\Programs\Python\Python312\Lib\asyncio\proactor_events.py first seen with mtime 1738656312.0
File C:\mypython3\django\Lib\site-packages\django\utils\autoreload.py first seen with mtime 1773145196.2862146
File C:\mypython3\django\Lib\site-packages\django\core\files\storage\__init__.py first seen with mtime 1773145196.0107872
File C:\Users\user\AppData\Local\Programs\Python\Python312\DLLs\_bz2.pyd first seen with mtime 1738656366.0
File C:\Users\user\AppData\Local\Programs\Python\Python312\Lib\fnmatch.py first seen with mtime 1738656312.0
File C:\mypython3\django\Lib\site-packages\django\templatetags\static.py first seen with mtime 1773145196.2664125
File C:\Users\user\AppData\Local\Programs\Python\Python312\Lib\http\client.py first seen with mtime 1738656312.0
File C:\mypython3\django\Lib\site-packages\django\core\checks\security\sessions.py first seen with mtime 1773145196.0041006
File C:\mypython3\django\Lib\site-packages\django\utils\deprecation.py first seen with mtime 1773145196.2951896
File C:\Users\user\AppData\Local\Programs\Python\Python312\Lib\asyncio\streams.py first seen with mtime 1738656312.0
File C:\mypython3\django\Lib\site-packages\sqlparse\__init__.py first seen with mtime 1773145192.8363185
File C:\mypython3\django\Lib\site-packages\django\contrib\contenttypes\checks.py first seen with mtime 1773145194.4121568
File C:\Users\user\AppData\Local\Programs\Python\Python312\Lib\multiprocessing\reduction.py first seen with mtime 1738656312.0
File C:\mypython3\django\Lib\site-packages\django\core\checks\compatibility\django_4_0.py first seen with mtime 1773145196.0010917
File C:\mypython3\django\Lib\site-packages\sqlparse\engine\__init__.py first seen with mtime 1773145192.8452957
File C:\Users\user\AppData\Local\Programs\Python\Python312\Lib\glob.py first seen with mtime 1738656312.0
File C:\mypython3\django\Lib\site-packages\django\core\files\utils.py first seen with mtime 1773145196.00958
File C:\mypython3\django\Lib\site-packages\django\template\loaders\app_directories.py first seen with mtime 1773145196.2604578
File C:\mypython3\django\Lib\site-packages\django\core\checks\registry.py first seen with mtime 1773145195.9976888
File C:\mypython3\django\Lib\site-packages\django\utils\asyncio.py first seen with mtime 1773145196.284721
File C:\mypython3\django\Lib\site-packages\django\views\generic\__init__.py first seen with mtime 1773145196.3288577
File C:\mypython3\django\Lib\site-packages\asgiref\local.py first seen with mtime 1773145192.9444926
File C:\Users\user\AppData\Local\Programs\Python\Python312\Lib\importlib\_abc.py first seen with mtime 1738656312.0
File C:\Users\user\AppData\Local\Programs\Python\Python312\Lib\asyncio\subprocess.py first seen with mtime 1738656312.0
File C:\mypython3\django\Lib\site-packages\django\dispatch\dispatcher.py first seen with mtime 1773145196.1588857
File C:\mypython3\django\Lib\site-packages\django\urls\__init__.py first seen with mtime 1773145196.2758312
File C:\Users\user\AppData\Local\Programs\Python\Python312\Lib\nturl2path.py first seen with mtime 1738656312.0
File C:\Users\user\AppData\Local\Programs\Python\Python312\Lib\_compression.py first seen with mtime 1738656312.0
File C:\Users\user\AppData\Local\Programs\Python\Python312\Lib\dis.py first seen with mtime 1738656312.0
File C:\mypython3\django\Lib\site-packages\django\core\validators.py first seen with mtime 1773145195.9827394
File C:\mypython3\django\Lib\site-packages\django\core\management\commands\__init__.py first seen with mtime 1773145196.0303128
File C:\mypython3\django\Lib\site-packages\django\core\handlers\exception.py first seen with mtime 1773145196.0171359
File C:\mypython3\django\Lib\site-packages\django\contrib\admin\views\autocomplete.py first seen with mtime 1773145194.000275
File C:\mypython3\django\Lib\site-packages\django\db\models\fields\__init__.py first seen with mtime 1773145196.1388083
File C:\mypython3\django\Lib\site-packages\django\core\checks\urls.py first seen with mtime 1773145196.0000894
File C:\mypython3\django\Lib\site-packages\django\template\library.py first seen with mtime 1773145196.252318
File C:\mypython3\django\Lib\site-packages\django\core\servers\basehttp.py first seen with mtime 1773145196.053576
File C:\Users\user\AppData\Local\Programs\Python\Python312\Lib\urllib\__init__.py first seen with mtime 1738656314.0
File C:\mypython3\django\Lib\site-packages\django\contrib\messages\apps.py first seen with mtime 1773145195.2114909
File C:\mypython3\django\Lib\site-packages\django\core\checks\security\__init__.py first seen with mtime 1773145196.0020945
File C:\mypython3\django\Lib\site-packages\django\utils\dates.py first seen with mtime 1773145196.292947
File C:\mypython3\django\Lib\site-packages\django\core\checks\async_checks.py first seen with mtime 1773145195.993607
File C:\Users\user\AppData\Local\Programs\Python\Python312\Lib\multiprocessing\__init__.py first seen with mtime 1738656312.0
File C:\mypython3\django\Lib\site-packages\django\contrib\admin\widgets.py first seen with mtime 1773145193.5056791
File C:\mypython3\django\Lib\site-packages\django\core\checks\files.py first seen with mtime 1773145195.9956176
File C:\mypython3\django\Lib\site-packages\django\contrib\sessions\__init__.py first seen with mtime 1773145195.5604944
File C:\Users\user\AppData\Local\Programs\Python\Python312\Lib\asyncio\selector_events.py first seen with mtime 1738656312.0
File C:\mypython3\django\Lib\site-packages\django\template\loader_tags.py first seen with mtime 1773145196.2536273
File C:\Users\user\AppData\Local\Programs\Python\Python312\Lib\encodings\utf_8_sig.py first seen with mtime 1738656312.0
File C:\mypython3\django\Lib\site-packages\django\contrib\admin\sites.py first seen with mtime 1773145193.5029588
File C:\mypython3\django\Lib\site-packages\django\core\cache\utils.py first seen with mtime 1773145195.9857483
File C:\mypython3\django\Lib\site-packages\django\db\migrations\operations\special.py first seen with mtime 1773145196.1261158
File C:\mypython3\django\Lib\site-packages\django\template\loader.py first seen with mtime 1773145196.252318
File C:\Users\user\AppData\Local\Programs\Python\Python312\Lib\http\__init__.py first seen with mtime 1738656312.0
File C:\mypython3\django\Lib\site-packages\django\views\decorators\csp.py first seen with mtime 1773145196.3242855
File C:\mypython3\django\Lib\site-packages\django\db\migrations\operations\models.py first seen with mtime 1773145196.125113
File C:\mypython3\django\Lib\site-packages\django\template\defaultfilters.py first seen with mtime 1773145196.2489684
File C:\Users\user\AppData\Local\Programs\Python\Python312\Lib\hashlib.py first seen with mtime 1738656312.0
File C:\mypython3\django\Lib\site-packages\django\views\decorators\debug.py first seen with mtime 1773145196.325538
File C:\mypython3\django\Lib\site-packages\django\core\files\temp.py first seen with mtime 1773145196.0071077
File C:\mypython3\django\Lib\site-packages\django\apps\__init__.py first seen with mtime 1773145193.0633047
File C:\mypython3\django\Lib\site-packages\django\utils\module_loading.py first seen with mtime 1773145196.3050413
File C:\mypython3\django\Lib\site-packages\django\utils\regex_helper.py first seen with mtime 1773145196.306123
File C:\mypython3\django\Lib\site-packages\django\core\exceptions.py first seen with mtime 1773145195.9806347
File C:\mypython3\django\Lib\site-packages\django\core\files\storage\filesystem.py first seen with mtime 1773145196.011807
File C:\Users\user\AppData\Local\Programs\Python\Python312\Lib\multiprocessing\context.py first seen with mtime 1738656312.0
File C:\mypython3\django\Lib\site-packages\django\db\backends\sqlite3\schema.py first seen with mtime 1773145196.113003
File C:\Users\user\AppData\Local\Programs\Python\Python312\Lib\calendar.py first seen with mtime 1738656312.0
File C:\mypython3\django\Lib\site-packages\django\core\checks\__init__.py first seen with mtime 1773145195.9926045
File C:\mypython3\django\Lib\site-packages\django\db\__init__.py first seen with mtime 1773145196.054579
File C:\mypython3\django\Lib\site-packages\django\utils\connection.py first seen with mtime 1773145196.2887466
File C:\mypython3\django\Lib\site-packages\django\template\backends\base.py first seen with mtime 1773145196.256998
File C:\Users\user\AppData\Local\Programs\Python\Python312\Lib\asyncio\protocols.py first seen with mtime 1738656312.0
File C:\mypython3\django\Lib\site-packages\django\contrib\admin\decorators.py first seen with mtime 1773145193.4971223
File C:\mypython3\django\Lib\site-packages\django\core\checks\database.py first seen with mtime 1773145195.9956176
File C:\Users\user\AppData\Local\Programs\Python\Python312\Lib\email\base64mime.py first seen with mtime 1738656312.0
File C:\mypython3\django\Lib\site-packages\django\contrib\contenttypes\views.py first seen with mtime 1773145194.415163
File C:\mypython3\django\Lib\site-packages\django\utils\tree.py first seen with mtime 1773145196.3107
File C:\mypython3\django\Lib\site-packages\django\db\migrations\__init__.py first seen with mtime 1773145196.1140866
File C:\Users\user\AppData\Local\Programs\Python\Python312\Lib\collections\abc.py first seen with mtime 1738656312.0
File C:\Users\user\AppData\Local\Programs\Python\Python312\Lib\zoneinfo\__init__.py first seen with mtime 1738656314.0
File C:\mypython3\django\Lib\site-packages\django\db\models\indexes.py first seen with mtime 1773145196.132712
File C:\mypython3\django\Lib\site-packages\django\contrib\auth\forms.py first seen with mtime 1773145194.2068572
File C:\Users\user\AppData\Local\Programs\Python\Python312\Lib\platform.py first seen with mtime 1738656312.0
File C:\Users\user\AppData\Local\Programs\Python\Python312\Lib\asyncio\trsock.py first seen with mtime 1738656312.0
File C:\mypython3\django\Lib\site-packages\asgiref\__init__.py first seen with mtime 1773145192.9425004
File C:\mypython3\django\Lib\site-packages\django\db\models\functions\__init__.py first seen with mtime 1773145196.1471357
File C:\Users\user\AppData\Local\Programs\Python\Python312\Lib\fractions.py first seen with mtime 1738656312.0
File C:\Users\user\AppData\Local\Programs\Python\Python312\Lib\ctypes\wintypes.py first seen with mtime 1738656312.0
File C:\mypython3\django\Lib\site-packages\django\contrib\auth\password_validation.py first seen with mtime 1773145194.2097628
File C:\Users\user\AppData\Local\Programs\Python\Python312\Lib\email\charset.py first seen with mtime 1738656312.0
File C:\Users\user\AppData\Local\Programs\Python\Python312\DLLs\_queue.pyd first seen with mtime 1738656366.0
File C:\mypython3\django\Lib\site-packages\django\utils\duration.py first seen with mtime 1773145196.2962735
File C:\Users\user\AppData\Local\Programs\Python\Python312\DLLs\_ctypes.pyd first seen with mtime 1738656366.0
File C:\mypython3\django\Lib\site-packages\django\core\checks\messages.py first seen with mtime 1773145195.996686
File C:\mypython3\django\Lib\site-packages\django\templatetags\__init__.py first seen with mtime 1773145196.2641056
File C:\Users\user\AppData\Local\Programs\Python\Python312\Lib\re\_parser.py first seen with mtime 1738656312.0
File C:\Users\user\AppData\Local\Programs\Python\Python312\Lib\subprocess.py first seen with mtime 1738656312.0
File C:\mypython3\django\Lib\site-packages\django\utils\hashable.py first seen with mtime 1773145196.2994263
File C:\Users\user\AppData\Local\Programs\Python\Python312\Lib\sqlite3\__init__.py first seen with mtime 1738656312.0
File C:\mypython3\django\Lib\site-packages\django\db\backends\sqlite3\__init__.py first seen with mtime 1773145196.1062877
File C:\mypython3\django\Lib\site-packages\sqlparse\formatter.py first seen with mtime 1773145192.8398044
File C:\mypython3\django\Lib\site-packages\django\db\backends\base\__init__.py first seen with mtime 1773145196.0595918
File C:\mypython3\django\Lib\site-packages\django\middleware\security.py first seen with mtime 1773145196.2384107
File C:\Users\user\AppData\Local\Programs\Python\Python312\Lib\inspect.py first seen with mtime 1738656312.0
File C:\Users\user\AppData\Local\Programs\Python\Python312\Lib\contextlib.py first seen with mtime 1738656312.0
File C:\mypython3\django\Lib\site-packages\django\http\multipartparser.py first seen with mtime 1773145196.2300172
File C:\Users\user\AppData\Local\Programs\Python\Python312\Lib\weakref.py first seen with mtime 1738656314.0
File C:\Users\user\AppData\Local\Programs\Python\Python312\Lib\encodings\aliases.py first seen with mtime 1738656312.0
File C:\Users\user\AppData\Local\Programs\Python\Python312\Lib\graphlib.py first seen with mtime 1738656312.0
File C:\Users\user\AppData\Local\Programs\Python\Python312\Lib\concurrent\futures\__init__.py first seen with mtime 1738656312.0
File C:\mypython3\django\Lib\site-packages\django\db\models\sql\query.py first seen with mtime 1773145196.1555007
File C:\mypython3\django\Lib\site-packages\django\middleware\__init__.py first seen with mtime 1773145196.2320373
File C:\Users\user\AppData\Local\Programs\Python\Python312\Lib\heapq.py first seen with mtime 1738656312.0
File C:\mypython3\django\Lib\site-packages\django\db\migrations\utils.py first seen with mtime 1773145196.1221051
File C:\mypython3\django\Lib\site-packages\django\contrib\auth\decorators.py first seen with mtime 1773145194.2058501
File C:\mypython3\django\Lib\site-packages\django\views\__init__.py first seen with mtime 1773145196.31751
File C:\mypython3\django\Lib\site-packages\django\contrib\staticfiles\management\commands\runserver.py first seen with mtime 1773145195.976585
File C:\Users\user\AppData\Local\Programs\Python\Python312\Lib\base64.py first seen with mtime 1738656312.0
File C:\mypython3\django\Lib\site-packages\django\utils\dateformat.py first seen with mtime 1773145196.2914486
File C:\mypython3\django\Lib\site-packages\django\utils\translation\reloader.py first seen with mtime 1773145196.3137293
File C:\mypython3\django\Lib\site-packages\django\core\__init__.py first seen with mtime 1773145195.978595
File C:\mypython3\django\Lib\site-packages\django\db\backends\__init__.py first seen with mtime 1773145196.056584
File C:\Users\user\AppData\Local\Programs\Python\Python312\Lib\dataclasses.py first seen with mtime 1738656312.0
File C:\mypython3\django\Lib\site-packages\django\db\models\query.py first seen with mtime 1773145196.1357875
File C:\mypython3\django\Lib\site-packages\django\db\models\deletion.py first seen with mtime 1773145196.130504
File C:\mypython3\django\Lib\site-packages\django\db\models\sql\datastructures.py first seen with mtime 1773145196.1544979
File C:\mypython3\django\Lib\site-packages\django\utils\encoding.py first seen with mtime 1773145196.2962735
File C:\mypython3\django\Lib\site-packages\django\contrib\staticfiles\apps.py first seen with mtime 1773145195.966913
File C:\mypython3\django\Lib\site-packages\django\utils\safestring.py first seen with mtime 1773145196.3072007
File C:\Users\user\AppData\Local\Programs\Python\Python312\Lib\gzip.py first seen with mtime 1738656312.0
File C:\mypython3\django\Lib\site-packages\django\template\loaders\cached.py first seen with mtime 1773145196.2619398
File C:\mypython3\django\Lib\site-packages\django\db\models\functions\comparison.py first seen with mtime 1773145196.14814
File C:\Users\user\AppData\Local\Programs\Python\Python312\Lib\urllib\response.py first seen with mtime 1738656314.0
File C:\Users\user\AppData\Local\Programs\Python\Python312\Lib\collections\__init__.py first seen with mtime 1738656312.0
File C:\Users\user\AppData\Local\Programs\Python\Python312\Lib\email\contentmanager.py first seen with mtime 1738656312.0
File C:\Users\user\AppData\Local\Programs\Python\Python312\Lib\email\mime\message.py first seen with mtime 1738656312.0
File C:\mypython3\django\Lib\site-packages\django\db\backends\signals.py first seen with mtime 1773145196.057587
File C:\Users\user\AppData\Local\Programs\Python\Python312\Lib\wsgiref\__init__.py first seen with mtime 1738656314.0
File C:\mypython3\django\Lib\site-packages\django\views\generic\base.py first seen with mtime 1773145196.3288577
File C:\Users\user\AppData\Local\Programs\Python\Python312\Lib\json\encoder.py first seen with mtime 1738656312.0
File C:\Users\user\AppData\Local\Programs\Python\Python312\Lib\logging\handlers.py first seen with mtime 1738656312.0
File C:\Users\user\AppData\Local\Programs\Python\Python312\DLLs\_sqlite3.pyd first seen with mtime 1738656366.0
File C:\Users\user\AppData\Local\Programs\Python\Python312\DLLs\_ssl.pyd first seen with mtime 1738656366.0
File C:\Users\user\AppData\Local\Programs\Python\Python312\Lib\threading.py first seen with mtime 1738656314.0
File C:\Users\user\AppData\Local\Programs\Python\Python312\Lib\asyncio\transports.py first seen with mtime 1738656312.0
File C:\mypython3\django\Lib\site-packages\django\db\models\sql\__init__.py first seen with mtime 1773145196.152493
File C:\mypython3\django\Lib\site-packages\django\db\transaction.py first seen with mtime 1773145196.0555813
File C:\Users\user\AppData\Local\Programs\Python\Python312\Lib\asyncio\format_helpers.py first seen with mtime 1738656312.0
File C:\mypython3\django\Lib\site-packages\django\utils\timesince.py first seen with mtime 1773145196.3096595
File C:\Users\user\AppData\Local\Programs\Python\Python312\Lib\email\mime\multipart.py first seen with mtime 1738656312.0
File C:\mypython3\django\Lib\site-packages\django\utils\decorators.py first seen with mtime 1773145196.2951896
File C:\mypython3\django\Lib\site-packages\django\contrib\auth\checks.py first seen with mtime 1773145194.2036693
File C:\mypython3\django\Lib\site-packages\django\core\files\__init__.py first seen with mtime 1773145196.0051029
File C:\Users\user\AppData\Local\Programs\Python\Python312\Lib\string.py first seen with mtime 1738656312.0
File C:\mypython3\django\Lib\site-packages\django\urls\conf.py first seen with mtime 1773145196.2778685
File C:\Users\user\AppData\Local\Programs\Python\Python312\Lib\re\_compiler.py first seen with mtime 1738656312.0
File C:\Users\user\AppData\Local\Programs\Python\Python312\Lib\random.py first seen with mtime 1738656312.0
File C:\Users\user\AppData\Local\Programs\Python\Python312\Lib\statistics.py first seen with mtime 1738656312.0
File C:\mypython3\django\Lib\site-packages\django\core\mail\__init__.py first seen with mtime 1773145196.0181444
File C:\Users\user\AppData\Local\Programs\Python\Python312\Lib\email\iterators.py first seen with mtime 1738656312.0
File C:\mypython3\django\Lib\site-packages\django\views\debug.py first seen with mtime 1773145196.3185208
File C:\mypython3\django\Lib\site-packages\_virtualenv.py first seen with mtime 1773145102.794879
File C:\Users\user\AppData\Local\Programs\Python\Python312\Lib\html\entities.py first seen with mtime 1738656312.0
File C:\Users\user\AppData\Local\Programs\Python\Python312\Lib\sysconfig.py first seen with mtime 1738656312.0
File C:\Users\user\AppData\Local\Programs\Python\Python312\DLLs\_hashlib.pyd first seen with mtime 1738656366.0
File C:\mypython3\django\Lib\site-packages\asgiref\sync.py first seen with mtime 1773145192.946536
File C:\Users\user\AppData\Local\Programs\Python\Python312\Lib\asyncio\timeouts.py first seen with mtime 1738656312.0
File C:\mypython3\django\Lib\site-packages\django\db\backends\ddl_references.py first seen with mtime 1773145196.057587
File C:\Users\user\AppData\Local\Programs\Python\Python312\Lib\ctypes\__init__.py first seen with mtime 1738656312.0
File C:\Users\user\AppData\Local\Programs\Python\Python312\Lib\concurrent\futures\_base.py first seen with mtime 1738656312.0
File C:\mypython3\django\Lib\site-packages\django\db\backends\sqlite3\introspection.py first seen with mtime 1773145196.110429
File C:\mypython3\django\Lib\site-packages\django\db\migrations\operations\__init__.py first seen with mtime 1773145196.1231077
File C:\mypython3\django\Lib\site-packages\django\db\models\functions\datetime.py first seen with mtime 1773145196.14814
File C:\mypython3\django\Lib\site-packages\django\urls\resolvers.py first seen with mtime 1773145196.2802548
File C:\mypython3\django\Lib\site-packages\django\templatetags\i18n.py first seen with mtime 1773145196.2654092
File C:\Users\user\AppData\Local\Programs\Python\Python312\Lib\pkgutil.py first seen with mtime 1738656312.0
File C:\mypython3\django\Lib\site-packages\django\db\models\fields\json.py first seen with mtime 1773145196.141822
File C:\mypython3\django\Lib\site-packages\django\db\models\signals.py first seen with mtime 1773145196.1367948
File C:\Users\user\AppData\Local\Programs\Python\Python312\Lib\email\policy.py first seen with mtime 1738656312.0
File C:\Users\user\AppData\Local\Programs\Python\Python312\Lib\selectors.py first seen with mtime 1738656312.0
File C:\mypython3\django\Lib\site-packages\django\utils\choices.py first seen with mtime 1773145196.2874978
File C:\Users\user\AppData\Local\Programs\Python\Python312\Lib\re\__init__.py first seen with mtime 1738656312.0
File C:\mypython3\django\Lib\site-packages\django\core\servers\__init__.py first seen with mtime 1773145196.053576
File C:\mypython3\django\Lib\site-packages\django\db\migrations\exceptions.py first seen with mtime 1773145196.1150866
File C:\Users\user\AppData\Local\Programs\Python\Python312\Lib\numbers.py first seen with mtime 1738656312.0
File C:\mypython3\django\Lib\site-packages\django\contrib\staticfiles\__init__.py first seen with mtime 1773145195.966913
File C:\mypython3\django\Lib\site-packages\django\forms\utils.py first seen with mtime 1773145196.165933
File C:\mypython3\django\Lib\site-packages\django\contrib\admin\views\main.py first seen with mtime 1773145194.0013695
File C:\Users\user\AppData\Local\Programs\Python\Python312\Lib\_markupbase.py first seen with mtime 1738656312.0
File C:\mypython3\django\Lib\site-packages\django\template\context.py first seen with mtime 1773145196.247962
File C:\mypython3\django\Lib\site-packages\django\contrib\messages\api.py first seen with mtime 1773145195.2104838
File C:\mypython3\django\Lib\site-packages\django\http\request.py first seen with mtime 1773145196.231031
File C:\Users\user\AppData\Local\Programs\Python\Python312\Lib\ctypes\_endian.py first seen with mtime 1738656312.0
File C:\Users\user\AppData\Local\Programs\Python\Python312\Lib\uuid.py first seen with mtime 1738656314.0
File C:\mypython3\django\Lib\site-packages\sqlparse\engine\statement_splitter.py first seen with mtime 1773145192.8474536
File C:\Users\user\AppData\Local\Programs\Python\Python312\Lib\tempfile.py first seen with mtime 1738656312.0
File C:\Users\user\AppData\Local\Programs\Python\Python312\Lib\email\mime\text.py first seen with mtime 1738656312.0
File C:\mypython3\django\Lib\site-packages\django\utils\ipv6.py first seen with mtime 1773145196.3027143
File C:\Users\user\AppData\Local\Programs\Python\Python312\Lib\email\mime\base.py first seen with mtime 1738656312.0
File C:\Users\user\AppData\Local\Programs\Python\Python312\DLLs\select.pyd first seen with mtime 1738656366.0
File C:\Users\user\AppData\Local\Programs\Python\Python312\Lib\asyncio\events.py first seen with mtime 1738656312.0
File C:\mypython3\django\Lib\site-packages\django\contrib\sites\requests.py first seen with mtime 1773145195.7729342
File C:\mypython3\django\Lib\site-packages\django\contrib\staticfiles\management\commands\__init__.py first seen with mtime 1773145195.9739394
File C:\mypython3\django\Lib\site-packages\django\contrib\sessions\base_session.py first seen with mtime 1773145195.561499
File C:\Users\user\AppData\Local\Programs\Python\Python312\Lib\zoneinfo\_common.py first seen with mtime 1738656314.0
File C:\mypython3\django\Lib\site-packages\django\utils\datastructures.py first seen with mtime 1773145196.2914486
File C:\Users\user\AppData\Local\Programs\Python\Python312\Lib\opcode.py first seen with mtime 1738656312.0
File C:\mypython3\django\Lib\site-packages\django\db\models\functions\json.py first seen with mtime 1773145196.14814
File C:\Users\user\AppData\Local\Programs\Python\Python312\Lib\urllib\parse.py first seen with mtime 1738656314.0
File C:\mypython3\django\Lib\site-packages\django\db\models\utils.py first seen with mtime 1773145196.137802
File C:\mypython3\django\Lib\site-packages\django\utils\log.py first seen with mtime 1773145196.3038268
File C:\Users\user\AppData\Local\Programs\Python\Python312\DLLs\_uuid.pyd first seen with mtime 1738656366.0
File C:\mypython3\django\Lib\site-packages\sqlparse\lexer.py first seen with mtime 1773145192.8408105
File C:\mypython3\django\Lib\site-packages\django\contrib\auth\models.py first seen with mtime 1773145194.209344
File C:\Users\user\AppData\Local\Programs\Python\Python312\Lib\gettext.py first seen with mtime 1738656312.0
File C:\Users\user\AppData\Local\Programs\Python\Python312\Lib\logging\__init__.py first seen with mtime 1738656312.0
File C:\Users\user\AppData\Local\Programs\Python\Python312\Lib\asyncio\base_tasks.py first seen with mtime 1738656312.0
File C:\mypython3\django\Lib\site-packages\sqlparse\cli.py first seen with mtime 1773145192.837533
File C:\mypython3\django\Lib\site-packages\django\contrib\staticfiles\views.py first seen with mtime 1773145195.972909
File C:\mypython3\django\Lib\site-packages\django\db\models\functions\math.py first seen with mtime 1773145196.1494844
File C:\Users\user\AppData\Local\Programs\Python\Python312\Lib\email\encoders.py first seen with mtime 1738656312.0
File C:\mypython3\django\Lib\site-packages\django\db\models\fields\related.py first seen with mtime 1773145196.143908
File C:\Users\user\AppData\Local\Programs\Python\Python312\Lib\ipaddress.py first seen with mtime 1738656312.0
File C:\Users\user\AppData\Local\Programs\Python\Python312\Lib\asyncio\constants.py first seen with mtime 1738656312.0
File C:\Users\user\AppData\Local\Programs\Python\Python312\DLLs\_decimal.pyd first seen with mtime 1738656366.0
File C:\mypython3\django\Lib\site-packages\django\core\wsgi.py first seen with mtime 1773145195.9837432
File C:\Users\user\AppData\Local\Programs\Python\Python312\Lib\linecache.py first seen with mtime 1738656312.0
File C:\mypython3\django\Lib\site-packages\django\core\checks\translation.py first seen with mtime 1773145195.999038
File C:\mypython3\django\Lib\site-packages\django\db\models\functions\window.py first seen with mtime 1773145196.15149
File C:\Users\user\AppData\Local\Programs\Python\Python312\Lib\shutil.py first seen with mtime 1738656312.0
File C:\mypython3\django\Lib\site-packages\django\core\files\storage\memory.py first seen with mtime 1773145196.0128129
File C:\Users\user\AppData\Local\Programs\Python\Python312\Lib\encodings\utf_8.py first seen with mtime 1738656312.0
File C:\mypython3\django\Lib\site-packages\django\db\models\sql\where.py first seen with mtime 1773145196.1578827
File C:\mypython3\django\Lib\site-packages\django\urls\base.py first seen with mtime 1773145196.2768354
File C:\Users\user\AppData\Local\Programs\Python\Python312\Lib\email\headerregistry.py first seen with mtime 1738656312.0
File C:\mypython3\django\Lib\site-packages\sqlparse\engine\filter_stack.py first seen with mtime 1773145192.8452957
File C:\mypython3\django\Lib\site-packages\django\conf\global_settings.py first seen with mtime 1773145193.0678706
File C:\Users\user\AppData\Local\Programs\Python\Python312\Lib\email\_header_value_parser.py first seen with mtime 1738656312.0
File C:\mypython3\django\Lib\site-packages\django\db\models\base.py first seen with mtime 1773145196.128121
File C:\mypython3\django\Lib\site-packages\django\contrib\staticfiles\checks.py first seen with mtime 1773145195.9679174
File C:\mypython3\django\Lib\site-packages\django\core\handlers\asgi.py first seen with mtime 1773145196.0159414
File C:\mypython3\django\Lib\site-packages\django\core\checks\security\csrf.py first seen with mtime 1773145196.003097
File C:\mypython3\django\Lib\site-packages\django\urls\utils.py first seen with mtime 1773145196.2802548
File C:\Users\user\AppData\Local\Programs\Python\Python312\Lib\logging\config.py first seen with mtime 1738656312.0
File C:\Users\user\AppData\Local\Programs\Python\Python312\Lib\email\generator.py first seen with mtime 1738656312.0
File C:\mypython3\django\Lib\site-packages\django\contrib\contenttypes\management\__init__.py first seen with mtime 1773145194.610613
File C:\mypython3\django\Lib\site-packages\django\db\models\sql\constants.py first seen with mtime 1773145196.1544979
File C:\mypython3\django\Lib\site-packages\django\db\backends\sqlite3\_functions.py first seen with mtime 1773145196.1074038
File C:\mypython3\django\Lib\site-packages\django\db\models\__init__.py first seen with mtime 1773145196.127118
File C:\Users\user\AppData\Local\Programs\Python\Python312\Lib\urllib\error.py first seen with mtime 1738656314.0
File C:\mypython3\django\Lib\site-packages\sqlparse\tokens.py first seen with mtime 1773145192.8428211
File C:\Users\user\AppData\Local\Programs\Python\Python312\Lib\difflib.py first seen with mtime 1738656312.0
File C:\Users\user\AppData\Local\Programs\Python\Python312\Lib\asyncio\windows_utils.py first seen with mtime 1738656312.0
File C:\Users\user\AppData\Local\Programs\Python\Python312\Lib\enum.py first seen with mtime 1738656312.0
File C:\mypython3\django\Lib\site-packages\django\template\base.py first seen with mtime 1773145196.2468977
File C:\Users\user\AppData\Local\Programs\Python\Python312\Lib\email\feedparser.py first seen with mtime 1738656312.0
File C:\mypython3\django\Lib\site-packages\django\core\serializers\__init__.py first seen with mtime 1773145196.049322
File C:\mypython3\django\Lib\site-packages\django\contrib\auth\apps.py first seen with mtime 1773145194.202163
File C:\mypython3\django\Lib\site-packages\django\contrib\messages\storage\base.py first seen with mtime 1773145195.216087
File C:\mypython3\django\Lib\site-packages\django\views\generic\dates.py first seen with mtime 1773145196.3303373
File C:\Users\user\AppData\Local\Programs\Python\Python312\Lib\email\utils.py first seen with mtime 1738656312.0
File C:\mypython3\django\Lib\site-packages\django\contrib\admin\helpers.py first seen with mtime 1773145193.4997232
File C:\mypython3\django\Lib\site-packages\django\core\files\base.py first seen with mtime 1773145196.0051029
File C:\mypython3\django\Lib\site-packages\django\contrib\admin\checks.py first seen with mtime 1773145193.4961762
File C:\mypython3\django\Lib\site-packages\django\db\models\fields\related_lookups.py first seen with mtime 1773145196.1449113
File C:\mypython3\django\Lib\site-packages\django\core\signing.py first seen with mtime 1773145195.9827394
File C:\Users\user\AppData\Local\Programs\Python\Python312\Lib\wsgiref\headers.py first seen with mtime 1738656314.0
File C:\mypython3\django\Lib\site-packages\django\core\management\commands\runserver.py first seen with mtime 1773145196.0401168
File C:\mypython3\django\Lib\site-packages\django\db\backends\base\creation.py first seen with mtime 1773145196.0605943
File C:\Users\user\AppData\Local\Programs\Python\Python312\DLLs\_lzma.pyd first seen with mtime 1738656366.0
File C:\mypython3\django\Lib\site-packages\django\db\models\functions\text.py first seen with mtime 1773145196.15149
File C:\Users\user\AppData\Local\Programs\Python\Python312\Lib\locale.py first seen with mtime 1738656312.0
File C:\mypython3\django\Lib\site-packages\django\template\exceptions.py first seen with mtime 1773145196.2509928
File C:\mypython3\django\Lib\site-packages\django\db\backends\sqlite3\creation.py first seen with mtime 1773145196.1094236
File C:\mypython3\django\Lib\site-packages\django\db\backends\base\schema.py first seen with mtime 1773145196.0646853
File C:\Users\user\AppData\Local\Programs\Python\Python312\Lib\zoneinfo\_tzpath.py first seen with mtime 1738656314.0
File C:\mypython3\django\Lib\site-packages\django\contrib\admin\templatetags\log.py first seen with mtime 1773145193.999184
File C:\mypython3\django\Lib\site-packages\django\utils\__init__.py first seen with mtime 1773145196.281257
File C:\mypython3\django\Lib\site-packages\sqlparse\engine\grouping.py first seen with mtime 1773145192.8464475
File C:\Users\user\AppData\Local\Programs\Python\Python312\Lib\_weakrefset.py first seen with mtime 1738656312.0
File C:\Users\user\AppData\Local\Programs\Python\Python312\Lib\email\header.py first seen with mtime 1738656312.0
File C:\Users\user\AppData\Local\Programs\Python\Python312\Lib\socketserver.py first seen with mtime 1738656312.0
File C:\Users\user\AppData\Local\Programs\Python\Python312\Lib\asyncio\mixins.py first seen with mtime 1738656312.0
File C:\Users\user\AppData\Local\Programs\Python\Python312\Lib\asyncio\queues.py first seen with mtime 1738656312.0
File C:\mypython3\django\Lib\site-packages\django\core\cache\__init__.py first seen with mtime 1773145195.9847455
File C:\mypython3\django\Lib\site-packages\django\core\handlers\base.py first seen with mtime 1773145196.0159414
File C:\Users\user\AppData\Local\Programs\Python\Python312\DLLs\_wmi.pyd first seen with mtime 1738656366.0
File C:\mypython3\django\Lib\site-packages\django\urls\converters.py first seen with mtime 1773145196.2778685
File C:\mypython3\django\Lib\site-packages\django\contrib\contenttypes\apps.py first seen with mtime 1773145194.4121568
File C:\mypython3\django\Lib\site-packages\django\utils\translation\trans_real.py first seen with mtime 1773145196.3164568
File C:\mypython3\django\Lib\site-packages\django\core\files\images.py first seen with mtime 1773145196.006105
File C:\Users\user\AppData\Local\Programs\Python\Python312\DLLs\_overlapped.pyd first seen with mtime 1738656366.0
File C:\Users\user\AppData\Local\Programs\Python\Python312\Lib\asyncio\windows_events.py first seen with mtime 1738656312.0
File C:\mypython3\django\Lib\site-packages\django\forms\forms.py first seen with mtime 1773145196.1629066
File C:\mypython3\django\Lib\site-packages\django\utils\functional.py first seen with mtime 1773145196.2984064
File C:\Users\user\AppData\Local\Programs\Python\Python312\Lib\socket.py first seen with mtime 1738656312.0
File C:\mypython3\django\Lib\site-packages\django\db\backends\base\operations.py first seen with mtime 1773145196.0636237
File C:\Users\user\AppData\Local\Programs\Python\Python312\Lib\struct.py first seen with mtime 1738656312.0
File C:\mypython3\django\Lib\site-packages\django\conf\__init__.py first seen with mtime 1773145193.0665152
File C:\mypython3\django\Lib\site-packages\django\db\backends\sqlite3\operations.py first seen with mtime 1773145196.110429
File C:\Users\user\AppData\Local\Programs\Python\Python312\Lib\asyncio\locks.py first seen with mtime 1738656312.0
File C:\mypython3\django\Lib\site-packages\django\contrib\admin\__init__.py first seen with mtime 1773145193.4930222
File C:\mypython3\django\Lib\site-packages\django\views\generic\list.py first seen with mtime 1773145196.3316674
File C:\mypython3\django\Lib\site-packages\sqlparse\filters\others.py first seen with mtime 1773145192.8499115
File C:\mypython3\django\Lib\site-packages\django\core\files\move.py first seen with mtime 1773145196.0071077
File C:\mypython3\django\Lib\site-packages\django\db\models\options.py first seen with mtime 1773145196.1347816
File C:\mypython3\django\Lib\site-packages\django\utils\dateparse.py first seen with mtime 1773145196.2914486
File C:\mypython3\django\Lib\site-packages\django\contrib\auth\management\__init__.py first seen with mtime 1773145194.3959832
File C:\Users\user\AppData\Local\Programs\Python\Python312\Lib\email\errors.py first seen with mtime 1738656312.0
File C:\mypython3\django\Scripts\hello_django\hello_django\settings.py first seen with mtime 1773151477.8670342
File C:\mypython3\django\Lib\site-packages\django\core\handlers\wsgi.py first seen with mtime 1773145196.0171359
File C:\Users\user\AppData\Local\Programs\Python\Python312\Lib\wsgiref\util.py first seen with mtime 1738656314.0
File C:\mypython3\django\Lib\site-packages\sqlparse\utils.py first seen with mtime 1773145192.8442674
File C:\Users\user\AppData\Local\Programs\Python\Python312\Lib\re\_constants.py first seen with mtime 1738656312.0
File C:\mypython3\django\Lib\site-packages\django\shortcuts.py first seen with mtime 1773145193.0633047
File C:\mypython3\django\Lib\site-packages\sqlparse\keywords.py first seen with mtime 1773145192.8408105
File C:\Users\user\AppData\Local\Programs\Python\Python312\Lib\asyncio\__init__.py first seen with mtime 1738656312.0
File C:\Users\user\AppData\Local\Programs\Python\Python312\Lib\concurrent\__init__.py first seen with mtime 1738656312.0
File C:\mypython3\django\Lib\site-packages\sqlparse\filters\reindent.py first seen with mtime 1773145192.8509643
File C:\Users\user\AppData\Local\Programs\Python\Python312\Lib\mimetypes.py first seen with mtime 1738656312.0
File C:\Users\user\AppData\Local\Programs\Python\Python312\Lib\pathlib.py first seen with mtime 1738656312.0
File C:\Users\user\AppData\Local\Programs\Python\Python312\Lib\bisect.py first seen with mtime 1738656312.0
File C:\mypython3\django\Lib\site-packages\django\contrib\contenttypes\__init__.py first seen with mtime 1773145194.411154
File C:\mypython3\django\Lib\site-packages\django\core\serializers\json.py first seen with mtime 1773145196.0503986
File C:\mypython3\django\Lib\site-packages\django\contrib\auth\templatetags\auth.py first seen with mtime 1773145194.4101508
File C:\mypython3\django\Lib\site-packages\django\contrib\messages\constants.py first seen with mtime 1773145195.2114909
File C:\mypython3\django\Lib\site-packages\sqlparse\filters\aligned_indent.py first seen with mtime 1773145192.848455
File C:\Users\user\AppData\Local\Programs\Python\Python312\Lib\wsgiref\simple_server.py first seen with mtime 1738656314.0
File C:\Users\user\AppData\Local\Programs\Python\Python312\Lib\email\mime\__init__.py first seen with mtime 1738656312.0
File C:\mypython3\django\Lib\site-packages\sqlparse\filters\__init__.py first seen with mtime 1773145192.848455
File C:\mypython3\django\Lib\site-packages\django\utils\http.py first seen with mtime 1773145196.3016546
File C:\mypython3\django\Lib\site-packages\django\forms\widgets.py first seen with mtime 1773145196.1669354
File C:\mypython3\django\Lib\site-packages\django\core\mail\message.py first seen with mtime 1773145196.0191846
File C:\mypython3\django\Lib\site-packages\django\core\handlers\__init__.py first seen with mtime 1773145196.0148456
File C:\mypython3\django\Lib\site-packages\django\contrib\auth\admin.py first seen with mtime 1773145194.2009065
File C:\mypython3\django\Lib\site-packages\django\core\files\uploadhandler.py first seen with mtime 1773145196.00958
File C:\mypython3\django\Lib\site-packages\django\db\models\lookups.py first seen with mtime 1773145196.133716
File C:\Users\user\AppData\Local\Programs\Python\Python312\Lib\urllib\request.py first seen with mtime 1738656314.0
File C:\Users\user\AppData\Local\Programs\Python\Python312\Lib\sqlite3\dbapi2.py first seen with mtime 1738656312.0
File C:\Users\user\AppData\Local\Programs\Python\Python312\Lib\tokenize.py first seen with mtime 1738656314.0
File C:\mypython3\django\Lib\site-packages\django\views\decorators\cache.py first seen with mtime 1773145196.3217947
File C:\mypython3\django\Lib\site-packages\django\db\migrations\state.py first seen with mtime 1773145196.121103
File C:\mypython3\django\Lib\site-packages\django\dispatch\__init__.py first seen with mtime 1773145196.1578827
File C:\Users\user\AppData\Local\Programs\Python\Python312\Lib\email\_encoded_words.py first seen with mtime 1738656312.0
File C:\mypython3\django\Scripts\hello_django\manage.py first seen with mtime 1773146754.8730004
File C:\mypython3\django\Lib\site-packages\django\urls\exceptions.py first seen with mtime 1773145196.2792509
File C:\mypython3\django\Lib\site-packages\django\views\generic\edit.py first seen with mtime 1773145196.3316674
File C:\Users\user\AppData\Local\Programs\Python\Python312\Lib\copyreg.py first seen with mtime 1738656312.0
File C:\mypython3\django\Lib\site-packages\django\core\cache\backends\__init__.py first seen with mtime 1773145195.9857483
File C:\mypython3\django\Lib\site-packages\django\core\files\uploadedfile.py first seen with mtime 1773145196.0081103
File C:\mypython3\django\Lib\site-packages\django\http\cookie.py first seen with mtime 1773145196.2290022
File C:\mypython3\django\Lib\site-packages\sqlparse\sql.py first seen with mtime 1773145192.8428211
File C:\mypython3\django\Lib\site-packages\django\contrib\admin\templatetags\__init__.py first seen with mtime 1773145193.9942608
File C:\mypython3\django\Lib\site-packages\django\contrib\messages\utils.py first seen with mtime 1773145195.2139518
File C:\mypython3\django\Lib\site-packages\django\utils\copy.py first seen with mtime 1773145196.2887466
File C:\Users\user\AppData\Local\Programs\Python\Python312\Lib\email\_parseaddr.py first seen with mtime 1738656312.0
File C:\mypython3\django\Lib\site-packages\django\templatetags\cache.py first seen with mtime 1773145196.2654092
File C:\Users\user\AppData\Local\Programs\Python\Python312\Lib\token.py first seen with mtime 1738656314.0
File C:\Users\user\AppData\Local\Programs\Python\Python312\Lib\pprint.py first seen with mtime 1738656312.0
File C:\Users\user\AppData\Local\Programs\Python\Python312\Lib\concurrent\futures\thread.py first seen with mtime 1738656312.0
File C:\mypython3\django\Lib\site-packages\django\http\response.py first seen with mtime 1773145196.2320373
File C:\Users\user\AppData\Local\Programs\Python\Python312\Lib\traceback.py first seen with mtime 1738656314.0
File C:\mypython3\django\Lib\site-packages\django\contrib\auth\hashers.py first seen with mtime 1773145194.207342
File C:\mypython3\django\Lib\site-packages\django\db\models\manager.py first seen with mtime 1773145196.133716
File C:\mypython3\django\Lib\site-packages\django\utils\lorem_ipsum.py first seen with mtime 1773145196.3050413
File C:\mypython3\django\Lib\site-packages\django\utils\html.py first seen with mtime 1773145196.3005579
File C:\Users\user\AppData\Local\Programs\Python\Python312\Lib\types.py first seen with mtime 1738656314.0
File C:\mypython3\django\Lib\site-packages\django\contrib\contenttypes\fields.py first seen with mtime 1773145194.4131591
File C:\mypython3\django\Lib\site-packages\django\contrib\sessions\middleware.py first seen with mtime 1773145195.562503
File C:\mypython3\django\Lib\site-packages\django\core\checks\security\base.py first seen with mtime 1773145196.0020945
File C:\mypython3\django\Lib\site-packages\django\views\i18n.py first seen with mtime 1773145196.3195925
File C:\mypython3\django\Lib\site-packages\django\utils\termcolors.py first seen with mtime 1773145196.308205
File C:\mypython3\django\Lib\site-packages\django\contrib\staticfiles\handlers.py first seen with mtime 1773145195.9689355
File C:\mypython3\django\Lib\site-packages\django\core\serializers\base.py first seen with mtime 1773145196.049322
File C:\mypython3\django\Lib\site-packages\django\contrib\messages\__init__.py first seen with mtime 1773145195.2094755
File C:\mypython3\django\Lib\site-packages\django\contrib\auth\tokens.py first seen with mtime 1773145194.2107623
File C:\Users\user\AppData\Local\Programs\Python\Python312\Lib\secrets.py first seen with mtime 1738656312.0
File C:\Users\user\AppData\Local\Programs\Python\Python312\Lib\hmac.py first seen with mtime 1738656312.0
File C:\Users\user\AppData\Local\Programs\Python\Python312\Lib\textwrap.py first seen with mtime 1738656314.0
File C:\mypython3\django\Lib\site-packages\django\db\models\fields\tuple_lookups.py first seen with mtime 1773145196.1460817
File C:\Users\user\AppData\Local\Programs\Python\Python312\Lib\asyncio\base_subprocess.py first seen with mtime 1738656312.0
File C:\mypython3\django\Lib\site-packages\django\contrib\staticfiles\utils.py first seen with mtime 1773145195.9714255
File C:\mypython3\django\Lib\site-packages\django\db\models\fields\generated.py first seen with mtime 1773145196.1398132
File C:\Users\user\AppData\Local\Programs\Python\Python312\Lib\reprlib.py first seen with mtime 1738656312.0
File C:\Users\user\AppData\Local\Programs\Python\Python312\DLLs\_asyncio.pyd first seen with mtime 1738656366.0
File C:\mypython3\django\Lib\site-packages\django\template\utils.py first seen with mtime 1773145196.2546358
File C:\mypython3\django\Lib\site-packages\django\contrib\auth\base_user.py first seen with mtime 1773145194.2031653
File C:\mypython3\django\Lib\site-packages\django\core\mail\utils.py first seen with mtime 1773145196.0191846
File C:\Users\user\AppData\Local\Programs\Python\Python312\Lib\re\_casefix.py first seen with mtime 1738656312.0
File C:\Users\user\AppData\Local\Programs\Python\Python312\Lib\http\cookies.py first seen with mtime 1738656312.0
File C:\mypython3\django\Lib\site-packages\django\contrib\admin\filters.py first seen with mtime 1773145193.498147
File C:\mypython3\django\Lib\site-packages\django\apps\registry.py first seen with mtime 1773145193.0654418
File C:\mypython3\django\Lib\site-packages\django\contrib\contenttypes\forms.py first seen with mtime 1773145194.414056
File C:\Users\user\AppData\Local\Programs\Python\Python312\Lib\asyncio\threads.py first seen with mtime 1738656312.0
File C:\Users\user\AppData\Local\Programs\Python\Python312\Lib\datetime.py first seen with mtime 1738656312.0
File C:\mypython3\django\Lib\site-packages\django\contrib\admin\templatetags\admin_modify.py first seen with mtime 1773145193.9964445
File C:\mypython3\django\Lib\site-packages\django\utils\deconstruct.py first seen with mtime 1773145196.2939546
File C:\Users\user\AppData\Local\Programs\Python\Python312\Lib\email\message.py first seen with mtime 1738656312.0
File C:\Users\user\AppData\Local\Programs\Python\Python312\Lib\functools.py first seen with mtime 1738656312.0
File C:\mypython3\django\Lib\site-packages\sqlparse\filters\right_margin.py first seen with mtime 1773145192.8509643
File C:\mypython3\django\Lib\site-packages\django\forms\renderers.py first seen with mtime 1773145196.1649306
File C:\mypython3\django\Lib\site-packages\django\db\models\fields\proxy.py first seen with mtime 1773145196.1428242
File C:\mypython3\django\Scripts\hello_django\hello_django\urls.py first seen with mtime 1773146754.8780456
File C:\mypython3\django\Lib\site-packages\django\core\management\base.py first seen with mtime 1773145196.0260246
File C:\mypython3\django\Lib\site-packages\django\template\defaulttags.py first seen with mtime 1773145196.2499743
File C:\mypython3\django\Lib\site-packages\django\core\checks\compatibility\__init__.py first seen with mtime 1773145196.0000894
File C:\mypython3\django\Lib\site-packages\django\core\checks\model_checks.py first seen with mtime 1773145195.996686
File C:\Users\user\AppData\Local\Programs\Python\Python312\Lib\asyncio\base_events.py first seen with mtime 1738656312.0
File C:\mypython3\django\Lib\site-packages\django\contrib\admin\templatetags\base.py first seen with mtime 1773145193.9981663
File C:\Users\user\AppData\Local\Programs\Python\Python312\Lib\typing.py first seen with mtime 1738656314.0
File C:\Users\user\AppData\Local\Programs\Python\Python312\Lib\pickle.py first seen with mtime 1738656312.0
File C:\mypython3\django\Lib\site-packages\django\contrib\admin\actions.py first seen with mtime 1773145193.4940405
File C:\mypython3\django\Lib\site-packages\django\contrib\auth\templatetags\__init__.py first seen with mtime 1773145194.4091442
File C:\Users\user\AppData\Local\Programs\Python\Python312\DLLs\_socket.pyd first seen with mtime 1738656366.0
File C:\mypython3\django\Lib\site-packages\django\core\files\storage\mixins.py first seen with mtime 1773145196.0138185
File C:\Users\user\AppData\Local\Programs\Python\Python312\Lib\bz2.py first seen with mtime 1738656312.0
File C:\Users\user\AppData\Local\Programs\Python\Python312\Lib\html\__init__.py first seen with mtime 1738656312.0
File C:\mypython3\django\Lib\site-packages\django\db\backends\base\base.py first seen with mtime 1773145196.0595918
File C:\mypython3\django\Lib\site-packages\django\db\backends\sqlite3\features.py first seen with mtime 1773145196.1094236
File C:\mypython3\django\Lib\site-packages\django\db\backends\sqlite3\base.py first seen with mtime 1773145196.1074038
File C:\mypython3\django\Lib\site-packages\django\contrib\auth\middleware.py first seen with mtime 1773145194.207342
File C:\Users\user\AppData\Local\Programs\Python\Python312\Lib\json\scanner.py first seen with mtime 1738656312.0
File C:\mypython3\django\Lib\site-packages\django\views\decorators\csrf.py first seen with mtime 1773145196.325538
File C:\mypython3\django\Lib\site-packages\django\db\migrations\operations\fields.py first seen with mtime 1773145196.125113
File C:\mypython3\django\Lib\site-packages\django\views\static.py first seen with mtime 1773145196.3207896
File C:\mypython3\django\Lib\site-packages\django\utils\numberformat.py first seen with mtime 1773145196.306123
File C:\Users\user\AppData\Local\Programs\Python\Python312\Lib\quopri.py first seen with mtime 1738656312.0
File C:\Users\user\AppData\Local\Programs\Python\Python312\Lib\encodings\__init__.py first seen with mtime 1738656312.0
File C:\mypython3\django\Lib\site-packages\django\contrib\auth\migrations\0002_alter_permission_name_max_length.py first seen with mtime 1773145194.3994298
File C:\mypython3\django\Lib\site-packages\django\contrib\contenttypes\migrations\__init__.py first seen with mtime 1773145194.6132505
File C:\mypython3\django\Lib\site-packages\django\contrib\auth\migrations\0001_initial.py first seen with mtime 1773145194.3994298
File C:\mypython3\django\Lib\site-packages\django\db\migrations\loader.py first seen with mtime 1773145196.117092
File C:\mypython3\django\Lib\site-packages\django\contrib\auth\migrations\0007_alter_validators_add_error_messages.py first seen with mtime 1773145194.402981
File C:\mypython3\django\Lib\site-packages\django\contrib\contenttypes\migrations\0001_initial.py first seen with mtime 1773145194.6132505
File C:\mypython3\django\Lib\site-packages\django\conf\urls\__init__.py first seen with mtime 1773145193.4895015
File C:\mypython3\django\Lib\site-packages\django\core\management\sql.py first seen with mtime 1773145196.0280325
File C:\mypython3\django\Lib\site-packages\django\contrib\auth\migrations\0008_alter_user_username_max_length.py first seen with mtime 1773145194.403992
File C:\mypython3\django\Lib\site-packages\django\core\management\commands\migrate.py first seen with mtime 1773145196.0391147
File C:\mypython3\django\Lib\site-packages\django\db\migrations\optimizer.py first seen with mtime 1773145196.1180944
File C:\mypython3\django\Lib\site-packages\django\db\migrations\graph.py first seen with mtime 1773145196.116089
File C:\mypython3\django\Lib\site-packages\django\core\management\utils.py first seen with mtime 1773145196.0292833
File C:\mypython3\django\Lib\site-packages\django\contrib\admin\migrations\0003_logentry_add_action_flag_choices.py first seen with mtime 1773145193.8665588
File C:\mypython3\django\Lib\site-packages\django\core\cache\backends\locmem.py first seen with mtime 1773145195.9901798
File C:\mypython3\django\Lib\site-packages\django\contrib\auth\migrations\0012_alter_user_first_name_max_length.py first seen with mtime 1773145194.406077
File C:\mypython3\django\Lib\site-packages\django\db\migrations\recorder.py first seen with mtime 1773145196.1201
File C:\mypython3\django\Lib\site-packages\django\db\migrations\executor.py first seen with mtime 1773145196.116089
File C:\mypython3\django\Lib\site-packages\django\db\migrations\questioner.py first seen with mtime 1773145196.119097
File C:\mypython3\django\Lib\site-packages\django\contrib\auth\migrations\0004_alter_user_username_opts.py first seen with mtime 1773145194.4016032
File C:\mypython3\django\Lib\site-packages\django\contrib\sessions\migrations\__init__.py first seen with mtime 1773145195.7615552
File C:\mypython3\django\Lib\site-packages\django\contrib\sessions\backends\db.py first seen with mtime 1773145195.56752
File C:\mypython3\django\Lib\site-packages\django\contrib\admin\migrations\0002_logentry_remove_auto_add.py first seen with mtime 1773145193.8655589
File C:\mypython3\django\Lib\site-packages\django\db\migrations\writer.py first seen with mtime 1773145196.1221051
File C:\mypython3\django\Lib\site-packages\django\views\csrf.py first seen with mtime 1773145196.31751
File C:\mypython3\django\Lib\site-packages\django\db\migrations\autodetector.py first seen with mtime 1773145196.1140866
File C:\Users\user\AppData\Local\Programs\Python\Python312\Lib\stringprep.py first seen with mtime 1738656312.0
File C:\mypython3\django\Lib\site-packages\django\contrib\auth\migrations\__init__.py first seen with mtime 1773145194.406077
File C:\mypython3\django\Lib\site-packages\django\contrib\sessions\exceptions.py first seen with mtime 1773145195.561499
File C:\mypython3\django\Lib\site-packages\django\contrib\sessions\migrations\0001_initial.py first seen with mtime 1773145195.7615552
File C:\mypython3\django\Lib\site-packages\django\views\defaults.py first seen with mtime 1773145196.3195925
File C:\Users\user\AppData\Local\Programs\Python\Python312\Lib\encodings\idna.py first seen with mtime 1738656312.0
File C:\mypython3\django\Lib\site-packages\django\contrib\sessions\backends\base.py first seen with mtime 1773145195.5655143
File C:\mypython3\django\Lib\site-packages\django\middleware\common.py first seen with mtime 1773145196.2340477
File C:\mypython3\django\Lib\site-packages\django\contrib\messages\middleware.py first seen with mtime 1773145195.212948
File C:\mypython3\django\Lib\site-packages\django\contrib\auth\migrations\0009_alter_user_last_name_max_length.py first seen with mtime 1773145194.403992
File C:\mypython3\django\Lib\site-packages\django\contrib\auth\migrations\0005_alter_user_last_login_null.py first seen with mtime 1773145194.4016032
File C:\mypython3\django\Lib\site-packages\django\db\migrations\serializer.py first seen with mtime 1773145196.1201
File C:\mypython3\django\Scripts\hello_django\hello_django\wsgi.py first seen with mtime 1773146754.8780456
File C:\mypython3\django\Lib\site-packages\django\middleware\clickjacking.py first seen with mtime 1773145196.2330432
File C:\mypython3\django\Lib\site-packages\django\contrib\auth\migrations\0003_alter_user_email_max_length.py first seen with mtime 1773145194.4016032
File C:\mypython3\django\Lib\site-packages\django\contrib\contenttypes\migrations\0002_remove_content_type_name.py first seen with mtime 1773145194.6132505
File C:\mypython3\django\Lib\site-packages\django\contrib\admin\migrations\0001_initial.py first seen with mtime 1773145193.8655589
File C:\mypython3\django\Lib\site-packages\django\core\management\commands\makemigrations.py first seen with mtime 1773145196.0381
File C:\mypython3\django\Lib\site-packages\django\contrib\auth\migrations\0011_update_proxy_permissions.py first seen with mtime 1773145194.406077
File C:\mypython3\django\Lib\site-packages\django\contrib\admin\migrations\__init__.py first seen with mtime 1773145193.8665588
File C:\mypython3\django\Lib\site-packages\django\contrib\auth\migrations\0010_alter_group_name_max_length.py first seen with mtime 1773145194.4049964
File C:\mypython3\django\Lib\site-packages\django\contrib\auth\migrations\0006_require_contenttypes_0002.py first seen with mtime 1773145194.402981
"GET / HTTP/1.1" 200 12068
Exception while resolving variable 'name' in template 'unknown'.
Traceback (most recent call last):
  File "C:\mypython3\django\Lib\site-packages\django\core\handlers\exception.py", line 55, in inner
    response = get_response(request)
               ^^^^^^^^^^^^^^^^^^^^^
  File "C:\mypython3\django\Lib\site-packages\django\core\handlers\base.py", line 182, in _get_response
    callback, callback_args, callback_kwargs = self.resolve_request(request)
                                               ^^^^^^^^^^^^^^^^^^^^^^^^^^^^^
  File "C:\mypython3\django\Lib\site-packages\django\core\handlers\base.py", line 314, in resolve_request
    resolver_match = resolver.resolve(request.path_info)
                     ^^^^^^^^^^^^^^^^^^^^^^^^^^^^^^^^^^^
  File "C:\mypython3\django\Lib\site-packages\django\urls\resolvers.py", line 716, in resolve
    raise Resolver404({"tried": tried, "path": new_path})
django.urls.exceptions.Resolver404: {'tried': [[<URLResolver <URLPattern list> (admin:admin) 'admin/'>]], 'path': 'favicon.ico'}

During handling of the above exception, another exception occurred:

Traceback (most recent call last):
  File "C:\mypython3\django\Lib\site-packages\django\template\base.py", line 964, in _resolve_lookup
    raise TypeError
TypeError

During handling of the above exception, another exception occurred:

Traceback (most recent call last):
  File "C:\mypython3\django\Lib\site-packages\django\template\base.py", line 976, in _resolve_lookup
    current = getattr(current, bit)
              ^^^^^^^^^^^^^^^^^^^^^
AttributeError: 'URLResolver' object has no attribute 'name'

During handling of the above exception, another exception occurred:

Traceback (most recent call last):
  File "C:\mypython3\django\Lib\site-packages\django\template\base.py", line 982, in _resolve_lookup
    current = current[int(bit)]
                      ^^^^^^^^
ValueError: invalid literal for int() with base 10: 'name'

During handling of the above exception, another exception occurred:

Traceback (most recent call last):
  File "C:\mypython3\django\Lib\site-packages\django\template\base.py", line 989, in _resolve_lookup
    raise VariableDoesNotExist(
django.template.base.VariableDoesNotExist: Failed lookup for key [name] in <URLResolver <URLPattern list> (admin:admin) 'admin/'>
Not Found: /favicon.ico
"GET /favicon.ico HTTP/1.1" 404 2214
File C:\Users\user\AppData\Local\Programs\Python\Python312\Lib\encodings\unicode_escape.py first seen with mtime 1738656312.0
File C:\mypython3\django\Lib\site-packages\django\contrib\sessions\serializers.py first seen with mtime 1773145195.5635092
File C:\mypython3\django\Lib\site-packages\django\contrib\messages\storage\session.py first seen with mtime 1773145195.2171793
File C:\mypython3\django\Lib\site-packages\django\contrib\messages\storage\cookie.py first seen with mtime 1773145195.216087
File C:\mypython3\django\Lib\site-packages\django\contrib\messages\storage\fallback.py first seen with mtime 1773145195.2171793
Watching for file changes with StatReloader
Waiting for apps ready_event.
Apps ready_event triggered. Sending autoreload_started signal.
Watching dir C:\mypython3\django\Scripts\hello_django\locale with glob **/*.mo.
Watching dir C:\mypython3\django\Scripts\hello_django\myhello\locale with glob **/*.mo.
(0.000) 
            SELECT name, type FROM sqlite_master
            WHERE type in ('table', 'view') AND NOT name='sqlite_sequence'
            ORDER BY name; args=None; alias=default
File C:\Users\user\AppData\Local\Programs\Python\Python312\Lib\email\mime\__init__.py first seen with mtime 1738656312.0
File C:\Users\user\AppData\Local\Programs\Python\Python312\Lib\http\__init__.py first seen with mtime 1738656312.0
File C:\mypython3\django\Lib\site-packages\django\core\checks\security\csrf.py first seen with mtime 1773145196.003097
File C:\Users\user\AppData\Local\Programs\Python\Python312\Lib\dataclasses.py first seen with mtime 1738656312.0
File C:\mypython3\django\Lib\site-packages\django\contrib\staticfiles\views.py first seen with mtime 1773145195.972909
File C:\mypython3\django\Lib\site-packages\django\db\models\fields\related.py first seen with mtime 1773145196.143908
File C:\Users\user\AppData\Local\Programs\Python\Python312\Lib\email\utils.py first seen with mtime 1738656312.0
File C:\mypython3\django\Lib\site-packages\asgiref\local.py first seen with mtime 1773145192.9444926
File C:\mypython3\django\Lib\site-packages\django\core\paginator.py first seen with mtime 1773145195.9806347
File C:\mypython3\django\Lib\site-packages\django\db\backends\sqlite3\creation.py first seen with mtime 1773145196.1094236
File C:\mypython3\django\Lib\site-packages\django\contrib\sessions\__init__.py first seen with mtime 1773145195.5604944
File C:\mypython3\django\Lib\site-packages\django\utils\cache.py first seen with mtime 1773145196.2874978
File C:\mypython3\django\Lib\site-packages\django\contrib\sessions\apps.py first seen with mtime 1773145195.5604944
File C:\mypython3\django\Lib\site-packages\django\views\generic\base.py first seen with mtime 1773145196.3288577
File C:\Users\user\AppData\Local\Programs\Python\Python312\Lib\json\encoder.py first seen with mtime 1738656312.0
File C:\Users\user\AppData\Local\Programs\Python\Python312\Lib\urllib\error.py first seen with mtime 1738656314.0
File C:\mypython3\django\Lib\site-packages\django\template\__init__.py first seen with mtime 1773145196.245047
File C:\mypython3\django\Lib\site-packages\django\db\backends\ddl_references.py first seen with mtime 1773145196.057587
File C:\Users\user\AppData\Local\Programs\Python\Python312\DLLs\_ctypes.pyd first seen with mtime 1738656366.0
File C:\Users\user\AppData\Local\Programs\Python\Python312\Lib\copyreg.py first seen with mtime 1738656312.0
File C:\mypython3\django\Lib\site-packages\django\contrib\admin\templatetags\admin_list.py first seen with mtime 1773145193.9954436
File C:\mypython3\django\Lib\site-packages\django\core\management\commands\__init__.py first seen with mtime 1773145196.0303128
File C:\mypython3\django\Lib\site-packages\django\core\handlers\asgi.py first seen with mtime 1773145196.0159414
File C:\mypython3\django\Lib\site-packages\django\utils\ipv6.py first seen with mtime 1773145196.3027143
File C:\mypython3\django\Lib\site-packages\django\contrib\staticfiles\utils.py first seen with mtime 1773145195.9714255
File C:\mypython3\django\Lib\site-packages\django\db\backends\base\creation.py first seen with mtime 1773145196.0605943
File C:\mypython3\django\Lib\site-packages\django\contrib\auth\apps.py first seen with mtime 1773145194.202163
File C:\mypython3\django\Lib\site-packages\django\template\smartif.py first seen with mtime 1773145196.2546358
File C:\mypython3\django\Lib\site-packages\django\urls\converters.py first seen with mtime 1773145196.2778685
File C:\mypython3\django\Lib\site-packages\sqlparse\engine\statement_splitter.py first seen with mtime 1773145192.8474536
File C:\mypython3\django\Lib\site-packages\django\core\cache\backends\base.py first seen with mtime 1773145195.9867523
File C:\Users\user\AppData\Local\Programs\Python\Python312\Lib\subprocess.py first seen with mtime 1738656312.0
File C:\Users\user\AppData\Local\Programs\Python\Python312\Lib\asyncio\exceptions.py first seen with mtime 1738656312.0
File C:\mypython3\django\Lib\site-packages\django\db\backends\base\schema.py first seen with mtime 1773145196.0646853
File C:\Users\user\AppData\Local\Programs\Python\Python312\Lib\concurrent\futures\__init__.py first seen with mtime 1738656312.0
File C:\mypython3\django\Lib\site-packages\django\contrib\admin\widgets.py first seen with mtime 1773145193.5056791
File C:\mypython3\django\Lib\site-packages\django\contrib\auth\models.py first seen with mtime 1773145194.209344
File C:\mypython3\django\Lib\site-packages\django\apps\__init__.py first seen with mtime 1773145193.0633047
File C:\mypython3\django\Lib\site-packages\django\dispatch\dispatcher.py first seen with mtime 1773145196.1588857
File C:\mypython3\django\Scripts\hello_django\hello_django\settings.py first seen with mtime 1773209223.785567
File C:\Users\user\AppData\Local\Programs\Python\Python312\Lib\asyncio\base_subprocess.py first seen with mtime 1738656312.0
File C:\Users\user\AppData\Local\Programs\Python\Python312\Lib\signal.py first seen with mtime 1738656312.0
File C:\Users\user\AppData\Local\Programs\Python\Python312\Lib\sqlite3\dbapi2.py first seen with mtime 1738656312.0
File C:\Users\user\AppData\Local\Programs\Python\Python312\Lib\zoneinfo\_common.py first seen with mtime 1738656314.0
File C:\mypython3\django\Lib\site-packages\django\contrib\auth\views.py first seen with mtime 1773145194.212838
File C:\Users\user\AppData\Local\Programs\Python\Python312\Lib\tokenize.py first seen with mtime 1738656314.0
File C:\mypython3\django\Lib\site-packages\django\db\models\functions\window.py first seen with mtime 1773145196.15149
File C:\mypython3\django\Lib\site-packages\django\db\migrations\operations\models.py first seen with mtime 1773145196.125113
File C:\mypython3\django\Lib\site-packages\django\db\models\fields\proxy.py first seen with mtime 1773145196.1428242
File C:\mypython3\django\Lib\site-packages\django\db\models\sql\datastructures.py first seen with mtime 1773145196.1544979
File C:\mypython3\django\Lib\site-packages\django\core\files\temp.py first seen with mtime 1773145196.0071077
File C:\Users\user\AppData\Local\Programs\Python\Python312\Lib\multiprocessing\context.py first seen with mtime 1738656312.0
File C:\mypython3\django\Lib\site-packages\django\utils\autoreload.py first seen with mtime 1773145196.2862146
File C:\mypython3\django\Scripts\hello_django\manage.py first seen with mtime 1773146754.8730004
File C:\Users\user\AppData\Local\Programs\Python\Python312\Lib\email\_policybase.py first seen with mtime 1738656312.0
File C:\mypython3\django\Lib\site-packages\django\template\backends\__init__.py first seen with mtime 1773145196.2559953
File C:\mypython3\django\Lib\site-packages\django\utils\http.py first seen with mtime 1773145196.3016546
File C:\mypython3\django\Lib\site-packages\django\db\models\signals.py first seen with mtime 1773145196.1367948
File C:\mypython3\django\Lib\site-packages\django\contrib\auth\base_user.py first seen with mtime 1773145194.2031653
File C:\mypython3\django\Lib\site-packages\sqlparse\filters\__init__.py first seen with mtime 1773145192.848455
File C:\mypython3\django\Lib\site-packages\django\contrib\admin\templatetags\admin_modify.py first seen with mtime 1773145193.9964445
File C:\mypython3\django\Lib\site-packages\django\utils\crypto.py first seen with mtime 1773145196.289754
File C:\mypython3\django\Lib\site-packages\sqlparse\utils.py first seen with mtime 1773145192.8442674
File C:\mypython3\django\Lib\site-packages\django\core\cache\utils.py first seen with mtime 1773145195.9857483
File C:\mypython3\django\Lib\site-packages\django\db\migrations\__init__.py first seen with mtime 1773145196.1140866
File C:\mypython3\django\Lib\site-packages\django\utils\hashable.py first seen with mtime 1773145196.2994263
File C:\mypython3\django\Lib\site-packages\django\db\migrations\operations\base.py first seen with mtime 1773145196.1241107
File C:\Users\user\AppData\Local\Programs\Python\Python312\Lib\email\feedparser.py first seen with mtime 1738656312.0
File C:\mypython3\django\Lib\site-packages\django\core\cache\backends\filebased.py first seen with mtime 1773145195.9891803
File C:\mypython3\django\Lib\site-packages\django\db\models\fields\composite.py first seen with mtime 1773145196.1388083
File C:\mypython3\django\Lib\site-packages\django\urls\__init__.py first seen with mtime 1773145196.2758312
File C:\Users\user\AppData\Local\Programs\Python\Python312\Lib\ast.py first seen with mtime 1738656312.0
File C:\mypython3\django\Lib\site-packages\django\db\backends\base\validation.py first seen with mtime 1773145196.0737398
File C:\mypython3\django\Lib\site-packages\django\db\models\constraints.py first seen with mtime 1773145196.130504
File C:\Users\user\AppData\Local\Programs\Python\Python312\Lib\email\iterators.py first seen with mtime 1738656312.0
File C:\mypython3\django\Lib\site-packages\django\urls\base.py first seen with mtime 1773145196.2768354
File C:\mypython3\django\Lib\site-packages\django\core\__init__.py first seen with mtime 1773145195.978595
File C:\mypython3\django\Lib\site-packages\django\template\response.py first seen with mtime 1773145196.2546358
File C:\mypython3\django\Lib\site-packages\django\template\utils.py first seen with mtime 1773145196.2546358
File C:\Users\user\AppData\Local\Programs\Python\Python312\Lib\sysconfig.py first seen with mtime 1738656312.0
File C:\Users\user\AppData\Local\Programs\Python\Python312\DLLs\_zoneinfo.pyd first seen with mtime 1738656366.0
File C:\Users\user\AppData\Local\Programs\Python\Python312\Lib\importlib\_abc.py first seen with mtime 1738656312.0
File C:\mypython3\django\Lib\site-packages\django\templatetags\tz.py first seen with mtime 1773145196.2678335
File C:\mypython3\django\Lib\site-packages\sqlparse\filters\tokens.py first seen with mtime 1773145192.8523216
File C:\Users\user\AppData\Local\Programs\Python\Python312\Lib\calendar.py first seen with mtime 1738656312.0
File C:\Users\user\AppData\Local\Programs\Python\Python312\Lib\asyncio\subprocess.py first seen with mtime 1738656312.0
File C:\mypython3\django\Lib\site-packages\django\contrib\__init__.py first seen with mtime 1773145193.4910147
File C:\mypython3\django\Lib\site-packages\django\core\files\storage\__init__.py first seen with mtime 1773145196.0107872
File C:\Users\user\AppData\Local\Programs\Python\Python312\Lib\quopri.py first seen with mtime 1738656312.0
File C:\mypython3\django\Lib\site-packages\django\conf\global_settings.py first seen with mtime 1773145193.0678706
File C:\Users\user\AppData\Local\Programs\Python\Python312\Lib\functools.py first seen with mtime 1738656312.0
File C:\Users\user\AppData\Local\Programs\Python\Python312\Lib\asyncio\streams.py first seen with mtime 1738656312.0
File C:\Users\user\AppData\Local\Programs\Python\Python312\Lib\re\_constants.py first seen with mtime 1738656312.0
File C:\Users\user\AppData\Local\Programs\Python\Python312\Lib\difflib.py first seen with mtime 1738656312.0
File C:\mypython3\django\Lib\site-packages\django\contrib\admin\utils.py first seen with mtime 1773145193.5046785
File C:\mypython3\django\Lib\site-packages\django\core\files\images.py first seen with mtime 1773145196.006105
File C:\Users\user\AppData\Local\Programs\Python\Python312\Lib\weakref.py first seen with mtime 1738656314.0
File C:\mypython3\django\Lib\site-packages\django\utils\module_loading.py first seen with mtime 1773145196.3050413
File C:\mypython3\django\Lib\site-packages\django\utils\copy.py first seen with mtime 1773145196.2887466
File C:\Users\user\AppData\Local\Programs\Python\Python312\Lib\asyncio\futures.py first seen with mtime 1738656312.0
File C:\mypython3\django\Lib\site-packages\django\core\files\utils.py first seen with mtime 1773145196.00958
File C:\mypython3\django\Lib\site-packages\sqlparse\exceptions.py first seen with mtime 1773145192.8387983
File C:\mypython3\django\Lib\site-packages\django\db\models\functions\text.py first seen with mtime 1773145196.15149
File C:\mypython3\django\Lib\site-packages\django\contrib\staticfiles\checks.py first seen with mtime 1773145195.9679174
File C:\mypython3\django\Lib\site-packages\django\db\models\sql\__init__.py first seen with mtime 1773145196.152493
File C:\Users\user\AppData\Local\Programs\Python\Python312\Lib\inspect.py first seen with mtime 1738656312.0
File C:\Users\user\AppData\Local\Programs\Python\Python312\Lib\_compat_pickle.py first seen with mtime 1738656312.0
File C:\mypython3\django\Lib\site-packages\django\http\multipartparser.py first seen with mtime 1773145196.2300172
File C:\mypython3\django\Lib\site-packages\django\template\loaders\__init__.py first seen with mtime 1773145196.2604578
File C:\mypython3\django\Lib\site-packages\sqlparse\filters\others.py first seen with mtime 1773145192.8499115
File C:\mypython3\django\Lib\site-packages\django\core\checks\urls.py first seen with mtime 1773145196.0000894
File C:\Users\user\AppData\Local\Programs\Python\Python312\Lib\http\server.py first seen with mtime 1738656312.0
File C:\Users\user\AppData\Local\Programs\Python\Python312\Lib\mimetypes.py first seen with mtime 1738656312.0
File C:\mypython3\django\Lib\site-packages\django\core\signals.py first seen with mtime 1773145195.9817367
File C:\mypython3\django\Lib\site-packages\django\core\management\__init__.py first seen with mtime 1773145196.0260246
File C:\Users\user\AppData\Local\Programs\Python\Python312\Lib\urllib\request.py first seen with mtime 1738656314.0
File C:\mypython3\django\Lib\site-packages\sqlparse\lexer.py first seen with mtime 1773145192.8408105
File C:\Users\user\AppData\Local\Programs\Python\Python312\Lib\email\charset.py first seen with mtime 1738656312.0
File C:\Users\user\AppData\Local\Programs\Python\Python312\Lib\asyncio\queues.py first seen with mtime 1738656312.0
File C:\mypython3\django\Lib\site-packages\django\db\models\functions\__init__.py first seen with mtime 1773145196.1471357
File C:\mypython3\django\Lib\site-packages\django\forms\formsets.py first seen with mtime 1773145196.1629066
File C:\mypython3\django\Lib\site-packages\django\core\checks\templates.py first seen with mtime 1773145195.9976888
File C:\mypython3\django\Lib\site-packages\django\contrib\messages\storage\base.py first seen with mtime 1773145195.216087
File C:\mypython3\django\Lib\site-packages\django\db\backends\__init__.py first seen with mtime 1773145196.056584
File C:\mypython3\django\Lib\site-packages\django\core\mail\message.py first seen with mtime 1773145196.0191846
File C:\mypython3\django\Lib\site-packages\django\views\generic\__init__.py first seen with mtime 1773145196.3288577
File C:\mypython3\django\Lib\site-packages\django\contrib\admin\templatetags\__init__.py first seen with mtime 1773145193.9942608
File C:\mypython3\django\Lib\site-packages\sqlparse\keywords.py first seen with mtime 1773145192.8408105
File C:\mypython3\django\Lib\site-packages\django\utils\numberformat.py first seen with mtime 1773145196.306123
File C:\mypython3\django\Lib\site-packages\sqlparse\filters\output.py first seen with mtime 1773145192.8499115
File C:\mypython3\django\Lib\site-packages\django\db\models\fields\tuple_lookups.py first seen with mtime 1773145196.1460817
File C:\mypython3\django\Lib\site-packages\django\middleware\security.py first seen with mtime 1773145196.2384107
File C:\mypython3\django\Lib\site-packages\django\core\checks\compatibility\__init__.py first seen with mtime 1773145196.0000894
File C:\mypython3\django\Lib\site-packages\django\db\backends\sqlite3\client.py first seen with mtime 1773145196.1084104
File C:\mypython3\django\Lib\site-packages\django\db\utils.py first seen with mtime 1773145196.0555813
File C:\mypython3\django\Scripts\hello_django\myhello\admin.py first seen with mtime 1773209089.9926696
File C:\mypython3\django\Lib\site-packages\django\db\backends\base\base.py first seen with mtime 1773145196.0595918
File C:\mypython3\django\Lib\site-packages\django\utils\datastructures.py first seen with mtime 1773145196.2914486
File C:\mypython3\django\Lib\site-packages\django\views\decorators\cache.py first seen with mtime 1773145196.3217947
File C:\Users\user\AppData\Local\Programs\Python\Python312\DLLs\_queue.pyd first seen with mtime 1738656366.0
File C:\mypython3\django\Lib\site-packages\django\core\handlers\base.py first seen with mtime 1773145196.0159414
File C:\mypython3\django\Lib\site-packages\django\db\models\deletion.py first seen with mtime 1773145196.130504
File C:\Users\user\AppData\Local\Programs\Python\Python312\DLLs\_hashlib.pyd first seen with mtime 1738656366.0
File C:\mypython3\django\Lib\site-packages\django\db\backends\signals.py first seen with mtime 1773145196.057587
File C:\Users\user\AppData\Local\Programs\Python\Python312\Lib\pathlib.py first seen with mtime 1738656312.0
File C:\mypython3\django\Lib\site-packages\django\views\decorators\csrf.py first seen with mtime 1773145196.325538
File C:\Users\user\AppData\Local\Programs\Python\Python312\DLLs\_ssl.pyd first seen with mtime 1738656366.0
File C:\mypython3\django\Lib\site-packages\django\db\models\functions\mixins.py first seen with mtime 1773145196.1504881
File C:\mypython3\django\Lib\site-packages\django\__init__.py first seen with mtime 1773145193.0611882
File C:\mypython3\django\Lib\site-packages\django\template\loader.py first seen with mtime 1773145196.252318
File C:\mypython3\django\Lib\site-packages\django\db\backends\sqlite3\base.py first seen with mtime 1773145196.1074038
File C:\Users\user\AppData\Local\Programs\Python\Python312\Lib\concurrent\futures\_base.py first seen with mtime 1738656312.0
File C:\mypython3\django\Lib\site-packages\django\db\models\options.py first seen with mtime 1773145196.1347816
File C:\Users\user\AppData\Local\Programs\Python\Python312\Lib\platform.py first seen with mtime 1738656312.0
File C:\Users\user\AppData\Local\Programs\Python\Python312\Lib\collections\abc.py first seen with mtime 1738656312.0
File C:\mypython3\django\Lib\site-packages\django\core\files\base.py first seen with mtime 1773145196.0051029
File C:\Users\user\AppData\Local\Programs\Python\Python312\Lib\socket.py first seen with mtime 1738656312.0
File C:\mypython3\django\Lib\site-packages\django\utils\connection.py first seen with mtime 1773145196.2887466
File C:\mypython3\django\Lib\site-packages\django\views\decorators\debug.py first seen with mtime 1773145196.325538
File C:\mypython3\django\Lib\site-packages\django\core\checks\messages.py first seen with mtime 1773145195.996686
File C:\mypython3\django\Lib\site-packages\django\template\context.py first seen with mtime 1773145196.247962
File C:\Users\user\AppData\Local\Programs\Python\Python312\Lib\json\scanner.py first seen with mtime 1738656312.0
File C:\Users\user\AppData\Local\Programs\Python\Python312\Lib\operator.py first seen with mtime 1738656312.0
File C:\mypython3\django\Lib\site-packages\django\contrib\messages\__init__.py first seen with mtime 1773145195.2094755
File C:\mypython3\django\Lib\site-packages\django\utils\log.py first seen with mtime 1773145196.3038268
File C:\Users\user\AppData\Local\Programs\Python\Python312\Lib\email\headerregistry.py first seen with mtime 1738656312.0
File C:\Users\user\AppData\Local\Programs\Python\Python312\Lib\asyncio\mixins.py first seen with mtime 1738656312.0
File C:\mypython3\django\Lib\site-packages\django\db\models\enums.py first seen with mtime 1773145196.1317077
File C:\mypython3\django\Lib\site-packages\django\templatetags\static.py first seen with mtime 1773145196.2664125
File C:\mypython3\django\Lib\site-packages\asgiref\__init__.py first seen with mtime 1773145192.9425004
File C:\mypython3\django\Lib\site-packages\django\utils\_os.py first seen with mtime 1773145196.2823725
File C:\mypython3\django\Scripts\hello_django\myhello\__init__.py first seen with mtime 1773209089.9994023
File C:\mypython3\django\Lib\site-packages\django\db\models\functions\json.py first seen with mtime 1773145196.14814
File C:\Users\user\AppData\Local\Programs\Python\Python312\Lib\ctypes\_endian.py first seen with mtime 1738656312.0
File C:\mypython3\django\Lib\site-packages\django\core\management\base.py first seen with mtime 1773145196.0260246
File C:\mypython3\django\Lib\site-packages\django\template\backends\django.py first seen with mtime 1773145196.256998
File C:\mypython3\django\Lib\site-packages\django\utils\termcolors.py first seen with mtime 1773145196.308205
File C:\Users\user\AppData\Local\Programs\Python\Python312\Lib\gzip.py first seen with mtime 1738656312.0
File C:\mypython3\django\Lib\site-packages\django\forms\utils.py first seen with mtime 1773145196.165933
File C:\mypython3\django\Lib\site-packages\django\contrib\admin\templatetags\log.py first seen with mtime 1773145193.999184
File C:\Users\user\AppData\Local\Programs\Python\Python312\Lib\asyncio\threads.py first seen with mtime 1738656312.0
File C:\mypython3\django\Lib\site-packages\django\views\decorators\common.py first seen with mtime 1773145196.3230605
File C:\Users\user\AppData\Local\Programs\Python\Python312\Lib\collections\__init__.py first seen with mtime 1738656312.0
File C:\Users\user\AppData\Local\Programs\Python\Python312\Lib\queue.py first seen with mtime 1738656312.0
File C:\Users\user\AppData\Local\Programs\Python\Python312\Lib\email\mime\base.py first seen with mtime 1738656312.0
File C:\Users\user\AppData\Local\Programs\Python\Python312\Lib\argparse.py first seen with mtime 1738656312.0
File C:\mypython3\django\Lib\site-packages\django\utils\decorators.py first seen with mtime 1773145196.2951896
File C:\mypython3\django\Lib\site-packages\django\forms\widgets.py first seen with mtime 1773145196.1669354
File C:\Users\user\AppData\Local\Programs\Python\Python312\Lib\multiprocessing\process.py first seen with mtime 1738656312.0
File C:\mypython3\django\Lib\site-packages\django\template\exceptions.py first seen with mtime 1773145196.2509928
File C:\mypython3\django\Lib\site-packages\django\contrib\contenttypes\checks.py first seen with mtime 1773145194.4121568
File C:\Users\user\AppData\Local\Programs\Python\Python312\Lib\email\_parseaddr.py first seen with mtime 1738656312.0
File C:\mypython3\django\Lib\site-packages\django\contrib\auth\templatetags\__init__.py first seen with mtime 1773145194.4091442
File C:\mypython3\django\Lib\site-packages\django\core\checks\security\sessions.py first seen with mtime 1773145196.0041006
File C:\Users\user\AppData\Local\Programs\Python\Python312\Lib\encodings\cp950.py first seen with mtime 1738656312.0
File C:\mypython3\django\Lib\site-packages\django\utils\html.py first seen with mtime 1773145196.3005579
File C:\mypython3\django\Lib\site-packages\django\middleware\__init__.py first seen with mtime 1773145196.2320373
File C:\mypython3\django\Lib\site-packages\django\core\checks\registry.py first seen with mtime 1773145195.9976888
File C:\Users\user\AppData\Local\Programs\Python\Python312\Lib\dis.py first seen with mtime 1738656312.0
File C:\Users\user\AppData\Local\Programs\Python\Python312\Lib\importlib\__init__.py first seen with mtime 1738656312.0
File C:\mypython3\django\Lib\site-packages\django\conf\locale\__init__.py first seen with mtime 1773145193.0745852
File C:\mypython3\django\Lib\site-packages\django\contrib\admin\actions.py first seen with mtime 1773145193.4940405
File C:\Users\user\AppData\Local\Programs\Python\Python312\Lib\fnmatch.py first seen with mtime 1738656312.0
File C:\mypython3\django\Lib\site-packages\django\db\models\functions\comparison.py first seen with mtime 1773145196.14814
File C:\Users\user\AppData\Local\Programs\Python\Python312\Lib\_markupbase.py first seen with mtime 1738656312.0
File C:\Users\user\AppData\Local\Programs\Python\Python312\Lib\_weakrefset.py first seen with mtime 1738656312.0
File C:\Users\user\AppData\Local\Programs\Python\Python312\Lib\bz2.py first seen with mtime 1738656312.0
File C:\mypython3\django\Lib\site-packages\django\utils\translation\reloader.py first seen with mtime 1773145196.3137293
File C:\Users\user\AppData\Local\Programs\Python\Python312\Lib\http\cookies.py first seen with mtime 1738656312.0
File C:\mypython3\django\Lib\site-packages\django\contrib\admin\views\autocomplete.py first seen with mtime 1773145194.000275
File C:\Users\user\AppData\Local\Programs\Python\Python312\Lib\asyncio\base_futures.py first seen with mtime 1738656312.0
File C:\mypython3\django\Lib\site-packages\django\template\library.py first seen with mtime 1773145196.252318
File C:\Users\user\AppData\Local\Programs\Python\Python312\Lib\opcode.py first seen with mtime 1738656312.0
File C:\Users\user\AppData\Local\Programs\Python\Python312\Lib\random.py first seen with mtime 1738656312.0
File C:\mypython3\django\Lib\site-packages\django\core\files\storage\memory.py first seen with mtime 1773145196.0128129
File C:\mypython3\django\Lib\site-packages\django\contrib\messages\storage\__init__.py first seen with mtime 1773145195.2149706
File C:\mypython3\django\Lib\site-packages\django\utils\text.py first seen with mtime 1773145196.308205
File C:\mypython3\django\Lib\site-packages\asgiref\current_thread_executor.py first seen with mtime 1773145192.9433763
File C:\mypython3\django\Lib\site-packages\django\db\backends\base\operations.py first seen with mtime 1773145196.0636237
File C:\Users\user\AppData\Local\Programs\Python\Python312\DLLs\_lzma.pyd first seen with mtime 1738656366.0
File C:\Users\user\AppData\Local\Programs\Python\Python312\Lib\base64.py first seen with mtime 1738656312.0
File C:\mypython3\django\Lib\site-packages\django\views\generic\edit.py first seen with mtime 1773145196.3316674
File C:\mypython3\django\Lib\site-packages\django\utils\formats.py first seen with mtime 1773145196.297287
File C:\Users\user\AppData\Local\Programs\Python\Python312\DLLs\_wmi.pyd first seen with mtime 1738656366.0
File C:\mypython3\django\Lib\site-packages\django\contrib\auth\hashers.py first seen with mtime 1773145194.207342
File C:\Users\user\AppData\Local\Programs\Python\Python312\Lib\asyncio\taskgroups.py first seen with mtime 1738656312.0
File C:\mypython3\django\Lib\site-packages\django\template\defaultfilters.py first seen with mtime 1773145196.2489684
File C:\mypython3\django\Lib\site-packages\django\templatetags\i18n.py first seen with mtime 1773145196.2654092
File C:\mypython3\django\Lib\site-packages\django\db\migrations\state.py first seen with mtime 1773145196.121103
File C:\Users\user\AppData\Local\Programs\Python\Python312\Lib\ssl.py first seen with mtime 1738656312.0
File C:\mypython3\django\Lib\site-packages\sqlparse\cli.py first seen with mtime 1773145192.837533
File C:\Users\user\AppData\Local\Programs\Python\Python312\Lib\asyncio\constants.py first seen with mtime 1738656312.0
File C:\mypython3\django\Lib\site-packages\django\contrib\admin\models.py first seen with mtime 1773145193.5007255
File C:\mypython3\django\Lib\site-packages\django\core\handlers\__init__.py first seen with mtime 1773145196.0148456
File C:\mypython3\django\Lib\site-packages\django\contrib\admin\exceptions.py first seen with mtime 1773145193.498147
File C:\Users\user\AppData\Local\Programs\Python\Python312\Lib\types.py first seen with mtime 1738656314.0
File C:\Users\user\AppData\Local\Programs\Python\Python312\Lib\email\base64mime.py first seen with mtime 1738656312.0
File C:\Users\user\AppData\Local\Programs\Python\Python312\Lib\ctypes\__init__.py first seen with mtime 1738656312.0
File C:\mypython3\django\Lib\site-packages\django\db\models\indexes.py first seen with mtime 1773145196.132712
File C:\mypython3\django\Lib\site-packages\django\db\migrations\operations\special.py first seen with mtime 1773145196.1261158
File C:\Users\user\AppData\Local\Programs\Python\Python312\Lib\asyncio\__init__.py first seen with mtime 1738656312.0
File C:\mypython3\django\Lib\site-packages\django\utils\regex_helper.py first seen with mtime 1773145196.306123
File C:\Users\user\AppData\Local\Programs\Python\Python312\Lib\wsgiref\handlers.py first seen with mtime 1738656314.0
File C:\mypython3\django\Lib\site-packages\django\views\i18n.py first seen with mtime 1773145196.3195925
File C:\Users\user\AppData\Local\Programs\Python\Python312\Lib\zoneinfo\_tzpath.py first seen with mtime 1738656314.0
File C:\mypython3\django\Lib\site-packages\django\contrib\contenttypes\models.py first seen with mtime 1773145194.414056
File C:\mypython3\django\Scripts\hello_django\hello_django\urls.py first seen with mtime 1773146754.8780456
File C:\mypython3\django\Lib\site-packages\django\http\request.py first seen with mtime 1773145196.231031
File C:\mypython3\django\Lib\site-packages\django\db\models\constants.py first seen with mtime 1773145196.1291237
File C:\mypython3\django\Scripts\hello_django\hello_django\__init__.py first seen with mtime 1773146754.8790936
File C:\mypython3\django\Lib\site-packages\django\contrib\contenttypes\__init__.py first seen with mtime 1773145194.411154
File C:\mypython3\django\Lib\site-packages\django\http\cookie.py first seen with mtime 1773145196.2290022
File C:\mypython3\django\Lib\site-packages\django\middleware\cache.py first seen with mtime 1773145196.2330432
File C:\Users\user\AppData\Local\Programs\Python\Python312\Lib\email\_encoded_words.py first seen with mtime 1738656312.0
File C:\mypython3\django\Lib\site-packages\django\db\models\fields\mixins.py first seen with mtime 1773145196.141822
File C:\mypython3\django\Lib\site-packages\django\core\files\storage\mixins.py first seen with mtime 1773145196.0138185
File C:\mypython3\django\Lib\site-packages\django\db\models\aggregates.py first seen with mtime 1773145196.127118
File C:\Users\user\AppData\Local\Programs\Python\Python312\Lib\locale.py first seen with mtime 1738656312.0
File C:\Users\user\AppData\Local\Programs\Python\Python312\DLLs\_socket.pyd first seen with mtime 1738656366.0
File C:\mypython3\django\Lib\site-packages\django\dispatch\__init__.py first seen with mtime 1773145196.1578827
File C:\Users\user\AppData\Local\Programs\Python\Python312\Lib\json\__init__.py first seen with mtime 1738656312.0
File C:\Users\user\AppData\Local\Programs\Python\Python312\Lib\threading.py first seen with mtime 1738656314.0
File C:\mypython3\django\Lib\site-packages\django\forms\forms.py first seen with mtime 1773145196.1629066
File C:\mypython3\django\Lib\site-packages\django\utils\translation\trans_real.py first seen with mtime 1773145196.3164568
File C:\mypython3\django\Lib\site-packages\django\contrib\auth\tokens.py first seen with mtime 1773145194.2107623
File C:\Users\user\AppData\Local\Programs\Python\Python312\Lib\re\__init__.py first seen with mtime 1738656312.0
File C:\mypython3\django\Lib\site-packages\django\core\checks\commands.py first seen with mtime 1773145195.9946108
File C:\mypython3\django\Lib\site-packages\django\core\checks\__init__.py first seen with mtime 1773145195.9926045
File C:\mypython3\django\Lib\site-packages\django\db\backends\sqlite3\__init__.py first seen with mtime 1773145196.1062877
File C:\mypython3\django\Lib\site-packages\django\contrib\admin\filters.py first seen with mtime 1773145193.498147
File C:\Users\user\AppData\Local\Programs\Python\Python312\Lib\asyncio\windows_utils.py first seen with mtime 1738656312.0
File C:\mypython3\django\Lib\site-packages\django\contrib\auth\decorators.py first seen with mtime 1773145194.2058501
File C:\mypython3\django\Lib\site-packages\django\db\backends\sqlite3\operations.py first seen with mtime 1773145196.110429
File C:\mypython3\django\Lib\site-packages\django\contrib\admin\__init__.py first seen with mtime 1773145193.4930222
File C:\mypython3\django\Lib\site-packages\django\forms\renderers.py first seen with mtime 1773145196.1649306
File C:\mypython3\django\Lib\site-packages\django\db\backends\base\__init__.py first seen with mtime 1773145196.0595918
File C:\mypython3\django\Lib\site-packages\django\db\models\fields\json.py first seen with mtime 1773145196.141822
File C:\mypython3\django\Lib\site-packages\django\middleware\csrf.py first seen with mtime 1773145196.236068
File C:\Users\user\AppData\Local\Programs\Python\Python312\Lib\concurrent\futures\thread.py first seen with mtime 1738656312.0
File C:\mypython3\django\Lib\site-packages\django\contrib\staticfiles\handlers.py first seen with mtime 1773145195.9689355
File C:\mypython3\django\Lib\site-packages\django\db\models\functions\datetime.py first seen with mtime 1773145196.14814
File C:\mypython3\django\Scripts\hello_django\myhello\models.py first seen with mtime 1773209089.9959147
File C:\mypython3\django\Lib\site-packages\django\template\autoreload.py first seen with mtime 1773145196.246394
File C:\mypython3\django\Lib\site-packages\django\contrib\admin\apps.py first seen with mtime 1773145193.4951673
File C:\Users\user\AppData\Local\Programs\Python\Python312\Lib\keyword.py first seen with mtime 1738656312.0
File C:\Users\user\AppData\Local\Programs\Python\Python312\Lib\heapq.py first seen with mtime 1738656312.0
File C:\Users\user\AppData\Local\Programs\Python\Python312\Lib\contextvars.py first seen with mtime 1738656312.0
File C:\Users\user\AppData\Local\Programs\Python\Python312\Lib\string.py first seen with mtime 1738656312.0
File C:\mypython3\django\Lib\site-packages\django\core\exceptions.py first seen with mtime 1773145195.9806347
File C:\mypython3\django\Lib\site-packages\django\core\serializers\base.py first seen with mtime 1773145196.049322
File C:\mypython3\django\Lib\site-packages\django\forms\fields.py first seen with mtime 1773145196.1619065
File C:\mypython3\django\Lib\site-packages\django\db\models\functions\math.py first seen with mtime 1773145196.1494844
File C:\Users\user\AppData\Local\Programs\Python\Python312\Lib\asyncio\timeouts.py first seen with mtime 1738656312.0
File C:\mypython3\django\Lib\site-packages\django\db\backends\sqlite3\_functions.py first seen with mtime 1773145196.1074038
File C:\mypython3\django\Lib\site-packages\django\contrib\admin\helpers.py first seen with mtime 1773145193.4997232
File C:\Users\user\AppData\Local\Programs\Python\Python312\Lib\uuid.py first seen with mtime 1738656314.0
File C:\mypython3\django\Lib\site-packages\django\templatetags\l10n.py first seen with mtime 1773145196.2664125
File C:\mypython3\django\Lib\site-packages\django\utils\version.py first seen with mtime 1773145196.3117063
File C:\mypython3\django\Lib\site-packages\django\db\migrations\operations\__init__.py first seen with mtime 1773145196.1231077
File C:\mypython3\django\Lib\site-packages\django\contrib\sites\__init__.py first seen with mtime 1773145195.7663884
File C:\mypython3\django\Lib\site-packages\django\db\models\sql\subqueries.py first seen with mtime 1773145196.15688
File C:\Users\user\AppData\Local\Programs\Python\Python312\Lib\json\decoder.py first seen with mtime 1738656312.0
File C:\mypython3\django\Lib\site-packages\django\contrib\auth\middleware.py first seen with mtime 1773145194.207342
File C:\Users\user\AppData\Local\Programs\Python\Python312\Lib\email\header.py first seen with mtime 1738656312.0
File C:\mypython3\django\Lib\site-packages\django\db\backends\sqlite3\introspection.py first seen with mtime 1773145196.110429
File C:\Users\user\AppData\Local\Programs\Python\Python312\Lib\tempfile.py first seen with mtime 1738656312.0
File C:\Users\user\AppData\Local\Programs\Python\Python312\Lib\decimal.py first seen with mtime 1738656312.0
File C:\mypython3\django\Lib\site-packages\django\core\checks\async_checks.py first seen with mtime 1773145195.993607
File C:\mypython3\django\Lib\site-packages\django\contrib\staticfiles\management\__init__.py first seen with mtime 1773145195.972909
File C:\Users\user\AppData\Local\Programs\Python\Python312\Lib\hashlib.py first seen with mtime 1738656312.0
File C:\Users\user\AppData\Local\Programs\Python\Python312\Lib\email\contentmanager.py first seen with mtime 1738656312.0
File C:\Users\user\AppData\Local\Programs\Python\Python312\Lib\pickle.py first seen with mtime 1738656312.0
File C:\Users\user\AppData\Local\Programs\Python\Python312\Lib\email\parser.py first seen with mtime 1738656312.0
File C:\mypython3\django\Lib\site-packages\django\contrib\auth\signals.py first seen with mtime 1773145194.2097628
File C:\mypython3\django\Lib\site-packages\django\contrib\admin\decorators.py first seen with mtime 1773145193.4971223
File C:\mypython3\django\Lib\site-packages\django\db\models\manager.py first seen with mtime 1773145196.133716
File C:\mypython3\django\Lib\site-packages\django\views\generic\detail.py first seen with mtime 1773145196.3303373
File C:\Users\user\AppData\Local\Programs\Python\Python312\Lib\email\quoprimime.py first seen with mtime 1738656312.0
File C:\Users\user\AppData\Local\Programs\Python\Python312\Lib\asyncio\log.py first seen with mtime 1738656312.0
File C:\Users\user\AppData\Local\Programs\Python\Python312\Lib\concurrent\__init__.py first seen with mtime 1738656312.0
File C:\Users\user\AppData\Local\Programs\Python\Python312\Lib\typing.py first seen with mtime 1738656314.0
File C:\mypython3\django\Lib\site-packages\django\core\mail\utils.py first seen with mtime 1773145196.0191846
File C:\mypython3\django\Lib\site-packages\django\db\models\fields\reverse_related.py first seen with mtime 1773145196.1460817
File C:\Users\user\AppData\Local\Programs\Python\Python312\Lib\re\_casefix.py first seen with mtime 1738656312.0
File C:\Users\user\AppData\Local\Programs\Python\Python312\Lib\asyncio\sslproto.py first seen with mtime 1738656312.0
File C:\Users\user\AppData\Local\Programs\Python\Python312\Lib\asyncio\windows_events.py first seen with mtime 1738656312.0
File C:\Users\user\AppData\Local\Programs\Python\Python312\Lib\asyncio\format_helpers.py first seen with mtime 1738656312.0
File C:\mypython3\django\Lib\site-packages\django\db\models\fields\related_lookups.py first seen with mtime 1773145196.1449113
File C:\Users\user\AppData\Local\Programs\Python\Python312\Lib\graphlib.py first seen with mtime 1738656312.0
File C:\Users\user\AppData\Local\Programs\Python\Python312\DLLs\_overlapped.pyd first seen with mtime 1738656366.0
File C:\mypython3\django\Lib\site-packages\django\core\checks\caches.py first seen with mtime 1773145195.993607
File C:\mypython3\django\Lib\site-packages\django\contrib\contenttypes\forms.py first seen with mtime 1773145194.414056
File C:\mypython3\django\Lib\site-packages\django\db\migrations\utils.py first seen with mtime 1773145196.1221051
File C:\mypython3\django\Lib\site-packages\django\db\models\expressions.py first seen with mtime 1773145196.1317077
File C:\Users\user\AppData\Local\Programs\Python\Python312\Lib\encodings\aliases.py first seen with mtime 1738656312.0
File C:\mypython3\django\Lib\site-packages\sqlparse\engine\__init__.py first seen with mtime 1773145192.8452957
File C:\mypython3\django\Lib\site-packages\django\contrib\contenttypes\admin.py first seen with mtime 1773145194.411154
File C:\mypython3\django\Lib\site-packages\django\contrib\contenttypes\apps.py first seen with mtime 1773145194.4121568
File C:\mypython3\django\Lib\site-packages\django\db\models\utils.py first seen with mtime 1773145196.137802
File C:\mypython3\django\Lib\site-packages\django\utils\deprecation.py first seen with mtime 1773145196.2951896
File C:\mypython3\django\Lib\site-packages\django\views\generic\dates.py first seen with mtime 1773145196.3303373
File C:\mypython3\django\Lib\site-packages\django\urls\utils.py first seen with mtime 1773145196.2802548
File C:\mypython3\django\Lib\site-packages\django\core\files\storage\base.py first seen with mtime 1773145196.0107872
File C:\mypython3\django\Lib\site-packages\django\core\signing.py first seen with mtime 1773145195.9827394
File C:\Users\user\AppData\Local\Programs\Python\Python312\Lib\reprlib.py first seen with mtime 1738656312.0
File C:\Users\user\AppData\Local\Programs\Python\Python312\Lib\token.py first seen with mtime 1738656314.0
File C:\mypython3\django\Lib\site-packages\django\db\backends\base\client.py first seen with mtime 1773145196.0605943
File C:\mypython3\django\Lib\site-packages\django\contrib\admin\views\__init__.py first seen with mtime 1773145193.999184
File C:\mypython3\django\Lib\site-packages\django\utils\duration.py first seen with mtime 1773145196.2962735
File C:\Users\user\AppData\Local\Programs\Python\Python312\Lib\multiprocessing\reduction.py first seen with mtime 1738656312.0
File C:\Users\user\AppData\Local\Programs\Python\Python312\Lib\gettext.py first seen with mtime 1738656312.0
File C:\mypython3\django\Lib\site-packages\django\template\defaulttags.py first seen with mtime 1773145196.2499743
File C:\mypython3\django\Lib\site-packages\django\contrib\auth\password_validation.py first seen with mtime 1773145194.2097628
File C:\mypython3\django\Lib\site-packages\django\core\serializers\json.py first seen with mtime 1773145196.0503986
File C:\Users\user\AppData\Local\Programs\Python\Python312\Lib\re\_parser.py first seen with mtime 1738656312.0
File C:\mypython3\django\Lib\site-packages\django\db\models\fields\files.py first seen with mtime 1773145196.1398132
File C:\Users\user\AppData\Local\Programs\Python\Python312\Lib\email\policy.py first seen with mtime 1738656312.0
File C:\Users\user\AppData\Local\Programs\Python\Python312\Lib\sqlite3\__init__.py first seen with mtime 1738656312.0
File C:\mypython3\django\Lib\site-packages\django\urls\resolvers.py first seen with mtime 1773145196.2802548
File C:\mypython3\django\Lib\site-packages\django\db\models\sql\where.py first seen with mtime 1773145196.1578827
File C:\mypython3\django\Lib\site-packages\django\contrib\admin\sites.py first seen with mtime 1773145193.5029588
File C:\mypython3\django\Lib\site-packages\django\db\models\fields\__init__.py first seen with mtime 1773145196.1388083
File C:\mypython3\django\Lib\site-packages\django\core\checks\files.py first seen with mtime 1773145195.9956176
File C:\Users\user\AppData\Local\Programs\Python\Python312\Lib\email\mime\nonmultipart.py first seen with mtime 1738656312.0
File C:\Users\user\AppData\Local\Programs\Python\Python312\DLLs\_asyncio.pyd first seen with mtime 1738656366.0
File C:\mypython3\django\Lib\site-packages\django\core\handlers\exception.py first seen with mtime 1773145196.0171359
File C:\mypython3\django\Lib\site-packages\django\db\backends\sqlite3\features.py first seen with mtime 1773145196.1094236
File C:\Users\user\AppData\Local\Programs\Python\Python312\Lib\enum.py first seen with mtime 1738656312.0
File C:\Users\user\AppData\Local\Programs\Python\Python312\Lib\wsgiref\headers.py first seen with mtime 1738656314.0
File C:\Users\user\AppData\Local\Programs\Python\Python312\Lib\nturl2path.py first seen with mtime 1738656312.0
File C:\mypython3\django\Lib\site-packages\django\utils\timezone.py first seen with mtime 1773145196.3096595
File C:\mypython3\django\Lib\site-packages\_virtualenv.py first seen with mtime 1773145102.794879
File C:\Users\user\AppData\Local\Programs\Python\Python312\Lib\contextlib.py first seen with mtime 1738656312.0
File C:\mypython3\django\Lib\site-packages\django\contrib\contenttypes\management\__init__.py first seen with mtime 1773145194.610613
File C:\Users\user\AppData\Local\Programs\Python\Python312\Lib\hmac.py first seen with mtime 1738656312.0
File C:\Users\user\AppData\Local\Programs\Python\Python312\Lib\asyncio\events.py first seen with mtime 1738656312.0
File C:\mypython3\django\Lib\site-packages\django\contrib\auth\admin.py first seen with mtime 1773145194.2009065
File C:\mypython3\django\Lib\site-packages\django\http\response.py first seen with mtime 1773145196.2320373
File C:\mypython3\django\Lib\site-packages\django\template\engine.py first seen with mtime 1773145196.2499743
File C:\mypython3\django\Lib\site-packages\django\views\debug.py first seen with mtime 1773145196.3185208
File C:\Users\user\AppData\Local\Programs\Python\Python312\Lib\http\client.py first seen with mtime 1738656312.0
File C:\mypython3\django\Lib\site-packages\django\contrib\messages\api.py first seen with mtime 1773145195.2104838
File C:\Users\user\AppData\Local\Programs\Python\Python312\Lib\linecache.py first seen with mtime 1738656312.0
File C:\mypython3\django\Lib\site-packages\django\core\checks\translation.py first seen with mtime 1773145195.999038
File C:\mypython3\django\Lib\site-packages\django\apps\registry.py first seen with mtime 1773145193.0654418
File C:\mypython3\django\Lib\site-packages\sqlparse\filters\aligned_indent.py first seen with mtime 1773145192.848455
File C:\mypython3\django\Lib\site-packages\django\forms\__init__.py first seen with mtime 1773145196.1608996
File C:\mypython3\django\Lib\site-packages\django\core\servers\__init__.py first seen with mtime 1773145196.053576
File C:\mypython3\django\Lib\site-packages\django\contrib\messages\utils.py first seen with mtime 1773145195.2139518
File C:\mypython3\django\Lib\site-packages\django\template\loaders\base.py first seen with mtime 1773145196.2619398
File C:\mypython3\django\Lib\site-packages\django\core\serializers\python.py first seen with mtime 1773145196.051571
File C:\Users\user\AppData\Local\Programs\Python\Python312\Lib\email\encoders.py first seen with mtime 1738656312.0
File C:\mypython3\django\Lib\site-packages\django\contrib\sites\requests.py first seen with mtime 1773145195.7729342
File C:\Users\user\AppData\Local\Programs\Python\Python312\Lib\urllib\response.py first seen with mtime 1738656314.0
File C:\Users\user\AppData\Local\Programs\Python\Python312\Lib\multiprocessing\__init__.py first seen with mtime 1738656312.0
File C:\mypython3\django\Lib\site-packages\django\urls\exceptions.py first seen with mtime 1773145196.2792509
File C:\Users\user\AppData\Local\Programs\Python\Python312\Lib\email\mime\text.py first seen with mtime 1738656312.0
File C:\Users\user\AppData\Local\Programs\Python\Python312\Lib\zoneinfo\__init__.py first seen with mtime 1738656314.0
File C:\mypython3\django\Lib\site-packages\django\core\cache\__init__.py first seen with mtime 1773145195.9847455
File C:\mypython3\django\Lib\site-packages\django\contrib\contenttypes\fields.py first seen with mtime 1773145194.4131591
File C:\mypython3\django\Lib\site-packages\django\views\static.py first seen with mtime 1773145196.3207896
File C:\Users\user\AppData\Local\Programs\Python\Python312\Lib\warnings.py first seen with mtime 1738656314.0
File C:\mypython3\django\Lib\site-packages\django\urls\conf.py first seen with mtime 1773145196.2778685
File C:\mypython3\django\Lib\site-packages\django\utils\tree.py first seen with mtime 1773145196.3107
File C:\mypython3\django\Lib\site-packages\django\shortcuts.py first seen with mtime 1773145193.0633047
File C:\Users\user\AppData\Local\Programs\Python\Python312\Lib\encodings\utf_8.py first seen with mtime 1738656312.0
File C:\mypython3\django\Lib\site-packages\django\core\files\__init__.py first seen with mtime 1773145196.0051029
File C:\Users\user\AppData\Local\Programs\Python\Python312\Lib\textwrap.py first seen with mtime 1738656314.0
File C:\mypython3\django\Lib\site-packages\django\contrib\admin\views\main.py first seen with mtime 1773145194.0013695
File C:\mypython3\django\Lib\site-packages\django\contrib\staticfiles\management\commands\runserver.py first seen with mtime 1773145195.976585
File C:\mypython3\django\Lib\site-packages\django\utils\encoding.py first seen with mtime 1773145196.2962735
File C:\Users\user\AppData\Local\Programs\Python\Python312\Lib\asyncio\coroutines.py first seen with mtime 1738656312.0
File C:\mypython3\django\Lib\site-packages\django\db\migrations\exceptions.py first seen with mtime 1773145196.1150866
File C:\mypython3\django\Lib\site-packages\django\contrib\staticfiles\management\commands\__init__.py first seen with mtime 1773145195.9739394
File C:\Users\user\AppData\Local\Programs\Python\Python312\Lib\wsgiref\util.py first seen with mtime 1738656314.0
File C:\mypython3\django\Lib\site-packages\django\core\management\color.py first seen with mtime 1773145196.0270288
File C:\mypython3\django\Lib\site-packages\django\core\files\storage\handler.py first seen with mtime 1773145196.0128129
File C:\mypython3\django\Lib\site-packages\django\db\models\sql\query.py first seen with mtime 1773145196.1555007
File C:\mypython3\django\Lib\site-packages\django\contrib\messages\apps.py first seen with mtime 1773145195.2114909
File C:\mypython3\django\Lib\site-packages\django\core\files\locks.py first seen with mtime 1773145196.006105
File C:\mypython3\django\Lib\site-packages\django\views\decorators\csp.py first seen with mtime 1773145196.3242855
File C:\mypython3\django\Lib\site-packages\asgiref\sync.py first seen with mtime 1773145192.946536
File C:\Users\user\AppData\Local\Programs\Python\Python312\Lib\asyncio\transports.py first seen with mtime 1738656312.0
File C:\mypython3\django\Lib\site-packages\django\db\backends\base\features.py first seen with mtime 1773145196.0615973
File C:\Users\user\AppData\Local\Programs\Python\Python312\Lib\urllib\__init__.py first seen with mtime 1738656314.0
File C:\Users\user\AppData\Local\Programs\Python\Python312\Lib\email\mime\message.py first seen with mtime 1738656312.0
File C:\mypython3\django\Lib\site-packages\sqlparse\formatter.py first seen with mtime 1773145192.8398044
File C:\mypython3\django\Lib\site-packages\django\db\models\__init__.py first seen with mtime 1773145196.127118
File C:\mypython3\django\Lib\site-packages\django\db\models\lookups.py first seen with mtime 1773145196.133716
File C:\mypython3\django\Lib\site-packages\django\contrib\admin\options.py first seen with mtime 1773145193.5018322
File C:\mypython3\django\Lib\site-packages\django\utils\__init__.py first seen with mtime 1773145196.281257
File C:\mypython3\django\Lib\site-packages\sqlparse\engine\grouping.py first seen with mtime 1773145192.8464475
File C:\mypython3\django\Lib\site-packages\django\core\checks\security\__init__.py first seen with mtime 1773145196.0020945
File C:\mypython3\django\Lib\site-packages\django\contrib\auth\templatetags\auth.py first seen with mtime 1773145194.4101508
File C:\Users\user\AppData\Local\Programs\Python\Python312\Lib\asyncio\selector_events.py first seen with mtime 1738656312.0
File C:\mypython3\django\Lib\site-packages\django\contrib\auth\management\__init__.py first seen with mtime 1773145194.3959832
File C:\Users\user\AppData\Local\Programs\Python\Python312\DLLs\_sqlite3.pyd first seen with mtime 1738656366.0
File C:\mypython3\django\Lib\site-packages\django\contrib\staticfiles\apps.py first seen with mtime 1773145195.966913
File C:\mypython3\django\Lib\site-packages\django\template\loader_tags.py first seen with mtime 1773145196.2536273
File C:\Users\user\AppData\Local\Programs\Python\Python312\Lib\email\generator.py first seen with mtime 1738656312.0
File C:\Users\user\AppData\Local\Programs\Python\Python312\Lib\fractions.py first seen with mtime 1738656312.0
File C:\mypython3\django\Lib\site-packages\django\contrib\admin\templatetags\base.py first seen with mtime 1773145193.9981663
File C:\mypython3\django\Lib\site-packages\django\template\loaders\cached.py first seen with mtime 1773145196.2619398
File C:\mypython3\django\Lib\site-packages\django\db\models\fields\generated.py first seen with mtime 1773145196.1398132
File C:\mypython3\django\Lib\site-packages\django\db\models\query_utils.py first seen with mtime 1773145196.1357875
File C:\mypython3\django\Lib\site-packages\django\conf\__init__.py first seen with mtime 1773145193.0665152
File C:\mypython3\django\Lib\site-packages\sqlparse\__init__.py first seen with mtime 1773145192.8363185
File C:\Users\user\AppData\Local\Programs\Python\Python312\Lib\traceback.py first seen with mtime 1738656314.0
File C:\mypython3\django\Lib\site-packages\django\contrib\sessions\base_session.py first seen with mtime 1773145195.561499
File C:\Users\user\AppData\Local\Programs\Python\Python312\Lib\shutil.py first seen with mtime 1738656312.0
File C:\Users\user\AppData\Local\Programs\Python\Python312\Lib\email\errors.py first seen with mtime 1738656312.0
File C:\mypython3\django\Lib\site-packages\django\core\files\uploadedfile.py first seen with mtime 1773145196.0081103
File C:\mypython3\django\Lib\site-packages\django\views\decorators\__init__.py first seen with mtime 1773145196.3217947
File C:\mypython3\django\Lib\site-packages\django\contrib\sessions\middleware.py first seen with mtime 1773145195.562503
File C:\mypython3\django\Lib\site-packages\django\contrib\contenttypes\views.py first seen with mtime 1773145194.415163
File C:\mypython3\django\Lib\site-packages\sqlparse\engine\filter_stack.py first seen with mtime 1773145192.8452957
File C:\mypython3\django\Lib\site-packages\sqlparse\sql.py first seen with mtime 1773145192.8428211
File C:\mypython3\django\Lib\site-packages\django\core\cache\backends\__init__.py first seen with mtime 1773145195.9857483
File C:\Users\user\AppData\Local\Programs\Python\Python312\Lib\pkgutil.py first seen with mtime 1738656312.0
File C:\Users\user\AppData\Local\Programs\Python\Python312\Lib\glob.py first seen with mtime 1738656312.0
File C:\Users\user\AppData\Local\Programs\Python\Python312\Lib\asyncio\runners.py first seen with mtime 1738656312.0
File C:\mypython3\django\Lib\site-packages\django\utils\functional.py first seen with mtime 1773145196.2984064
File C:\Users\user\AppData\Local\Programs\Python\Python312\Lib\html\entities.py first seen with mtime 1738656312.0
File C:\Users\user\AppData\Local\Programs\Python\Python312\Lib\logging\handlers.py first seen with mtime 1738656312.0
File C:\mypython3\django\Lib\site-packages\django\contrib\auth\forms.py first seen with mtime 1773145194.2068572
File C:\mypython3\django\Lib\site-packages\django\template\backends\base.py first seen with mtime 1773145196.256998
File C:\Users\user\AppData\Local\Programs\Python\Python312\Lib\asyncio\staggered.py first seen with mtime 1738656312.0
File C:\mypython3\django\Lib\site-packages\django\views\generic\list.py first seen with mtime 1773145196.3316674
File C:\mypython3\django\Lib\site-packages\django\core\wsgi.py first seen with mtime 1773145195.9837432
File C:\Users\user\AppData\Local\Programs\Python\Python312\Lib\logging\config.py first seen with mtime 1738656312.0
File C:\Users\user\AppData\Local\Programs\Python\Python312\DLLs\select.pyd first seen with mtime 1738656366.0
File C:\mypython3\django\Lib\site-packages\django\utils\dateformat.py first seen with mtime 1773145196.2914486
File C:\mypython3\django\Lib\site-packages\django\utils\deconstruct.py first seen with mtime 1773145196.2939546
File C:\mypython3\django\Lib\site-packages\django\core\checks\compatibility\django_4_0.py first seen with mtime 1773145196.0010917
File C:\mypython3\django\Lib\site-packages\django\db\models\fields\related_descriptors.py first seen with mtime 1773145196.1449113
File C:\Users\user\AppData\Local\Programs\Python\Python312\Lib\socketserver.py first seen with mtime 1738656312.0
File C:\mypython3\django\Lib\site-packages\django\utils\dateparse.py first seen with mtime 1773145196.2914486
File C:\mypython3\django\Lib\site-packages\django\contrib\staticfiles\__init__.py first seen with mtime 1773145195.966913
File C:\mypython3\django\Lib\site-packages\django\http\__init__.py first seen with mtime 1773145196.2290022
File C:\Users\user\AppData\Local\Programs\Python\Python312\Lib\html\__init__.py first seen with mtime 1738656312.0
File C:\mypython3\django\Lib\site-packages\django\db\models\base.py first seen with mtime 1773145196.128121
File C:\Users\user\AppData\Local\Programs\Python\Python312\Lib\getpass.py first seen with mtime 1738656312.0
File C:\mypython3\django\Lib\site-packages\django\core\files\uploadhandler.py first seen with mtime 1773145196.00958
File C:\mypython3\django\Lib\site-packages\django\db\backends\base\introspection.py first seen with mtime 1773145196.0626051
File C:\mypython3\django\Lib\site-packages\django\contrib\messages\constants.py first seen with mtime 1773145195.2114909
File C:\Users\user\AppData\Local\Programs\Python\Python312\Lib\re\_compiler.py first seen with mtime 1738656312.0
File C:\mypython3\django\Lib\site-packages\django\core\serializers\__init__.py first seen with mtime 1773145196.049322
File C:\Users\user\AppData\Local\Programs\Python\Python312\Lib\secrets.py first seen with mtime 1738656312.0
File C:\mypython3\django\Lib\site-packages\django\core\servers\basehttp.py first seen with mtime 1773145196.053576
File C:\mypython3\django\Lib\site-packages\django\db\models\query.py first seen with mtime 1773145196.1357875
File C:\Users\user\AppData\Local\Programs\Python\Python312\Lib\copy.py first seen with mtime 1738656312.0
File C:\Users\user\AppData\Local\Programs\Python\Python312\Lib\struct.py first seen with mtime 1738656312.0
File C:\mypython3\django\Lib\site-packages\django\core\files\move.py first seen with mtime 1773145196.0071077
File C:\mypython3\django\Lib\site-packages\django\forms\models.py first seen with mtime 1773145196.1639163
File C:\Users\user\AppData\Local\Programs\Python\Python312\Lib\asyncio\base_tasks.py first seen with mtime 1738656312.0
File C:\mypython3\django\Lib\site-packages\django\core\mail\__init__.py first seen with mtime 1773145196.0181444
File C:\mypython3\django\Lib\site-packages\sqlparse\filters\right_margin.py first seen with mtime 1773145192.8509643
File C:\Users\user\AppData\Local\Programs\Python\Python312\Lib\email\_header_value_parser.py first seen with mtime 1738656312.0
File C:\Users\user\AppData\Local\Programs\Python\Python312\DLLs\_decimal.pyd first seen with mtime 1738656366.0
File C:\mypython3\django\Lib\site-packages\django\templatetags\cache.py first seen with mtime 1773145196.2654092
File C:\Users\user\AppData\Local\Programs\Python\Python312\Lib\numbers.py first seen with mtime 1738656312.0
File C:\mypython3\django\Lib\site-packages\django\views\__init__.py first seen with mtime 1773145196.31751
File C:\mypython3\django\Lib\site-packages\django\db\migrations\migration.py first seen with mtime 1773145196.1180944
File C:\mypython3\django\Lib\site-packages\django\utils\safestring.py first seen with mtime 1773145196.3072007
File C:\mypython3\django\Lib\site-packages\sqlparse\filters\reindent.py first seen with mtime 1773145192.8509643
File C:\Users\user\AppData\Local\Programs\Python\Python312\Lib\encodings\__init__.py first seen with mtime 1738656312.0
File C:\Users\user\AppData\Local\Programs\Python\Python312\Lib\asyncio\protocols.py first seen with mtime 1738656312.0
File C:\Users\user\AppData\Local\Programs\Python\Python312\Lib\selectors.py first seen with mtime 1738656312.0
File C:\Users\user\AppData\Local\Programs\Python\Python312\Lib\asyncio\locks.py first seen with mtime 1738656312.0
File C:\Users\user\AppData\Local\Programs\Python\Python312\Lib\asyncio\tasks.py first seen with mtime 1738656312.0
File C:\Users\user\AppData\Local\Programs\Python\Python312\Lib\encodings\utf_8_sig.py first seen with mtime 1738656312.0
File C:\mypython3\django\Lib\site-packages\django\db\backends\sqlite3\schema.py first seen with mtime 1773145196.113003
File C:\mypython3\django\Lib\site-packages\django\contrib\sites\shortcuts.py first seen with mtime 1773145195.7729342
File C:\Users\user\AppData\Local\Programs\Python\Python312\Lib\lzma.py first seen with mtime 1738656312.0
File C:\mypython3\django\Lib\site-packages\django\forms\boundfield.py first seen with mtime 1773145196.1608996
File C:\Users\user\AppData\Local\Programs\Python\Python312\DLLs\_uuid.pyd first seen with mtime 1738656366.0
File C:\Users\user\AppData\Local\Programs\Python\Python312\Lib\email\message.py first seen with mtime 1738656312.0
File C:\mypython3\django\Lib\site-packages\django\apps\config.py first seen with mtime 1773145193.0643098
File C:\mypython3\django\Lib\site-packages\django\utils\translation\__init__.py first seen with mtime 1773145196.3137293
File C:\Users\user\AppData\Local\Programs\Python\Python312\Lib\_compression.py first seen with mtime 1738656312.0
File C:\Users\user\AppData\Local\Programs\Python\Python312\Lib\bisect.py first seen with mtime 1738656312.0
File C:\mypython3\django\Lib\site-packages\django\contrib\admin\checks.py first seen with mtime 1773145193.4961762
File C:\mypython3\django\Lib\site-packages\django\core\checks\database.py first seen with mtime 1773145195.9956176
File C:\mypython3\django\Lib\site-packages\django\contrib\auth\checks.py first seen with mtime 1773145194.2036693
File C:\mypython3\django\Lib\site-packages\django\utils\dates.py first seen with mtime 1773145196.292947
File C:\Users\user\AppData\Local\Programs\Python\Python312\DLLs\unicodedata.pyd first seen with mtime 1738656366.0
File C:\Users\user\AppData\Local\Programs\Python\Python312\Lib\wsgiref\simple_server.py first seen with mtime 1738656314.0
File C:\Users\user\AppData\Local\Programs\Python\Python312\Lib\urllib\parse.py first seen with mtime 1738656314.0
File C:\mypython3\django\Lib\site-packages\django\utils\inspect.py first seen with mtime 1773145196.3016546
File C:\mypython3\django\Lib\site-packages\django\db\migrations\operations\fields.py first seen with mtime 1773145196.125113
File C:\Users\user\AppData\Local\Programs\Python\Python312\Lib\asyncio\proactor_events.py first seen with mtime 1738656312.0
File C:\mypython3\django\Lib\site-packages\django\template\loaders\app_directories.py first seen with mtime 1773145196.2604578
File C:\mypython3\django\Lib\site-packages\django\core\checks\security\base.py first seen with mtime 1773145196.0020945
File C:\mypython3\django\Lib\site-packages\django\utils\timesince.py first seen with mtime 1773145196.3096595
File C:\mypython3\django\Lib\site-packages\django\template\loaders\filesystem.py first seen with mtime 1773145196.2629397
File C:\mypython3\django\Lib\site-packages\django\core\checks\model_checks.py first seen with mtime 1773145195.996686
File C:\mypython3\django\Lib\site-packages\django\utils\lorem_ipsum.py first seen with mtime 1773145196.3050413
File C:\Users\user\AppData\Local\Programs\Python\Python312\Lib\__future__.py first seen with mtime 1738656312.0
File C:\Users\user\AppData\Local\Programs\Python\Python312\Lib\asyncio\base_events.py first seen with mtime 1738656312.0
File C:\mypython3\django\Lib\site-packages\sqlparse\tokens.py first seen with mtime 1773145192.8428211
File C:\mypython3\django\Lib\site-packages\django\utils\choices.py first seen with mtime 1773145196.2874978
File C:\Users\user\AppData\Local\Programs\Python\Python312\Lib\wsgiref\__init__.py first seen with mtime 1738656314.0
File C:\mypython3\django\Lib\site-packages\django\db\backends\utils.py first seen with mtime 1773145196.058589
File C:\mypython3\django\Lib\site-packages\django\contrib\auth\__init__.py first seen with mtime 1773145194.2009065
File C:\mypython3\django\Lib\site-packages\django\template\base.py first seen with mtime 1773145196.2468977
File C:\Users\user\AppData\Local\Programs\Python\Python312\Lib\logging\__init__.py first seen with mtime 1738656312.0
File C:\Users\user\AppData\Local\Programs\Python\Python312\Lib\asyncio\trsock.py first seen with mtime 1738656312.0
File C:\mypython3\django\Lib\site-packages\django\utils\asyncio.py first seen with mtime 1773145196.284721
File C:\Users\user\AppData\Local\Programs\Python\Python312\Lib\email\__init__.py first seen with mtime 1738656312.0
File C:\mypython3\django\Lib\site-packages\django\db\models\sql\constants.py first seen with mtime 1773145196.1544979
File C:\mypython3\django\Lib\site-packages\django\db\__init__.py first seen with mtime 1773145196.054579
File C:\mypython3\django\Lib\site-packages\django\contrib\admin\templatetags\admin_urls.py first seen with mtime 1773145193.9976585
File C:\Users\user\AppData\Local\Programs\Python\Python312\Lib\ctypes\wintypes.py first seen with mtime 1738656312.0
File C:\mypython3\django\Lib\site-packages\django\core\handlers\wsgi.py first seen with mtime 1773145196.0171359
File C:\Users\user\AppData\Local\Programs\Python\Python312\Lib\statistics.py first seen with mtime 1738656312.0
File C:\mypython3\django\Lib\site-packages\django\core\management\commands\runserver.py first seen with mtime 1773145196.0401168
File C:\Users\user\AppData\Local\Programs\Python\Python312\Lib\ipaddress.py first seen with mtime 1738656312.0
File C:\mypython3\django\Lib\site-packages\django\contrib\staticfiles\finders.py first seen with mtime 1773145195.9689355
File C:\Users\user\AppData\Local\Programs\Python\Python312\DLLs\_bz2.pyd first seen with mtime 1738656366.0
File C:\Users\user\AppData\Local\Programs\Python\Python312\Lib\datetime.py first seen with mtime 1738656312.0
File C:\mypython3\django\Lib\site-packages\django\core\validators.py first seen with mtime 1773145195.9827394
File C:\Users\user\AppData\Local\Programs\Python\Python312\Lib\pprint.py first seen with mtime 1738656312.0
File C:\mypython3\django\Lib\site-packages\django\core\files\storage\filesystem.py first seen with mtime 1773145196.011807
File C:\Users\user\AppData\Local\Programs\Python\Python312\Lib\email\mime\multipart.py first seen with mtime 1738656312.0
File C:\mypython3\django\Lib\site-packages\django\contrib\auth\backends.py first seen with mtime 1773145194.202163
File C:\mypython3\django\Lib\site-packages\django\contrib\auth\validators.py first seen with mtime 1773145194.211765
File C:\Users\user\AppData\Local\Programs\Python\Python312\Lib\html\parser.py first seen with mtime 1738656312.0
File C:\mypython3\django\Lib\site-packages\django\db\transaction.py first seen with mtime 1773145196.0555813
File C:\mypython3\django\Scripts\hello_django\myhello\apps.py first seen with mtime 1773209089.9947636
File C:\mypython3\django\Lib\site-packages\django\contrib\sessions\models.py first seen with mtime 1773145195.5635092
File C:\mypython3\django\Lib\site-packages\django\templatetags\__init__.py first seen with mtime 1773145196.2641056
File C:\Users\user\AppData\Local\Programs\Python\Python312\Lib\stringprep.py first seen with mtime 1738656312.0
File C:\mypython3\django\Lib\site-packages\django\core\cache\backends\locmem.py first seen with mtime 1773145195.9901798
File C:\mypython3\django\Lib\site-packages\django\contrib\auth\migrations\0008_alter_user_username_max_length.py first seen with mtime 1773145194.403992
File C:\mypython3\django\Lib\site-packages\django\contrib\auth\migrations\0001_initial.py first seen with mtime 1773145194.3994298
File C:\mypython3\django\Lib\site-packages\django\middleware\clickjacking.py first seen with mtime 1773145196.2330432
File C:\mypython3\django\Lib\site-packages\django\contrib\auth\migrations\0009_alter_user_last_name_max_length.py first seen with mtime 1773145194.403992
File C:\mypython3\django\Lib\site-packages\django\contrib\sessions\backends\base.py first seen with mtime 1773145195.5655143
File C:\mypython3\django\Lib\site-packages\django\core\management\utils.py first seen with mtime 1773145196.0292833
File C:\mypython3\django\Lib\site-packages\django\contrib\auth\migrations\0002_alter_permission_name_max_length.py first seen with mtime 1773145194.3994298
File C:\mypython3\django\Lib\site-packages\django\middleware\common.py first seen with mtime 1773145196.2340477
File C:\mypython3\django\Lib\site-packages\django\contrib\auth\migrations\__init__.py first seen with mtime 1773145194.406077
File C:\mypython3\django\Lib\site-packages\django\contrib\auth\migrations\0007_alter_validators_add_error_messages.py first seen with mtime 1773145194.402981
File C:\mypython3\django\Lib\site-packages\django\contrib\admin\migrations\__init__.py first seen with mtime 1773145193.8665588
File C:\mypython3\django\Lib\site-packages\django\conf\urls\__init__.py first seen with mtime 1773145193.4895015
File C:\mypython3\django\Lib\site-packages\django\contrib\auth\migrations\0011_update_proxy_permissions.py first seen with mtime 1773145194.406077
File C:\mypython3\django\Lib\site-packages\django\db\migrations\recorder.py first seen with mtime 1773145196.1201
File C:\mypython3\django\Lib\site-packages\django\contrib\auth\migrations\0010_alter_group_name_max_length.py first seen with mtime 1773145194.4049964
File C:\mypython3\django\Lib\site-packages\django\contrib\admin\migrations\0003_logentry_add_action_flag_choices.py first seen with mtime 1773145193.8665588
File C:\mypython3\django\Lib\site-packages\django\contrib\sessions\exceptions.py first seen with mtime 1773145195.561499
File C:\mypython3\django\Lib\site-packages\django\contrib\sessions\backends\db.py first seen with mtime 1773145195.56752
File C:\mypython3\django\Lib\site-packages\django\contrib\contenttypes\migrations\0002_remove_content_type_name.py first seen with mtime 1773145194.6132505
File C:\mypython3\django\Lib\site-packages\django\contrib\sessions\backends\__init__.py first seen with mtime 1773145195.5645118
File C:\mypython3\django\Lib\site-packages\django\contrib\admin\migrations\0001_initial.py first seen with mtime 1773145193.8655589
File C:\mypython3\django\Lib\site-packages\django\views\csrf.py first seen with mtime 1773145196.31751
File C:\mypython3\django\Lib\site-packages\django\db\migrations\serializer.py first seen with mtime 1773145196.1201
File C:\mypython3\django\Lib\site-packages\django\contrib\auth\migrations\0006_require_contenttypes_0002.py first seen with mtime 1773145194.402981
File C:\mypython3\django\Lib\site-packages\django\contrib\sessions\migrations\0001_initial.py first seen with mtime 1773145195.7615552
File C:\mypython3\django\Lib\site-packages\django\db\migrations\graph.py first seen with mtime 1773145196.116089
File C:\mypython3\django\Lib\site-packages\django\views\defaults.py first seen with mtime 1773145196.3195925
File C:\mypython3\django\Lib\site-packages\django\contrib\contenttypes\migrations\0001_initial.py first seen with mtime 1773145194.6132505
File C:\mypython3\django\Lib\site-packages\django\contrib\contenttypes\migrations\__init__.py first seen with mtime 1773145194.6132505
File C:\mypython3\django\Lib\site-packages\django\contrib\auth\migrations\0005_alter_user_last_login_null.py first seen with mtime 1773145194.4016032
File C:\mypython3\django\Lib\site-packages\django\db\migrations\optimizer.py first seen with mtime 1773145196.1180944
File C:\mypython3\django\Lib\site-packages\django\core\management\commands\migrate.py first seen with mtime 1773145196.0391147
File C:\mypython3\django\Lib\site-packages\django\db\migrations\executor.py first seen with mtime 1773145196.116089
File C:\mypython3\django\Lib\site-packages\django\contrib\messages\middleware.py first seen with mtime 1773145195.212948
File C:\mypython3\django\Lib\site-packages\django\db\migrations\loader.py first seen with mtime 1773145196.117092
File C:\mypython3\django\Lib\site-packages\django\contrib\auth\migrations\0012_alter_user_first_name_max_length.py first seen with mtime 1773145194.406077
File C:\mypython3\django\Lib\site-packages\django\db\migrations\writer.py first seen with mtime 1773145196.1221051
File C:\mypython3\django\Lib\site-packages\django\db\migrations\autodetector.py first seen with mtime 1773145196.1140866
File C:\mypython3\django\Lib\site-packages\django\contrib\admin\migrations\0002_logentry_remove_auto_add.py first seen with mtime 1773145193.8655589
File C:\mypython3\django\Lib\site-packages\django\db\migrations\questioner.py first seen with mtime 1773145196.119097
File C:\mypython3\django\Lib\site-packages\django\contrib\auth\migrations\0003_alter_user_email_max_length.py first seen with mtime 1773145194.4016032
File C:\mypython3\django\Lib\site-packages\django\contrib\sessions\migrations\__init__.py first seen with mtime 1773145195.7615552
File C:\mypython3\django\Scripts\hello_django\myhello\migrations\__init__.py first seen with mtime 1773209090.0023472
File C:\mypython3\django\Lib\site-packages\django\contrib\auth\migrations\0004_alter_user_username_opts.py first seen with mtime 1773145194.4016032
File C:\mypython3\django\Lib\site-packages\django\core\management\sql.py first seen with mtime 1773145196.0280325
File C:\mypython3\django\Lib\site-packages\django\core\management\commands\makemigrations.py first seen with mtime 1773145196.0381
File C:\Users\user\AppData\Local\Programs\Python\Python312\Lib\encodings\idna.py first seen with mtime 1738656312.0
File C:\mypython3\django\Scripts\hello_django\hello_django\wsgi.py first seen with mtime 1773146754.8780456
"GET / HTTP/1.1" 200 12068
Exception while resolving variable 'name' in template 'unknown'.
Traceback (most recent call last):
  File "C:\mypython3\django\Lib\site-packages\django\core\handlers\exception.py", line 55, in inner
    response = get_response(request)
               ^^^^^^^^^^^^^^^^^^^^^
  File "C:\mypython3\django\Lib\site-packages\django\core\handlers\base.py", line 182, in _get_response
    callback, callback_args, callback_kwargs = self.resolve_request(request)
                                               ^^^^^^^^^^^^^^^^^^^^^^^^^^^^^
  File "C:\mypython3\django\Lib\site-packages\django\core\handlers\base.py", line 314, in resolve_request
    resolver_match = resolver.resolve(request.path_info)
                     ^^^^^^^^^^^^^^^^^^^^^^^^^^^^^^^^^^^
  File "C:\mypython3\django\Lib\site-packages\django\urls\resolvers.py", line 716, in resolve
    raise Resolver404({"tried": tried, "path": new_path})
django.urls.exceptions.Resolver404: {'tried': [[<URLResolver <URLPattern list> (admin:admin) 'admin/'>]], 'path': 'favicon.ico'}

During handling of the above exception, another exception occurred:

Traceback (most recent call last):
  File "C:\mypython3\django\Lib\site-packages\django\template\base.py", line 964, in _resolve_lookup
    raise TypeError
TypeError

During handling of the above exception, another exception occurred:

Traceback (most recent call last):
  File "C:\mypython3\django\Lib\site-packages\django\template\base.py", line 976, in _resolve_lookup
    current = getattr(current, bit)
              ^^^^^^^^^^^^^^^^^^^^^
AttributeError: 'URLResolver' object has no attribute 'name'

During handling of the above exception, another exception occurred:

Traceback (most recent call last):
  File "C:\mypython3\django\Lib\site-packages\django\template\base.py", line 982, in _resolve_lookup
    current = current[int(bit)]
                      ^^^^^^^^
ValueError: invalid literal for int() with base 10: 'name'

During handling of the above exception, another exception occurred:

Traceback (most recent call last):
  File "C:\mypython3\django\Lib\site-packages\django\template\base.py", line 989, in _resolve_lookup
    raise VariableDoesNotExist(
django.template.base.VariableDoesNotExist: Failed lookup for key [name] in <URLResolver <URLPattern list> (admin:admin) 'admin/'>
Not Found: /favicon.ico
"GET /favicon.ico HTTP/1.1" 404 2214
File C:\mypython3\django\Lib\site-packages\django\contrib\messages\storage\session.py first seen with mtime 1773145195.2171793
File C:\mypython3\django\Lib\site-packages\django\contrib\messages\storage\fallback.py first seen with mtime 1773145195.2171793
File C:\mypython3\django\Lib\site-packages\django\contrib\sessions\serializers.py first seen with mtime 1773145195.5635092
File C:\mypython3\django\Lib\site-packages\django\contrib\messages\storage\cookie.py first seen with mtime 1773145195.216087
File C:\Users\user\AppData\Local\Programs\Python\Python312\Lib\encodings\unicode_escape.py first seen with mtime 1738656312.0
Watching for file changes with StatReloader
Waiting for apps ready_event.
Apps ready_event triggered. Sending autoreload_started signal.
Watching dir C:\mypython3\django\Scripts\hello_django\locale with glob **/*.mo.
Watching dir C:\mypython3\django\Scripts\hello_django\myhello\locale with glob **/*.mo.
(0.000) 
            SELECT name, type FROM sqlite_master
            WHERE type in ('table', 'view') AND NOT name='sqlite_sequence'
            ORDER BY name; args=None; alias=default
File C:\mypython3\django\Lib\site-packages\django\db\models\manager.py first seen with mtime 1773145196.133716
File C:\mypython3\django\Lib\site-packages\django\core\checks\security\__init__.py first seen with mtime 1773145196.0020945
File C:\mypython3\django\Lib\site-packages\django\contrib\admin\widgets.py first seen with mtime 1773145193.5056791
File C:\Users\user\AppData\Local\Programs\Python\Python312\Lib\getpass.py first seen with mtime 1738656312.0
File C:\mypython3\django\Lib\site-packages\django\contrib\messages\__init__.py first seen with mtime 1773145195.2094755
File C:\mypython3\django\Lib\site-packages\django\contrib\auth\apps.py first seen with mtime 1773145194.202163
File C:\mypython3\django\Lib\site-packages\django\utils\termcolors.py first seen with mtime 1773145196.308205
File C:\mypython3\django\Lib\site-packages\django\conf\__init__.py first seen with mtime 1773145193.0665152
File C:\mypython3\django\Lib\site-packages\django\utils\autoreload.py first seen with mtime 1773145196.2862146
File C:\Users\user\AppData\Local\Programs\Python\Python312\Lib\importlib\_abc.py first seen with mtime 1738656312.0
File C:\Users\user\AppData\Local\Programs\Python\Python312\Lib\reprlib.py first seen with mtime 1738656312.0
File C:\Users\user\AppData\Local\Programs\Python\Python312\Lib\asyncio\taskgroups.py first seen with mtime 1738656312.0
File C:\mypython3\django\Lib\site-packages\django\db\models\sql\constants.py first seen with mtime 1773145196.1544979
File C:\mypython3\django\Lib\site-packages\django\template\loaders\filesystem.py first seen with mtime 1773145196.2629397
File C:\mypython3\django\Lib\site-packages\django\db\__init__.py first seen with mtime 1773145196.054579
File C:\Users\user\AppData\Local\Programs\Python\Python312\Lib\email\_encoded_words.py first seen with mtime 1738656312.0
File C:\mypython3\django\Lib\site-packages\sqlparse\sql.py first seen with mtime 1773145192.8428211
File C:\Users\user\AppData\Local\Programs\Python\Python312\Lib\json\__init__.py first seen with mtime 1738656312.0
File C:\mypython3\django\Lib\site-packages\django\template\loader_tags.py first seen with mtime 1773145196.2536273
File C:\mypython3\django\Lib\site-packages\django\utils\copy.py first seen with mtime 1773145196.2887466
File C:\mypython3\django\Lib\site-packages\django\utils\module_loading.py first seen with mtime 1773145196.3050413
File C:\mypython3\django\Lib\site-packages\django\core\files\base.py first seen with mtime 1773145196.0051029
File C:\Users\user\AppData\Local\Programs\Python\Python312\Lib\asyncio\events.py first seen with mtime 1738656312.0
File C:\mypython3\django\Lib\site-packages\django\contrib\admin\options.py first seen with mtime 1773145193.5018322
File C:\mypython3\django\Lib\site-packages\django\db\models\fields\mixins.py first seen with mtime 1773145196.141822
File C:\Users\user\AppData\Local\Programs\Python\Python312\Lib\string.py first seen with mtime 1738656312.0
File C:\mypython3\django\Lib\site-packages\django\core\checks\database.py first seen with mtime 1773145195.9956176
File C:\mypython3\django\Lib\site-packages\django\views\generic\edit.py first seen with mtime 1773145196.3316674
File C:\mypython3\django\Lib\site-packages\django\utils\translation\trans_real.py first seen with mtime 1773145196.3164568
File C:\Users\user\AppData\Local\Programs\Python\Python312\DLLs\_uuid.pyd first seen with mtime 1738656366.0
File C:\Users\user\AppData\Local\Programs\Python\Python312\Lib\traceback.py first seen with mtime 1738656314.0
File C:\Users\user\AppData\Local\Programs\Python\Python312\Lib\email\parser.py first seen with mtime 1738656312.0
File C:\Users\user\AppData\Local\Programs\Python\Python312\Lib\encodings\utf_8_sig.py first seen with mtime 1738656312.0
File C:\mypython3\django\Lib\site-packages\django\views\__init__.py first seen with mtime 1773145196.31751
File C:\mypython3\django\Lib\site-packages\sqlparse\filters\reindent.py first seen with mtime 1773145192.8509643
File C:\Users\user\AppData\Local\Programs\Python\Python312\Lib\asyncio\base_subprocess.py first seen with mtime 1738656312.0
File C:\Users\user\AppData\Local\Programs\Python\Python312\Lib\logging\handlers.py first seen with mtime 1738656312.0
File C:\mypython3\django\Lib\site-packages\django\db\backends\utils.py first seen with mtime 1773145196.058589
File C:\mypython3\django\Lib\site-packages\django\core\checks\security\base.py first seen with mtime 1773145196.0020945
File C:\mypython3\django\Lib\site-packages\django\urls\exceptions.py first seen with mtime 1773145196.2792509
File C:\mypython3\django\Lib\site-packages\django\db\models\fields\related_lookups.py first seen with mtime 1773145196.1449113
File C:\Users\user\AppData\Local\Programs\Python\Python312\Lib\socket.py first seen with mtime 1738656312.0
File C:\Users\user\AppData\Local\Programs\Python\Python312\Lib\glob.py first seen with mtime 1738656312.0
File C:\mypython3\django\Lib\site-packages\django\db\backends\sqlite3\creation.py first seen with mtime 1773145196.1094236
File C:\mypython3\django\Lib\site-packages\django\core\signals.py first seen with mtime 1773145195.9817367
File C:\Users\user\AppData\Local\Programs\Python\Python312\Lib\argparse.py first seen with mtime 1738656312.0
File C:\mypython3\django\Lib\site-packages\django\utils\asyncio.py first seen with mtime 1773145196.284721
File C:\mypython3\django\Lib\site-packages\django\views\decorators\__init__.py first seen with mtime 1773145196.3217947
File C:\Users\user\AppData\Local\Programs\Python\Python312\Lib\concurrent\futures\_base.py first seen with mtime 1738656312.0
File C:\Users\user\AppData\Local\Programs\Python\Python312\Lib\asyncio\staggered.py first seen with mtime 1738656312.0
File C:\mypython3\django\Lib\site-packages\django\__init__.py first seen with mtime 1773145193.0611882
File C:\mypython3\django\Lib\site-packages\django\core\cache\__init__.py first seen with mtime 1773145195.9847455
File C:\mypython3\django\Lib\site-packages\sqlparse\cli.py first seen with mtime 1773145192.837533
File C:\mypython3\django\Lib\site-packages\django\contrib\messages\api.py first seen with mtime 1773145195.2104838
File C:\Users\user\AppData\Local\Programs\Python\Python312\Lib\asyncio\timeouts.py first seen with mtime 1738656312.0
File C:\mypython3\django\Lib\site-packages\django\template\backends\__init__.py first seen with mtime 1773145196.2559953
File C:\mypython3\django\Lib\site-packages\django\shortcuts.py first seen with mtime 1773145193.0633047
File C:\mypython3\django\Lib\site-packages\django\views\decorators\debug.py first seen with mtime 1773145196.325538
File C:\Users\user\AppData\Local\Programs\Python\Python312\Lib\queue.py first seen with mtime 1738656312.0
File C:\mypython3\django\Lib\site-packages\django\template\engine.py first seen with mtime 1773145196.2499743
File C:\Users\user\AppData\Local\Programs\Python\Python312\Lib\email\policy.py first seen with mtime 1738656312.0
File C:\mypython3\django\Lib\site-packages\django\db\backends\sqlite3\schema.py first seen with mtime 1773145196.113003
File C:\mypython3\django\Lib\site-packages\django\db\models\functions\window.py first seen with mtime 1773145196.15149
File C:\mypython3\django\Lib\site-packages\django\contrib\admin\templatetags\admin_modify.py first seen with mtime 1773145193.9964445
File C:\Users\user\AppData\Local\Programs\Python\Python312\Lib\email\_header_value_parser.py first seen with mtime 1738656312.0
File C:\Users\user\AppData\Local\Programs\Python\Python312\Lib\tokenize.py first seen with mtime 1738656314.0
File C:\mypython3\django\Lib\site-packages\django\core\files\move.py first seen with mtime 1773145196.0071077
File C:\Users\user\AppData\Local\Programs\Python\Python312\Lib\asyncio\__init__.py first seen with mtime 1738656312.0
File C:\mypython3\django\Lib\site-packages\sqlparse\engine\grouping.py first seen with mtime 1773145192.8464475
File C:\mypython3\django\Lib\site-packages\django\core\management\base.py first seen with mtime 1773145196.0260246
File C:\mypython3\django\Lib\site-packages\django\contrib\admin\actions.py first seen with mtime 1773145193.4940405
File C:\Users\user\AppData\Local\Programs\Python\Python312\Lib\urllib\request.py first seen with mtime 1738656314.0
File C:\mypython3\django\Lib\site-packages\django\db\models\functions\mixins.py first seen with mtime 1773145196.1504881
File C:\mypython3\django\Lib\site-packages\django\utils\version.py first seen with mtime 1773145196.3117063
File C:\Users\user\AppData\Local\Programs\Python\Python312\Lib\gettext.py first seen with mtime 1738656312.0
File C:\mypython3\django\Lib\site-packages\django\core\cache\backends\__init__.py first seen with mtime 1773145195.9857483
File C:\mypython3\django\Lib\site-packages\django\views\generic\detail.py first seen with mtime 1773145196.3303373
File C:\Users\user\AppData\Local\Programs\Python\Python312\Lib\asyncio\threads.py first seen with mtime 1738656312.0
File C:\mypython3\django\Lib\site-packages\django\forms\renderers.py first seen with mtime 1773145196.1649306
File C:\Users\user\AppData\Local\Programs\Python\Python312\Lib\_markupbase.py first seen with mtime 1738656312.0
File C:\Users\user\AppData\Local\Programs\Python\Python312\Lib\base64.py first seen with mtime 1738656312.0
File C:\mypython3\django\Lib\site-packages\django\db\backends\base\validation.py first seen with mtime 1773145196.0737398
File C:\Users\user\AppData\Local\Programs\Python\Python312\Lib\difflib.py first seen with mtime 1738656312.0
File C:\Users\user\AppData\Local\Programs\Python\Python312\Lib\functools.py first seen with mtime 1738656312.0
File C:\mypython3\django\Lib\site-packages\django\utils\duration.py first seen with mtime 1773145196.2962735
File C:\mypython3\django\Lib\site-packages\django\core\handlers\wsgi.py first seen with mtime 1773145196.0171359
File C:\mypython3\django\Scripts\hello_django\hello_django\urls.py first seen with mtime 1773146754.8780456
File C:\mypython3\django\Lib\site-packages\django\core\files\uploadhandler.py first seen with mtime 1773145196.00958
File C:\mypython3\django\Lib\site-packages\django\contrib\contenttypes\views.py first seen with mtime 1773145194.415163
File C:\Users\user\AppData\Local\Programs\Python\Python312\Lib\datetime.py first seen with mtime 1738656312.0
File C:\Users\user\AppData\Local\Programs\Python\Python312\DLLs\unicodedata.pyd first seen with mtime 1738656366.0
File C:\Users\user\AppData\Local\Programs\Python\Python312\Lib\shutil.py first seen with mtime 1738656312.0
File C:\mypython3\django\Lib\site-packages\django\contrib\auth\validators.py first seen with mtime 1773145194.211765
File C:\mypython3\django\Lib\site-packages\django\core\checks\compatibility\django_4_0.py first seen with mtime 1773145196.0010917
File C:\mypython3\django\Lib\site-packages\django\db\backends\sqlite3\features.py first seen with mtime 1773145196.1094236
File C:\Users\user\AppData\Local\Programs\Python\Python312\DLLs\_asyncio.pyd first seen with mtime 1738656366.0
File C:\mypython3\django\Lib\site-packages\django\db\migrations\state.py first seen with mtime 1773145196.121103
File C:\mypython3\django\Lib\site-packages\django\forms\fields.py first seen with mtime 1773145196.1619065
File C:\mypython3\django\Lib\site-packages\django\db\migrations\operations\base.py first seen with mtime 1773145196.1241107
File C:\mypython3\django\Lib\site-packages\django\template\backends\base.py first seen with mtime 1773145196.256998
File C:\mypython3\django\Lib\site-packages\sqlparse\lexer.py first seen with mtime 1773145192.8408105
File C:\mypython3\django\Lib\site-packages\django\template\__init__.py first seen with mtime 1773145196.245047
File C:\mypython3\django\Lib\site-packages\django\db\backends\signals.py first seen with mtime 1773145196.057587
File C:\mypython3\django\Lib\site-packages\django\utils\dateparse.py first seen with mtime 1773145196.2914486
File C:\mypython3\django\Lib\site-packages\django\contrib\auth\base_user.py first seen with mtime 1773145194.2031653
File C:\mypython3\django\Lib\site-packages\django\contrib\admin\templatetags\__init__.py first seen with mtime 1773145193.9942608
File C:\mypython3\django\Lib\site-packages\sqlparse\filters\output.py first seen with mtime 1773145192.8499115
File C:\Users\user\AppData\Local\Programs\Python\Python312\Lib\uuid.py first seen with mtime 1738656314.0
File C:\mypython3\django\Lib\site-packages\django\db\models\functions\text.py first seen with mtime 1773145196.15149
File C:\mypython3\django\Lib\site-packages\django\contrib\sessions\middleware.py first seen with mtime 1773145195.562503
File C:\mypython3\django\Lib\site-packages\sqlparse\formatter.py first seen with mtime 1773145192.8398044
File C:\mypython3\django\Lib\site-packages\django\core\checks\security\csrf.py first seen with mtime 1773145196.003097
File C:\Users\user\AppData\Local\Programs\Python\Python312\Lib\html\entities.py first seen with mtime 1738656312.0
File C:\mypython3\django\Lib\site-packages\django\contrib\admin\sites.py first seen with mtime 1773145193.5029588
File C:\Users\user\AppData\Local\Programs\Python\Python312\Lib\asyncio\subprocess.py first seen with mtime 1738656312.0
File C:\mypython3\django\Lib\site-packages\django\contrib\admin\views\__init__.py first seen with mtime 1773145193.999184
File C:\mypython3\django\Lib\site-packages\django\contrib\messages\storage\base.py first seen with mtime 1773145195.216087
File C:\Users\user\AppData\Local\Programs\Python\Python312\Lib\asyncio\tasks.py first seen with mtime 1738656312.0
File C:\Users\user\AppData\Local\Programs\Python\Python312\DLLs\_sqlite3.pyd first seen with mtime 1738656366.0
File C:\mypython3\django\Lib\site-packages\django\core\checks\__init__.py first seen with mtime 1773145195.9926045
File C:\Users\user\AppData\Local\Programs\Python\Python312\Lib\platform.py first seen with mtime 1738656312.0
File C:\mypython3\django\Lib\site-packages\django\db\backends\sqlite3\base.py first seen with mtime 1773145196.1074038
File C:\Users\user\AppData\Local\Programs\Python\Python312\DLLs\_hashlib.pyd first seen with mtime 1738656366.0
File C:\mypython3\django\Lib\site-packages\django\http\response.py first seen with mtime 1773145196.2320373
File C:\mypython3\django\Lib\site-packages\django\core\cache\backends\base.py first seen with mtime 1773145195.9867523
File C:\Users\user\AppData\Local\Programs\Python\Python312\Lib\asyncio\proactor_events.py first seen with mtime 1738656312.0
File C:\mypython3\django\Lib\site-packages\django\http\cookie.py first seen with mtime 1773145196.2290022
File C:\mypython3\django\Lib\site-packages\django\utils\decorators.py first seen with mtime 1773145196.2951896
File C:\mypython3\django\Lib\site-packages\django\db\models\functions\__init__.py first seen with mtime 1773145196.1471357
File C:\mypython3\django\Lib\site-packages\django\views\generic\dates.py first seen with mtime 1773145196.3303373
File C:\mypython3\django\Lib\site-packages\django\http\multipartparser.py first seen with mtime 1773145196.2300172
File C:\mypython3\django\Lib\site-packages\django\db\models\lookups.py first seen with mtime 1773145196.133716
File C:\Users\user\AppData\Local\Programs\Python\Python312\Lib\asyncio\constants.py first seen with mtime 1738656312.0
File C:\Users\user\AppData\Local\Programs\Python\Python312\Lib\socketserver.py first seen with mtime 1738656312.0
File C:\mypython3\django\Lib\site-packages\django\contrib\admin\templatetags\admin_list.py first seen with mtime 1773145193.9954436
File C:\mypython3\django\Lib\site-packages\django\core\files\storage\base.py first seen with mtime 1773145196.0107872
File C:\mypython3\django\Lib\site-packages\django\template\base.py first seen with mtime 1773145196.2468977
File C:\Users\user\AppData\Local\Programs\Python\Python312\Lib\multiprocessing\reduction.py first seen with mtime 1738656312.0
File C:\Users\user\AppData\Local\Programs\Python\Python312\Lib\re\_parser.py first seen with mtime 1738656312.0
File C:\mypython3\django\Lib\site-packages\django\apps\registry.py first seen with mtime 1773145193.0654418
File C:\mypython3\django\Lib\site-packages\django\db\models\fields\related_descriptors.py first seen with mtime 1773145196.1449113
File C:\Users\user\AppData\Local\Programs\Python\Python312\Lib\http\server.py first seen with mtime 1738656312.0
File C:\Users\user\AppData\Local\Programs\Python\Python312\Lib\email\contentmanager.py first seen with mtime 1738656312.0
File C:\mypython3\django\Lib\site-packages\django\utils\html.py first seen with mtime 1773145196.3005579
File C:\mypython3\django\Lib\site-packages\django\dispatch\__init__.py first seen with mtime 1773145196.1578827
File C:\mypython3\django\Lib\site-packages\django\db\backends\sqlite3\client.py first seen with mtime 1773145196.1084104
File C:\mypython3\django\Lib\site-packages\django\utils\lorem_ipsum.py first seen with mtime 1773145196.3050413
File C:\mypython3\django\Lib\site-packages\django\core\files\images.py first seen with mtime 1773145196.006105
File C:\mypython3\django\Lib\site-packages\django\utils\timesince.py first seen with mtime 1773145196.3096595
File C:\Users\user\AppData\Local\Programs\Python\Python312\Lib\encodings\aliases.py first seen with mtime 1738656312.0
File C:\mypython3\django\Lib\site-packages\django\db\backends\sqlite3\__init__.py first seen with mtime 1773145196.1062877
File C:\mypython3\django\Lib\site-packages\sqlparse\keywords.py first seen with mtime 1773145192.8408105
File C:\mypython3\django\Lib\site-packages\_virtualenv.py first seen with mtime 1773145102.794879
File C:\Users\user\AppData\Local\Programs\Python\Python312\DLLs\_decimal.pyd first seen with mtime 1738656366.0
File C:\mypython3\django\Lib\site-packages\django\db\backends\base\__init__.py first seen with mtime 1773145196.0595918
File C:\mypython3\django\Lib\site-packages\django\db\migrations\migration.py first seen with mtime 1773145196.1180944
File C:\mypython3\django\Lib\site-packages\django\templatetags\l10n.py first seen with mtime 1773145196.2664125
File C:\mypython3\django\Lib\site-packages\django\core\serializers\python.py first seen with mtime 1773145196.051571
File C:\mypython3\django\Lib\site-packages\django\template\exceptions.py first seen with mtime 1773145196.2509928
File C:\Users\user\AppData\Local\Programs\Python\Python312\Lib\wsgiref\headers.py first seen with mtime 1738656314.0
File C:\mypython3\django\Lib\site-packages\django\templatetags\__init__.py first seen with mtime 1773145196.2641056
File C:\mypython3\django\Lib\site-packages\django\template\defaultfilters.py first seen with mtime 1773145196.2489684
File C:\mypython3\django\Lib\site-packages\django\middleware\cache.py first seen with mtime 1773145196.2330432
File C:\Users\user\AppData\Local\Programs\Python\Python312\Lib\copyreg.py first seen with mtime 1738656312.0
File C:\mypython3\django\Lib\site-packages\django\core\checks\files.py first seen with mtime 1773145195.9956176
File C:\mypython3\django\Lib\site-packages\django\contrib\auth\decorators.py first seen with mtime 1773145194.2058501
File C:\mypython3\django\Lib\site-packages\django\db\models\functions\comparison.py first seen with mtime 1773145196.14814
File C:\Users\user\AppData\Local\Programs\Python\Python312\Lib\sqlite3\dbapi2.py first seen with mtime 1738656312.0
File C:\mypython3\django\Lib\site-packages\django\contrib\auth\checks.py first seen with mtime 1773145194.2036693
File C:\mypython3\django\Lib\site-packages\django\core\handlers\base.py first seen with mtime 1773145196.0159414
File C:\mypython3\django\Lib\site-packages\django\core\files\storage\memory.py first seen with mtime 1773145196.0128129
File C:\mypython3\django\Lib\site-packages\django\core\cache\backends\filebased.py first seen with mtime 1773145195.9891803
File C:\Users\user\AppData\Local\Programs\Python\Python312\Lib\typing.py first seen with mtime 1738656314.0
File C:\mypython3\django\Lib\site-packages\django\core\files\utils.py first seen with mtime 1773145196.00958
File C:\mypython3\django\Lib\site-packages\django\template\library.py first seen with mtime 1773145196.252318
File C:\mypython3\django\Lib\site-packages\django\core\checks\security\sessions.py first seen with mtime 1773145196.0041006
File C:\mypython3\django\Lib\site-packages\django\core\signing.py first seen with mtime 1773145195.9827394
File C:\mypython3\django\Lib\site-packages\django\contrib\admin\helpers.py first seen with mtime 1773145193.4997232
File C:\mypython3\django\Lib\site-packages\django\db\models\base.py first seen with mtime 1773145196.128121
File C:\mypython3\django\Lib\site-packages\django\contrib\contenttypes\fields.py first seen with mtime 1773145194.4131591
File C:\mypython3\django\Lib\site-packages\django\conf\locale\__init__.py first seen with mtime 1773145193.0745852
File C:\mypython3\django\Lib\site-packages\django\utils\cache.py first seen with mtime 1773145196.2874978
File C:\Users\user\AppData\Local\Programs\Python\Python312\Lib\email\mime\multipart.py first seen with mtime 1738656312.0
File C:\mypython3\django\Lib\site-packages\django\core\checks\urls.py first seen with mtime 1773145196.0000894
File C:\Users\user\AppData\Local\Programs\Python\Python312\Lib\pathlib.py first seen with mtime 1738656312.0
File C:\Users\user\AppData\Local\Programs\Python\Python312\Lib\tempfile.py first seen with mtime 1738656312.0
File C:\Users\user\AppData\Local\Programs\Python\Python312\Lib\asyncio\streams.py first seen with mtime 1738656312.0
File C:\mypython3\django\Lib\site-packages\django\contrib\contenttypes\admin.py first seen with mtime 1773145194.411154
File C:\mypython3\django\Lib\site-packages\django\urls\utils.py first seen with mtime 1773145196.2802548
File C:\Users\user\AppData\Local\Programs\Python\Python312\Lib\hmac.py first seen with mtime 1738656312.0
File C:\mypython3\django\Lib\site-packages\django\core\files\temp.py first seen with mtime 1773145196.0071077
File C:\mypython3\django\Lib\site-packages\django\core\handlers\asgi.py first seen with mtime 1773145196.0159414
File C:\mypython3\django\Lib\site-packages\django\contrib\auth\templatetags\__init__.py first seen with mtime 1773145194.4091442
File C:\mypython3\django\Lib\site-packages\django\contrib\auth\__init__.py first seen with mtime 1773145194.2009065
File C:\mypython3\django\Scripts\hello_django\hello_django\__init__.py first seen with mtime 1773146754.8790936
File C:\mypython3\django\Lib\site-packages\django\core\handlers\__init__.py first seen with mtime 1773145196.0148456
File C:\mypython3\django\Lib\site-packages\django\template\loaders\app_directories.py first seen with mtime 1773145196.2604578
File C:\mypython3\django\Lib\site-packages\sqlparse\__init__.py first seen with mtime 1773145192.8363185
File C:\Users\user\AppData\Local\Programs\Python\Python312\Lib\gzip.py first seen with mtime 1738656312.0
File C:\mypython3\django\Scripts\hello_django\hello_django\settings.py first seen with mtime 1773209223.785567
File C:\mypython3\django\Lib\site-packages\django\forms\models.py first seen with mtime 1773145196.1639163
File C:\mypython3\django\Lib\site-packages\django\db\migrations\exceptions.py first seen with mtime 1773145196.1150866
File C:\mypython3\django\Lib\site-packages\django\utils\http.py first seen with mtime 1773145196.3016546
File C:\mypython3\django\Lib\site-packages\django\template\backends\django.py first seen with mtime 1773145196.256998
File C:\Users\user\AppData\Local\Programs\Python\Python312\Lib\email\charset.py first seen with mtime 1738656312.0
File C:\mypython3\django\Lib\site-packages\django\utils\translation\reloader.py first seen with mtime 1773145196.3137293
File C:\mypython3\django\Lib\site-packages\django\contrib\staticfiles\management\commands\runserver.py first seen with mtime 1773145195.976585
File C:\Users\user\AppData\Local\Programs\Python\Python312\Lib\token.py first seen with mtime 1738656314.0
File C:\mypython3\django\Lib\site-packages\django\db\models\deletion.py first seen with mtime 1773145196.130504
File C:\mypython3\django\Lib\site-packages\django\db\models\query_utils.py first seen with mtime 1773145196.1357875
File C:\mypython3\django\Lib\site-packages\asgiref\__init__.py first seen with mtime 1773145192.9425004
File C:\Users\user\AppData\Local\Programs\Python\Python312\Lib\struct.py first seen with mtime 1738656312.0
File C:\Users\user\AppData\Local\Programs\Python\Python312\Lib\types.py first seen with mtime 1738656314.0
File C:\Users\user\AppData\Local\Programs\Python\Python312\DLLs\_lzma.pyd first seen with mtime 1738656366.0
File C:\Users\user\AppData\Local\Programs\Python\Python312\Lib\_weakrefset.py first seen with mtime 1738656312.0
File C:\mypython3\django\Lib\site-packages\django\core\checks\templates.py first seen with mtime 1773145195.9976888
File C:\mypython3\django\Lib\site-packages\django\core\checks\commands.py first seen with mtime 1773145195.9946108
File C:\Users\user\AppData\Local\Programs\Python\Python312\Lib\random.py first seen with mtime 1738656312.0
File C:\mypython3\django\Lib\site-packages\django\db\backends\sqlite3\_functions.py first seen with mtime 1773145196.1074038
File C:\Users\user\AppData\Local\Programs\Python\Python312\Lib\http\__init__.py first seen with mtime 1738656312.0
File C:\Users\user\AppData\Local\Programs\Python\Python312\Lib\re\_constants.py first seen with mtime 1738656312.0
File C:\mypython3\django\Lib\site-packages\sqlparse\filters\aligned_indent.py first seen with mtime 1773145192.848455
File C:\mypython3\django\Lib\site-packages\asgiref\current_thread_executor.py first seen with mtime 1773145192.9433763
File C:\Users\user\AppData\Local\Programs\Python\Python312\Lib\quopri.py first seen with mtime 1738656312.0
File C:\Users\user\AppData\Local\Programs\Python\Python312\Lib\bz2.py first seen with mtime 1738656312.0
File C:\mypython3\django\Lib\site-packages\django\db\models\fields\proxy.py first seen with mtime 1773145196.1428242
File C:\mypython3\django\Lib\site-packages\django\contrib\contenttypes\apps.py first seen with mtime 1773145194.4121568
File C:\Users\user\AppData\Local\Programs\Python\Python312\Lib\multiprocessing\context.py first seen with mtime 1738656312.0
File C:\mypython3\django\Lib\site-packages\django\utils\choices.py first seen with mtime 1773145196.2874978
File C:\mypython3\django\Lib\site-packages\django\db\models\__init__.py first seen with mtime 1773145196.127118
File C:\Users\user\AppData\Local\Programs\Python\Python312\Lib\heapq.py first seen with mtime 1738656312.0
File C:\mypython3\django\Lib\site-packages\django\utils\safestring.py first seen with mtime 1773145196.3072007
File C:\mypython3\django\Lib\site-packages\django\utils\deprecation.py first seen with mtime 1773145196.2951896
File C:\mypython3\django\Lib\site-packages\django\contrib\contenttypes\__init__.py first seen with mtime 1773145194.411154
File C:\mypython3\django\Lib\site-packages\django\db\backends\sqlite3\introspection.py first seen with mtime 1773145196.110429
File C:\Users\user\AppData\Local\Programs\Python\Python312\Lib\email\mime\base.py first seen with mtime 1738656312.0
File C:\Users\user\AppData\Local\Programs\Python\Python312\Lib\re\_casefix.py first seen with mtime 1738656312.0
File C:\mypython3\django\Lib\site-packages\django\core\checks\messages.py first seen with mtime 1773145195.996686
File C:\mypython3\django\Lib\site-packages\django\contrib\messages\apps.py first seen with mtime 1773145195.2114909
File C:\mypython3\django\Lib\site-packages\django\core\files\uploadedfile.py first seen with mtime 1773145196.0081103
File C:\mypython3\django\Lib\site-packages\django\core\files\storage\__init__.py first seen with mtime 1773145196.0107872
File C:\mypython3\django\Lib\site-packages\django\db\models\utils.py first seen with mtime 1773145196.137802
File C:\mypython3\django\Lib\site-packages\django\contrib\admin\__init__.py first seen with mtime 1773145193.4930222
File C:\mypython3\django\Lib\site-packages\django\contrib\staticfiles\__init__.py first seen with mtime 1773145195.966913
File C:\Users\user\AppData\Local\Programs\Python\Python312\Lib\urllib\response.py first seen with mtime 1738656314.0
File C:\mypython3\django\Lib\site-packages\django\contrib\sessions\__init__.py first seen with mtime 1773145195.5604944
File C:\mypython3\django\Lib\site-packages\django\utils\numberformat.py first seen with mtime 1773145196.306123
File C:\mypython3\django\Lib\site-packages\django\db\migrations\__init__.py first seen with mtime 1773145196.1140866
File C:\mypython3\django\Lib\site-packages\django\db\models\expressions.py first seen with mtime 1773145196.1317077
File C:\mypython3\django\Lib\site-packages\django\db\models\fields\json.py first seen with mtime 1773145196.141822
File C:\Users\user\AppData\Local\Programs\Python\Python312\Lib\locale.py first seen with mtime 1738656312.0
File C:\Users\user\AppData\Local\Programs\Python\Python312\Lib\asyncio\coroutines.py first seen with mtime 1738656312.0
File C:\Users\user\AppData\Local\Programs\Python\Python312\Lib\http\cookies.py first seen with mtime 1738656312.0
File C:\Users\user\AppData\Local\Programs\Python\Python312\Lib\ctypes\_endian.py first seen with mtime 1738656312.0
File C:\mypython3\django\Lib\site-packages\django\core\servers\basehttp.py first seen with mtime 1773145196.053576
File C:\mypython3\django\Lib\site-packages\django\forms\forms.py first seen with mtime 1773145196.1629066
File C:\Users\user\AppData\Local\Programs\Python\Python312\DLLs\_queue.pyd first seen with mtime 1738656366.0
File C:\mypython3\django\Lib\site-packages\django\db\backends\base\introspection.py first seen with mtime 1773145196.0626051
File C:\mypython3\django\Lib\site-packages\django\contrib\contenttypes\checks.py first seen with mtime 1773145194.4121568
File C:\mypython3\django\Lib\site-packages\django\core\mail\utils.py first seen with mtime 1773145196.0191846
File C:\mypython3\django\Lib\site-packages\django\templatetags\static.py first seen with mtime 1773145196.2664125
File C:\Users\user\AppData\Local\Programs\Python\Python312\DLLs\select.pyd first seen with mtime 1738656366.0
File C:\Users\user\AppData\Local\Programs\Python\Python312\Lib\operator.py first seen with mtime 1738656312.0
File C:\Users\user\AppData\Local\Programs\Python\Python312\Lib\statistics.py first seen with mtime 1738656312.0
File C:\Users\user\AppData\Local\Programs\Python\Python312\Lib\email\errors.py first seen with mtime 1738656312.0
File C:\mypython3\django\Lib\site-packages\django\utils\tree.py first seen with mtime 1773145196.3107
File C:\Users\user\AppData\Local\Programs\Python\Python312\Lib\asyncio\futures.py first seen with mtime 1738656312.0
File C:\mypython3\django\Lib\site-packages\django\core\validators.py first seen with mtime 1773145195.9827394
File C:\Users\user\AppData\Local\Programs\Python\Python312\Lib\urllib\parse.py first seen with mtime 1738656314.0
File C:\Users\user\AppData\Local\Programs\Python\Python312\Lib\fnmatch.py first seen with mtime 1738656312.0
File C:\mypython3\django\Lib\site-packages\django\core\checks\registry.py first seen with mtime 1773145195.9976888
File C:\mypython3\django\Lib\site-packages\django\db\models\functions\datetime.py first seen with mtime 1773145196.14814
File C:\mypython3\django\Lib\site-packages\django\db\migrations\operations\models.py first seen with mtime 1773145196.125113
File C:\Users\user\AppData\Local\Programs\Python\Python312\Lib\asyncio\trsock.py first seen with mtime 1738656312.0
File C:\mypython3\django\Lib\site-packages\sqlparse\engine\__init__.py first seen with mtime 1773145192.8452957
File C:\mypython3\django\Lib\site-packages\django\utils\log.py first seen with mtime 1773145196.3038268
File C:\mypython3\django\Lib\site-packages\django\db\backends\base\base.py first seen with mtime 1773145196.0595918
File C:\Users\user\AppData\Local\Programs\Python\Python312\Lib\encodings\utf_8.py first seen with mtime 1738656312.0
File C:\mypython3\django\Lib\site-packages\django\db\models\sql\__init__.py first seen with mtime 1773145196.152493
File C:\Users\user\AppData\Local\Programs\Python\Python312\Lib\html\__init__.py first seen with mtime 1738656312.0
File C:\Users\user\AppData\Local\Programs\Python\Python312\Lib\enum.py first seen with mtime 1738656312.0
File C:\Users\user\AppData\Local\Programs\Python\Python312\Lib\dis.py first seen with mtime 1738656312.0
File C:\Users\user\AppData\Local\Programs\Python\Python312\Lib\http\client.py first seen with mtime 1738656312.0
File C:\mypython3\django\Lib\site-packages\django\db\models\fields\generated.py first seen with mtime 1773145196.1398132
File C:\mypython3\django\Lib\site-packages\django\db\models\enums.py first seen with mtime 1773145196.1317077
File C:\mypython3\django\Lib\site-packages\django\contrib\admin\apps.py first seen with mtime 1773145193.4951673
File C:\mypython3\django\Lib\site-packages\django\core\__init__.py first seen with mtime 1773145195.978595
File C:\mypython3\django\Lib\site-packages\django\db\backends\base\features.py first seen with mtime 1773145196.0615973
File C:\mypython3\django\Lib\site-packages\django\core\files\storage\mixins.py first seen with mtime 1773145196.0138185
File C:\mypython3\django\Lib\site-packages\django\utils\deconstruct.py first seen with mtime 1773145196.2939546
File C:\mypython3\django\Lib\site-packages\django\db\models\sql\datastructures.py first seen with mtime 1773145196.1544979
File C:\Users\user\AppData\Local\Programs\Python\Python312\Lib\dataclasses.py first seen with mtime 1738656312.0
File C:\Users\user\AppData\Local\Programs\Python\Python312\Lib\concurrent\__init__.py first seen with mtime 1738656312.0
File C:\mypython3\django\Lib\site-packages\django\core\checks\model_checks.py first seen with mtime 1773145195.996686
File C:\mypython3\django\Lib\site-packages\django\db\backends\base\client.py first seen with mtime 1773145196.0605943
File C:\mypython3\django\Lib\site-packages\django\db\models\fields\composite.py first seen with mtime 1773145196.1388083
File C:\mypython3\django\Lib\site-packages\django\views\decorators\csp.py first seen with mtime 1773145196.3242855
File C:\mypython3\django\Lib\site-packages\sqlparse\filters\tokens.py first seen with mtime 1773145192.8523216
File C:\mypython3\django\Lib\site-packages\django\db\models\sql\where.py first seen with mtime 1773145196.1578827
File C:\Users\user\AppData\Local\Programs\Python\Python312\Lib\threading.py first seen with mtime 1738656314.0
File C:\mypython3\django\Lib\site-packages\django\core\files\storage\handler.py first seen with mtime 1773145196.0128129
File C:\Users\user\AppData\Local\Programs\Python\Python312\Lib\encodings\cp950.py first seen with mtime 1738656312.0
File C:\Users\user\AppData\Local\Programs\Python\Python312\Lib\mimetypes.py first seen with mtime 1738656312.0
File C:\mypython3\django\Lib\site-packages\django\middleware\csrf.py first seen with mtime 1773145196.236068
File C:\Users\user\AppData\Local\Programs\Python\Python312\Lib\email\headerregistry.py first seen with mtime 1738656312.0
File C:\Users\user\AppData\Local\Programs\Python\Python312\Lib\concurrent\futures\thread.py first seen with mtime 1738656312.0
File C:\mypython3\django\Lib\site-packages\django\contrib\admin\views\autocomplete.py first seen with mtime 1773145194.000275
File C:\mypython3\django\Lib\site-packages\django\contrib\auth\signals.py first seen with mtime 1773145194.2097628
File C:\mypython3\django\Lib\site-packages\django\db\backends\base\creation.py first seen with mtime 1773145196.0605943
File C:\mypython3\django\Lib\site-packages\django\contrib\auth\models.py first seen with mtime 1773145194.209344
File C:\mypython3\django\Lib\site-packages\django\core\wsgi.py first seen with mtime 1773145195.9837432
File C:\mypython3\django\Lib\site-packages\django\views\decorators\csrf.py first seen with mtime 1773145196.325538
File C:\mypython3\django\Lib\site-packages\django\utils\ipv6.py first seen with mtime 1773145196.3027143
File C:\Users\user\AppData\Local\Programs\Python\Python312\Lib\collections\__init__.py first seen with mtime 1738656312.0
File C:\mypython3\django\Lib\site-packages\django\core\files\__init__.py first seen with mtime 1773145196.0051029
File C:\Users\user\AppData\Local\Programs\Python\Python312\Lib\pprint.py first seen with mtime 1738656312.0
File C:\mypython3\django\Lib\site-packages\django\views\generic\base.py first seen with mtime 1773145196.3288577
File C:\mypython3\django\Lib\site-packages\django\apps\__init__.py first seen with mtime 1773145193.0633047
File C:\Users\user\AppData\Local\Programs\Python\Python312\Lib\signal.py first seen with mtime 1738656312.0
File C:\Users\user\AppData\Local\Programs\Python\Python312\Lib\email\generator.py first seen with mtime 1738656312.0
File C:\Users\user\AppData\Local\Programs\Python\Python312\Lib\asyncio\windows_events.py first seen with mtime 1738656312.0
File C:\mypython3\django\Lib\site-packages\django\template\loaders\cached.py first seen with mtime 1773145196.2619398
File C:\mypython3\django\Lib\site-packages\django\http\__init__.py first seen with mtime 1773145196.2290022
File C:\Users\user\AppData\Local\Programs\Python\Python312\DLLs\_socket.pyd first seen with mtime 1738656366.0
File C:\mypython3\django\Lib\site-packages\django\db\models\signals.py first seen with mtime 1773145196.1367948
File C:\mypython3\django\Lib\site-packages\django\template\loaders\__init__.py first seen with mtime 1773145196.2604578
File C:\Users\user\AppData\Local\Programs\Python\Python312\Lib\logging\__init__.py first seen with mtime 1738656312.0
File C:\Users\user\AppData\Local\Programs\Python\Python312\Lib\email\utils.py first seen with mtime 1738656312.0
File C:\mypython3\django\Lib\site-packages\django\views\i18n.py first seen with mtime 1773145196.3195925
File C:\mypython3\django\Lib\site-packages\django\utils\_os.py first seen with mtime 1773145196.2823725
File C:\Users\user\AppData\Local\Programs\Python\Python312\Lib\wsgiref\simple_server.py first seen with mtime 1738656314.0
File C:\mypython3\django\Lib\site-packages\django\utils\regex_helper.py first seen with mtime 1773145196.306123
File C:\Users\user\AppData\Local\Programs\Python\Python312\Lib\email\base64mime.py first seen with mtime 1738656312.0
File C:\Users\user\AppData\Local\Programs\Python\Python312\Lib\html\parser.py first seen with mtime 1738656312.0
File C:\mypython3\django\Lib\site-packages\django\db\migrations\operations\special.py first seen with mtime 1773145196.1261158
File C:\mypython3\django\Lib\site-packages\django\contrib\staticfiles\checks.py first seen with mtime 1773145195.9679174
File C:\Users\user\AppData\Local\Programs\Python\Python312\Lib\asyncio\runners.py first seen with mtime 1738656312.0
File C:\mypython3\django\Lib\site-packages\sqlparse\utils.py first seen with mtime 1773145192.8442674
File C:\Users\user\AppData\Local\Programs\Python\Python312\Lib\email\__init__.py first seen with mtime 1738656312.0
File C:\Users\user\AppData\Local\Programs\Python\Python312\Lib\importlib\__init__.py first seen with mtime 1738656312.0
File C:\mypython3\django\Lib\site-packages\django\db\models\aggregates.py first seen with mtime 1773145196.127118
File C:\mypython3\django\Lib\site-packages\django\utils\formats.py first seen with mtime 1773145196.297287
File C:\mypython3\django\Lib\site-packages\django\contrib\admin\exceptions.py first seen with mtime 1773145193.498147
File C:\mypython3\django\Lib\site-packages\django\db\backends\sqlite3\operations.py first seen with mtime 1773145196.110429
File C:\mypython3\django\Lib\site-packages\django\core\checks\translation.py first seen with mtime 1773145195.999038
File C:\mypython3\django\Lib\site-packages\sqlparse\exceptions.py first seen with mtime 1773145192.8387983
File C:\Users\user\AppData\Local\Programs\Python\Python312\Lib\contextlib.py first seen with mtime 1738656312.0
File C:\mypython3\django\Lib\site-packages\django\http\request.py first seen with mtime 1773145196.231031
File C:\Users\user\AppData\Local\Programs\Python\Python312\Lib\fractions.py first seen with mtime 1738656312.0
File C:\mypython3\django\Lib\site-packages\django\contrib\sites\shortcuts.py first seen with mtime 1773145195.7729342
File C:\mypython3\django\Lib\site-packages\django\forms\utils.py first seen with mtime 1773145196.165933
File C:\Users\user\AppData\Local\Programs\Python\Python312\Lib\urllib\__init__.py first seen with mtime 1738656314.0
File C:\mypython3\django\Lib\site-packages\django\core\mail\message.py first seen with mtime 1773145196.0191846
File C:\mypython3\django\Lib\site-packages\django\views\generic\list.py first seen with mtime 1773145196.3316674
File C:\Users\user\AppData\Local\Programs\Python\Python312\Lib\email\_policybase.py first seen with mtime 1738656312.0
File C:\mypython3\django\Lib\site-packages\django\contrib\auth\views.py first seen with mtime 1773145194.212838
File C:\Users\user\AppData\Local\Programs\Python\Python312\Lib\collections\abc.py first seen with mtime 1738656312.0
File C:\Users\user\AppData\Local\Programs\Python\Python312\Lib\concurrent\futures\__init__.py first seen with mtime 1738656312.0
File C:\mypython3\django\Lib\site-packages\asgiref\sync.py first seen with mtime 1773145192.946536
File C:\mypython3\django\Lib\site-packages\django\db\models\constants.py first seen with mtime 1773145196.1291237
File C:\mypython3\django\Lib\site-packages\django\db\models\constraints.py first seen with mtime 1773145196.130504
File C:\Users\user\AppData\Local\Programs\Python\Python312\Lib\re\_compiler.py first seen with mtime 1738656312.0
File C:\Users\user\AppData\Local\Programs\Python\Python312\Lib\asyncio\selector_events.py first seen with mtime 1738656312.0
File C:\Users\user\AppData\Local\Programs\Python\Python312\Lib\zoneinfo\_tzpath.py first seen with mtime 1738656314.0
File C:\mypython3\django\Lib\site-packages\django\contrib\auth\backends.py first seen with mtime 1773145194.202163
File C:\mypython3\django\Lib\site-packages\django\db\migrations\operations\__init__.py first seen with mtime 1773145196.1231077
File C:\mypython3\django\Lib\site-packages\django\core\management\commands\__init__.py first seen with mtime 1773145196.0303128
File C:\mypython3\django\Lib\site-packages\django\db\models\options.py first seen with mtime 1773145196.1347816
File C:\Users\user\AppData\Local\Programs\Python\Python312\Lib\asyncio\queues.py first seen with mtime 1738656312.0
File C:\mypython3\django\Lib\site-packages\django\contrib\auth\middleware.py first seen with mtime 1773145194.207342
File C:\mypython3\django\Lib\site-packages\django\forms\formsets.py first seen with mtime 1773145196.1629066
File C:\mypython3\django\Lib\site-packages\django\db\models\fields\tuple_lookups.py first seen with mtime 1773145196.1460817
File C:\mypython3\django\Lib\site-packages\django\utils\datastructures.py first seen with mtime 1773145196.2914486
File C:\Users\user\AppData\Local\Programs\Python\Python312\Lib\ctypes\wintypes.py first seen with mtime 1738656312.0
File C:\mypython3\django\Lib\site-packages\django\core\mail\__init__.py first seen with mtime 1773145196.0181444
File C:\mypython3\django\Lib\site-packages\django\contrib\auth\management\__init__.py first seen with mtime 1773145194.3959832
File C:\mypython3\django\Lib\site-packages\django\contrib\sessions\backends\__init__.py first seen with mtime 1773145195.5645118
File C:\mypython3\django\Lib\site-packages\django\core\serializers\base.py first seen with mtime 1773145196.049322
File C:\mypython3\django\Lib\site-packages\django\dispatch\dispatcher.py first seen with mtime 1773145196.1588857
File C:\mypython3\django\Lib\site-packages\sqlparse\engine\statement_splitter.py first seen with mtime 1773145192.8474536
File C:\Users\user\AppData\Local\Programs\Python\Python312\Lib\hashlib.py first seen with mtime 1738656312.0
File C:\Users\user\AppData\Local\Programs\Python\Python312\Lib\asyncio\sslproto.py first seen with mtime 1738656312.0
File C:\mypython3\django\Lib\site-packages\django\core\checks\caches.py first seen with mtime 1773145195.993607
File C:\Users\user\AppData\Local\Programs\Python\Python312\Lib\email\mime\text.py first seen with mtime 1738656312.0
File C:\mypython3\django\Lib\site-packages\django\contrib\contenttypes\models.py first seen with mtime 1773145194.414056
File C:\Users\user\AppData\Local\Programs\Python\Python312\Lib\encodings\__init__.py first seen with mtime 1738656312.0
File C:\mypython3\django\Scripts\hello_django\manage.py first seen with mtime 1773146754.8730004
File C:\mypython3\django\Lib\site-packages\django\utils\hashable.py first seen with mtime 1773145196.2994263
File C:\Users\user\AppData\Local\Programs\Python\Python312\Lib\inspect.py first seen with mtime 1738656312.0
File C:\Users\user\AppData\Local\Programs\Python\Python312\Lib\wsgiref\__init__.py first seen with mtime 1738656314.0
File C:\mypython3\django\Lib\site-packages\django\db\models\functions\math.py first seen with mtime 1773145196.1494844
File C:\mypython3\django\Lib\site-packages\django\contrib\admin\checks.py first seen with mtime 1773145193.4961762
File C:\mypython3\django\Scripts\hello_django\myhello\admin.py first seen with mtime 1773209089.9926696
File C:\mypython3\django\Lib\site-packages\sqlparse\filters\others.py first seen with mtime 1773145192.8499115
File C:\mypython3\django\Lib\site-packages\django\core\serializers\__init__.py first seen with mtime 1773145196.049322
File C:\mypython3\django\Lib\site-packages\django\utils\connection.py first seen with mtime 1773145196.2887466
File C:\mypython3\django\Lib\site-packages\django\contrib\staticfiles\management\__init__.py first seen with mtime 1773145195.972909
File C:\mypython3\django\Lib\site-packages\django\apps\config.py first seen with mtime 1773145193.0643098
File C:\mypython3\django\Lib\site-packages\django\conf\global_settings.py first seen with mtime 1773145193.0678706
File C:\mypython3\django\Lib\site-packages\django\contrib\contenttypes\forms.py first seen with mtime 1773145194.414056
File C:\mypython3\django\Lib\site-packages\django\contrib\staticfiles\management\commands\__init__.py first seen with mtime 1773145195.9739394
File C:\Users\user\AppData\Local\Programs\Python\Python312\DLLs\_ssl.pyd first seen with mtime 1738656366.0
File C:\mypython3\django\Lib\site-packages\django\core\serializers\json.py first seen with mtime 1773145196.0503986
File C:\mypython3\django\Lib\site-packages\django\contrib\messages\constants.py first seen with mtime 1773145195.2114909
File C:\mypython3\django\Lib\site-packages\django\middleware\__init__.py first seen with mtime 1773145196.2320373
File C:\Users\user\AppData\Local\Programs\Python\Python312\Lib\logging\config.py first seen with mtime 1738656312.0
File C:\Users\user\AppData\Local\Programs\Python\Python312\Lib\multiprocessing\process.py first seen with mtime 1738656312.0
File C:\mypython3\django\Lib\site-packages\django\core\cache\utils.py first seen with mtime 1773145195.9857483
File C:\mypython3\django\Lib\site-packages\django\core\servers\__init__.py first seen with mtime 1773145196.053576
File C:\mypython3\django\Lib\site-packages\django\utils\__init__.py first seen with mtime 1773145196.281257
File C:\Users\user\AppData\Local\Programs\Python\Python312\Lib\re\__init__.py first seen with mtime 1738656312.0
File C:\mypython3\django\Lib\site-packages\django\contrib\sessions\models.py first seen with mtime 1773145195.5635092
File C:\mypython3\django\Lib\site-packages\django\contrib\admin\decorators.py first seen with mtime 1773145193.4971223
File C:\mypython3\django\Lib\site-packages\django\contrib\admin\templatetags\base.py first seen with mtime 1773145193.9981663
File C:\mypython3\django\Lib\site-packages\django\utils\dates.py first seen with mtime 1773145196.292947
File C:\mypython3\django\Lib\site-packages\django\db\backends\ddl_references.py first seen with mtime 1773145196.057587
File C:\Users\user\AppData\Local\Programs\Python\Python312\Lib\asyncio\format_helpers.py first seen with mtime 1738656312.0
File C:\mypython3\django\Lib\site-packages\django\db\migrations\utils.py first seen with mtime 1773145196.1221051
File C:\mypython3\django\Lib\site-packages\django\contrib\contenttypes\management\__init__.py first seen with mtime 1773145194.610613
File C:\Users\user\AppData\Local\Programs\Python\Python312\Lib\warnings.py first seen with mtime 1738656314.0
File C:\mypython3\django\Lib\site-packages\django\db\transaction.py first seen with mtime 1773145196.0555813
File C:\Users\user\AppData\Local\Programs\Python\Python312\Lib\weakref.py first seen with mtime 1738656314.0
File C:\Users\user\AppData\Local\Programs\Python\Python312\Lib\zoneinfo\_common.py first seen with mtime 1738656314.0
File C:\Users\user\AppData\Local\Programs\Python\Python312\Lib\linecache.py first seen with mtime 1738656312.0
File C:\mypython3\django\Lib\site-packages\django\db\backends\base\operations.py first seen with mtime 1773145196.0636237
File C:\Users\user\AppData\Local\Programs\Python\Python312\Lib\lzma.py first seen with mtime 1738656312.0
File C:\Users\user\AppData\Local\Programs\Python\Python312\Lib\asyncio\windows_utils.py first seen with mtime 1738656312.0
File C:\Users\user\AppData\Local\Programs\Python\Python312\Lib\subprocess.py first seen with mtime 1738656312.0
File C:\Users\user\AppData\Local\Programs\Python\Python312\Lib\ctypes\__init__.py first seen with mtime 1738656312.0
File C:\mypython3\django\Lib\site-packages\asgiref\local.py first seen with mtime 1773145192.9444926
File C:\Users\user\AppData\Local\Programs\Python\Python312\Lib\_compat_pickle.py first seen with mtime 1738656312.0
File C:\Users\user\AppData\Local\Programs\Python\Python312\Lib\__future__.py first seen with mtime 1738656312.0
File C:\Users\user\AppData\Local\Programs\Python\Python312\Lib\email\quoprimime.py first seen with mtime 1738656312.0
File C:\Users\user\AppData\Local\Programs\Python\Python312\Lib\json\encoder.py first seen with mtime 1738656312.0
File C:\mypython3\django\Lib\site-packages\sqlparse\filters\__init__.py first seen with mtime 1773145192.848455
File C:\Users\user\AppData\Local\Programs\Python\Python312\Lib\asyncio\base_futures.py first seen with mtime 1738656312.0
File C:\Users\user\AppData\Local\Programs\Python\Python312\DLLs\_ctypes.pyd first seen with mtime 1738656366.0
File C:\mypython3\django\Scripts\hello_django\myhello\__init__.py first seen with mtime 1773209089.9994023
File C:\mypython3\django\Lib\site-packages\sqlparse\filters\right_margin.py first seen with mtime 1773145192.8509643
File C:\Users\user\AppData\Local\Programs\Python\Python312\Lib\asyncio\mixins.py first seen with mtime 1738656312.0
File C:\Users\user\AppData\Local\Programs\Python\Python312\Lib\sqlite3\__init__.py first seen with mtime 1738656312.0
File C:\mypython3\django\Lib\site-packages\django\contrib\admin\models.py first seen with mtime 1773145193.5007255
File C:\mypython3\django\Lib\site-packages\django\db\models\fields\__init__.py first seen with mtime 1773145196.1388083
File C:\Users\user\AppData\Local\Programs\Python\Python312\Lib\ssl.py first seen with mtime 1738656312.0
File C:\Users\user\AppData\Local\Programs\Python\Python312\Lib\pkgutil.py first seen with mtime 1738656312.0
File C:\Users\user\AppData\Local\Programs\Python\Python312\Lib\asyncio\base_tasks.py first seen with mtime 1738656312.0
File C:\mypython3\django\Lib\site-packages\django\core\handlers\exception.py first seen with mtime 1773145196.0171359
File C:\mypython3\django\Lib\site-packages\django\contrib\__init__.py first seen with mtime 1773145193.4910147
File C:\Users\user\AppData\Local\Programs\Python\Python312\Lib\email\feedparser.py first seen with mtime 1738656312.0
File C:\mypython3\django\Lib\site-packages\django\db\backends\base\schema.py first seen with mtime 1773145196.0646853
File C:\Users\user\AppData\Local\Programs\Python\Python312\Lib\email\header.py first seen with mtime 1738656312.0
File C:\mypython3\django\Lib\site-packages\django\contrib\auth\admin.py first seen with mtime 1773145194.2009065
File C:\mypython3\django\Lib\site-packages\django\core\management\color.py first seen with mtime 1773145196.0270288
File C:\mypython3\django\Lib\site-packages\django\urls\__init__.py first seen with mtime 1773145196.2758312
File C:\mypython3\django\Scripts\hello_django\myhello\apps.py first seen with mtime 1773209089.9947636
File C:\Users\user\AppData\Local\Programs\Python\Python312\Lib\asyncio\log.py first seen with mtime 1738656312.0
File C:\Users\user\AppData\Local\Programs\Python\Python312\Lib\graphlib.py first seen with mtime 1738656312.0
File C:\Users\user\AppData\Local\Programs\Python\Python312\Lib\email\encoders.py first seen with mtime 1738656312.0
File C:\mypython3\django\Lib\site-packages\django\template\response.py first seen with mtime 1773145196.2546358
File C:\Users\user\AppData\Local\Programs\Python\Python312\Lib\keyword.py first seen with mtime 1738656312.0
File C:\Users\user\AppData\Local\Programs\Python\Python312\DLLs\_wmi.pyd first seen with mtime 1738656366.0
File C:\mypython3\django\Lib\site-packages\django\forms\widgets.py first seen with mtime 1773145196.1669354
File C:\mypython3\django\Lib\site-packages\django\utils\crypto.py first seen with mtime 1773145196.289754
File C:\mypython3\django\Lib\site-packages\django\middleware\security.py first seen with mtime 1773145196.2384107
File C:\mypython3\django\Lib\site-packages\django\utils\timezone.py first seen with mtime 1773145196.3096595
File C:\mypython3\django\Lib\site-packages\django\views\debug.py first seen with mtime 1773145196.3185208
File C:\mypython3\django\Lib\site-packages\django\core\exceptions.py first seen with mtime 1773145195.9806347
File C:\mypython3\django\Lib\site-packages\django\utils\encoding.py first seen with mtime 1773145196.2962735
File C:\mypython3\django\Lib\site-packages\django\utils\functional.py first seen with mtime 1773145196.2984064
File C:\mypython3\django\Lib\site-packages\django\db\models\fields\related.py first seen with mtime 1773145196.143908
File C:\Users\user\AppData\Local\Programs\Python\Python312\Lib\zoneinfo\__init__.py first seen with mtime 1738656314.0
File C:\mypython3\django\Lib\site-packages\django\core\paginator.py first seen with mtime 1773145195.9806347
File C:\mypython3\django\Lib\site-packages\django\urls\converters.py first seen with mtime 1773145196.2778685
File C:\Users\user\AppData\Local\Programs\Python\Python312\Lib\email\mime\__init__.py first seen with mtime 1738656312.0
File C:\Users\user\AppData\Local\Programs\Python\Python312\Lib\asyncio\transports.py first seen with mtime 1738656312.0
File C:\mypython3\django\Lib\site-packages\django\contrib\auth\hashers.py first seen with mtime 1773145194.207342
File C:\mypython3\django\Lib\site-packages\django\template\loader.py first seen with mtime 1773145196.252318
File C:\Users\user\AppData\Local\Programs\Python\Python312\Lib\wsgiref\util.py first seen with mtime 1738656314.0
File C:\Users\user\AppData\Local\Programs\Python\Python312\DLLs\_zoneinfo.pyd first seen with mtime 1738656366.0
File C:\mypython3\django\Lib\site-packages\django\db\models\functions\json.py first seen with mtime 1773145196.14814
File C:\mypython3\django\Lib\site-packages\django\core\checks\compatibility\__init__.py first seen with mtime 1773145196.0000894
File C:\mypython3\django\Lib\site-packages\django\core\files\locks.py first seen with mtime 1773145196.006105
File C:\Users\user\AppData\Local\Programs\Python\Python312\Lib\urllib\error.py first seen with mtime 1738656314.0
File C:\Users\user\AppData\Local\Programs\Python\Python312\Lib\asyncio\locks.py first seen with mtime 1738656312.0
File C:\Users\user\AppData\Local\Programs\Python\Python312\Lib\email\message.py first seen with mtime 1738656312.0
File C:\Users\user\AppData\Local\Programs\Python\Python312\Lib\contextvars.py first seen with mtime 1738656312.0
File C:\mypython3\django\Lib\site-packages\django\db\backends\__init__.py first seen with mtime 1773145196.056584
File C:\Users\user\AppData\Local\Programs\Python\Python312\Lib\opcode.py first seen with mtime 1738656312.0
File C:\mypython3\django\Lib\site-packages\django\db\models\query.py first seen with mtime 1773145196.1357875
File C:\mypython3\django\Lib\site-packages\django\utils\dateformat.py first seen with mtime 1773145196.2914486
File C:\Users\user\AppData\Local\Programs\Python\Python312\Lib\textwrap.py first seen with mtime 1738656314.0
File C:\mypython3\django\Lib\site-packages\django\contrib\admin\templatetags\admin_urls.py first seen with mtime 1773145193.9976585
File C:\mypython3\django\Lib\site-packages\django\views\decorators\common.py first seen with mtime 1773145196.3230605
File C:\mypython3\django\Lib\site-packages\django\templatetags\i18n.py first seen with mtime 1773145196.2654092
File C:\Users\user\AppData\Local\Programs\Python\Python312\Lib\bisect.py first seen with mtime 1738656312.0
File C:\mypython3\django\Lib\site-packages\django\contrib\staticfiles\handlers.py first seen with mtime 1773145195.9689355
File C:\mypython3\django\Lib\site-packages\django\forms\__init__.py first seen with mtime 1773145196.1608996
File C:\mypython3\django\Lib\site-packages\django\views\static.py first seen with mtime 1773145196.3207896
File C:\mypython3\django\Lib\site-packages\django\contrib\auth\forms.py first seen with mtime 1773145194.2068572
File C:\mypython3\django\Lib\site-packages\django\utils\inspect.py first seen with mtime 1773145196.3016546
File C:\mypython3\django\Lib\site-packages\django\contrib\sites\requests.py first seen with mtime 1773145195.7729342
File C:\mypython3\django\Lib\site-packages\django\templatetags\tz.py first seen with mtime 1773145196.2678335
File C:\mypython3\django\Lib\site-packages\django\urls\resolvers.py first seen with mtime 1773145196.2802548
File C:\Users\user\AppData\Local\Programs\Python\Python312\Lib\secrets.py first seen with mtime 1738656312.0
File C:\mypython3\django\Lib\site-packages\django\forms\boundfield.py first seen with mtime 1773145196.1608996
File C:\mypython3\django\Lib\site-packages\django\templatetags\cache.py first seen with mtime 1773145196.2654092
File C:\Users\user\AppData\Local\Programs\Python\Python312\Lib\email\mime\nonmultipart.py first seen with mtime 1738656312.0
File C:\mypython3\django\Lib\site-packages\django\contrib\sites\__init__.py first seen with mtime 1773145195.7663884
File C:\mypython3\django\Lib\site-packages\django\contrib\staticfiles\apps.py first seen with mtime 1773145195.966913
File C:\mypython3\django\Lib\site-packages\django\contrib\sessions\base_session.py first seen with mtime 1773145195.561499
File C:\mypython3\django\Lib\site-packages\django\contrib\auth\tokens.py first seen with mtime 1773145194.2107623
File C:\Users\user\AppData\Local\Programs\Python\Python312\Lib\email\_parseaddr.py first seen with mtime 1738656312.0
File C:\mypython3\django\Lib\site-packages\django\core\checks\async_checks.py first seen with mtime 1773145195.993607
File C:\Users\user\AppData\Local\Programs\Python\Python312\Lib\wsgiref\handlers.py first seen with mtime 1738656314.0
File C:\mypython3\django\Lib\site-packages\django\db\models\fields\reverse_related.py first seen with mtime 1773145196.1460817
File C:\Users\user\AppData\Local\Programs\Python\Python312\Lib\numbers.py first seen with mtime 1738656312.0
File C:\Users\user\AppData\Local\Programs\Python\Python312\Lib\asyncio\exceptions.py first seen with mtime 1738656312.0
File C:\mypython3\django\Lib\site-packages\django\template\smartif.py first seen with mtime 1773145196.2546358
File C:\mypython3\django\Lib\site-packages\django\contrib\messages\utils.py first seen with mtime 1773145195.2139518
File C:\Users\user\AppData\Local\Programs\Python\Python312\Lib\copy.py first seen with mtime 1738656312.0
File C:\Users\user\AppData\Local\Programs\Python\Python312\Lib\nturl2path.py first seen with mtime 1738656312.0
File C:\mypython3\django\Lib\site-packages\django\core\files\storage\filesystem.py first seen with mtime 1773145196.011807
File C:\mypython3\django\Lib\site-packages\django\contrib\auth\templatetags\auth.py first seen with mtime 1773145194.4101508
File C:\mypython3\django\Lib\site-packages\django\contrib\messages\storage\__init__.py first seen with mtime 1773145195.2149706
File C:\mypython3\django\Lib\site-packages\django\core\management\__init__.py first seen with mtime 1773145196.0260246
File C:\mypython3\django\Lib\site-packages\django\views\decorators\cache.py first seen with mtime 1773145196.3217947
File C:\mypython3\django\Lib\site-packages\django\contrib\staticfiles\utils.py first seen with mtime 1773145195.9714255
File C:\Users\user\AppData\Local\Programs\Python\Python312\DLLs\_bz2.pyd first seen with mtime 1738656366.0
File C:\mypython3\django\Lib\site-packages\django\contrib\staticfiles\views.py first seen with mtime 1773145195.972909
File C:\Users\user\AppData\Local\Programs\Python\Python312\Lib\sysconfig.py first seen with mtime 1738656312.0
File C:\mypython3\django\Lib\site-packages\django\contrib\auth\password_validation.py first seen with mtime 1773145194.2097628
File C:\Users\user\AppData\Local\Programs\Python\Python312\Lib\email\mime\message.py first seen with mtime 1738656312.0
File C:\mypython3\django\Lib\site-packages\django\db\models\indexes.py first seen with mtime 1773145196.132712
File C:\mypython3\django\Lib\site-packages\sqlparse\tokens.py first seen with mtime 1773145192.8428211
File C:\Users\user\AppData\Local\Programs\Python\Python312\Lib\asyncio\protocols.py first seen with mtime 1738656312.0
File C:\mypython3\django\Lib\site-packages\sqlparse\engine\filter_stack.py first seen with mtime 1773145192.8452957
File C:\mypython3\django\Lib\site-packages\django\db\migrations\operations\fields.py first seen with mtime 1773145196.125113
File C:\Users\user\AppData\Local\Programs\Python\Python312\Lib\calendar.py first seen with mtime 1738656312.0
File C:\mypython3\django\Lib\site-packages\django\db\utils.py first seen with mtime 1773145196.0555813
File C:\mypython3\django\Lib\site-packages\django\contrib\sessions\apps.py first seen with mtime 1773145195.5604944
File C:\mypython3\django\Lib\site-packages\django\template\defaulttags.py first seen with mtime 1773145196.2499743
File C:\Users\user\AppData\Local\Programs\Python\Python312\DLLs\_overlapped.pyd first seen with mtime 1738656366.0
File C:\Users\user\AppData\Local\Programs\Python\Python312\Lib\_compression.py first seen with mtime 1738656312.0
File C:\mypython3\django\Lib\site-packages\django\urls\conf.py first seen with mtime 1773145196.2778685
File C:\Users\user\AppData\Local\Programs\Python\Python312\Lib\asyncio\base_events.py first seen with mtime 1738656312.0
File C:\mypython3\django\Lib\site-packages\django\template\loaders\base.py first seen with mtime 1773145196.2619398
File C:\mypython3\django\Lib\site-packages\django\contrib\staticfiles\finders.py first seen with mtime 1773145195.9689355
File C:\Users\user\AppData\Local\Programs\Python\Python312\Lib\pickle.py first seen with mtime 1738656312.0
File C:\mypython3\django\Lib\site-packages\django\template\context.py first seen with mtime 1773145196.247962
File C:\mypython3\django\Lib\site-packages\django\contrib\admin\utils.py first seen with mtime 1773145193.5046785
File C:\Users\user\AppData\Local\Programs\Python\Python312\Lib\multiprocessing\__init__.py first seen with mtime 1738656312.0
File C:\Users\user\AppData\Local\Programs\Python\Python312\Lib\json\scanner.py first seen with mtime 1738656312.0
File C:\mypython3\django\Lib\site-packages\django\template\autoreload.py first seen with mtime 1773145196.246394
File C:\mypython3\django\Lib\site-packages\django\core\management\commands\runserver.py first seen with mtime 1773145196.0401168
File C:\mypython3\django\Lib\site-packages\django\utils\text.py first seen with mtime 1773145196.308205
File C:\mypython3\django\Lib\site-packages\django\contrib\admin\views\main.py first seen with mtime 1773145194.0013695
File C:\mypython3\django\Lib\site-packages\django\utils\translation\__init__.py first seen with mtime 1773145196.3137293
File C:\mypython3\django\Lib\site-packages\django\views\generic\__init__.py first seen with mtime 1773145196.3288577
File C:\mypython3\django\Lib\site-packages\django\contrib\admin\filters.py first seen with mtime 1773145193.498147
File C:\mypython3\django\Lib\site-packages\django\db\models\sql\subqueries.py first seen with mtime 1773145196.15688
File C:\mypython3\django\Scripts\hello_django\myhello\models.py first seen with mtime 1773209089.9959147
File C:\Users\user\AppData\Local\Programs\Python\Python312\Lib\selectors.py first seen with mtime 1738656312.0
File C:\mypython3\django\Lib\site-packages\django\db\models\sql\query.py first seen with mtime 1773145196.1555007
File C:\mypython3\django\Lib\site-packages\django\template\utils.py first seen with mtime 1773145196.2546358
File C:\mypython3\django\Lib\site-packages\django\urls\base.py first seen with mtime 1773145196.2768354
File C:\mypython3\django\Lib\site-packages\django\contrib\admin\templatetags\log.py first seen with mtime 1773145193.999184
File C:\Users\user\AppData\Local\Programs\Python\Python312\Lib\email\iterators.py first seen with mtime 1738656312.0
File C:\Users\user\AppData\Local\Programs\Python\Python312\Lib\ipaddress.py first seen with mtime 1738656312.0
File C:\Users\user\AppData\Local\Programs\Python\Python312\Lib\decimal.py first seen with mtime 1738656312.0
File C:\mypython3\django\Lib\site-packages\django\db\models\fields\files.py first seen with mtime 1773145196.1398132
File C:\Users\user\AppData\Local\Programs\Python\Python312\Lib\ast.py first seen with mtime 1738656312.0
File C:\Users\user\AppData\Local\Programs\Python\Python312\Lib\json\decoder.py first seen with mtime 1738656312.0
File C:\mypython3\django\Lib\site-packages\django\contrib\sessions\backends\db.py first seen with mtime 1773145195.56752
File C:\mypython3\django\Lib\site-packages\django\db\migrations\loader.py first seen with mtime 1773145196.117092
File C:\mypython3\django\Lib\site-packages\django\contrib\auth\migrations\0004_alter_user_username_opts.py first seen with mtime 1773145194.4016032
File C:\mypython3\django\Lib\site-packages\django\db\migrations\writer.py first seen with mtime 1773145196.1221051
File C:\mypython3\django\Lib\site-packages\django\db\migrations\executor.py first seen with mtime 1773145196.116089
File C:\mypython3\django\Lib\site-packages\django\views\csrf.py first seen with mtime 1773145196.31751
File C:\mypython3\django\Lib\site-packages\django\core\cache\backends\locmem.py first seen with mtime 1773145195.9901798
File C:\mypython3\django\Lib\site-packages\django\db\migrations\optimizer.py first seen with mtime 1773145196.1180944
File C:\mypython3\django\Lib\site-packages\django\contrib\auth\migrations\0010_alter_group_name_max_length.py first seen with mtime 1773145194.4049964
File C:\mypython3\django\Lib\site-packages\django\contrib\auth\migrations\0008_alter_user_username_max_length.py first seen with mtime 1773145194.403992
File C:\mypython3\django\Lib\site-packages\django\views\defaults.py first seen with mtime 1773145196.3195925
File C:\mypython3\django\Lib\site-packages\django\contrib\auth\migrations\0007_alter_validators_add_error_messages.py first seen with mtime 1773145194.402981
File C:\mypython3\django\Lib\site-packages\django\contrib\auth\migrations\0012_alter_user_first_name_max_length.py first seen with mtime 1773145194.406077
File C:\mypython3\django\Lib\site-packages\django\contrib\auth\migrations\0001_initial.py first seen with mtime 1773145194.3994298
File C:\mypython3\django\Scripts\hello_django\hello_django\wsgi.py first seen with mtime 1773146754.8780456
File C:\mypython3\django\Lib\site-packages\django\contrib\auth\migrations\0003_alter_user_email_max_length.py first seen with mtime 1773145194.4016032
File C:\mypython3\django\Lib\site-packages\django\db\migrations\autodetector.py first seen with mtime 1773145196.1140866
File C:\mypython3\django\Lib\site-packages\django\core\management\commands\migrate.py first seen with mtime 1773145196.0391147
File C:\mypython3\django\Lib\site-packages\django\db\migrations\graph.py first seen with mtime 1773145196.116089
File C:\mypython3\django\Lib\site-packages\django\core\management\utils.py first seen with mtime 1773145196.0292833
File C:\mypython3\django\Lib\site-packages\django\contrib\admin\migrations\0003_logentry_add_action_flag_choices.py first seen with mtime 1773145193.8665588
File C:\mypython3\django\Lib\site-packages\django\contrib\contenttypes\migrations\0001_initial.py first seen with mtime 1773145194.6132505
File C:\mypython3\django\Lib\site-packages\django\contrib\auth\migrations\0011_update_proxy_permissions.py first seen with mtime 1773145194.406077
File C:\Users\user\AppData\Local\Programs\Python\Python312\Lib\encodings\idna.py first seen with mtime 1738656312.0
File C:\mypython3\django\Lib\site-packages\django\db\migrations\questioner.py first seen with mtime 1773145196.119097
File C:\mypython3\django\Lib\site-packages\django\core\management\commands\makemigrations.py first seen with mtime 1773145196.0381
File C:\mypython3\django\Lib\site-packages\django\contrib\sessions\migrations\__init__.py first seen with mtime 1773145195.7615552
File C:\mypython3\django\Lib\site-packages\django\contrib\sessions\backends\base.py first seen with mtime 1773145195.5655143
File C:\mypython3\django\Scripts\hello_django\myhello\migrations\__init__.py first seen with mtime 1773209090.0023472
File C:\mypython3\django\Lib\site-packages\django\conf\urls\__init__.py first seen with mtime 1773145193.4895015
File C:\mypython3\django\Lib\site-packages\django\contrib\auth\migrations\0002_alter_permission_name_max_length.py first seen with mtime 1773145194.3994298
File C:\mypython3\django\Lib\site-packages\django\core\management\sql.py first seen with mtime 1773145196.0280325
File C:\Users\user\AppData\Local\Programs\Python\Python312\Lib\stringprep.py first seen with mtime 1738656312.0
File C:\mypython3\django\Lib\site-packages\django\contrib\messages\middleware.py first seen with mtime 1773145195.212948
File C:\mypython3\django\Lib\site-packages\django\middleware\clickjacking.py first seen with mtime 1773145196.2330432
File C:\mypython3\django\Lib\site-packages\django\contrib\admin\migrations\0001_initial.py first seen with mtime 1773145193.8655589
File C:\mypython3\django\Lib\site-packages\django\db\migrations\serializer.py first seen with mtime 1773145196.1201
File C:\mypython3\django\Lib\site-packages\django\db\migrations\recorder.py first seen with mtime 1773145196.1201
File C:\mypython3\django\Lib\site-packages\django\contrib\auth\migrations\0009_alter_user_last_name_max_length.py first seen with mtime 1773145194.403992
File C:\mypython3\django\Lib\site-packages\django\contrib\sessions\migrations\0001_initial.py first seen with mtime 1773145195.7615552
File C:\mypython3\django\Lib\site-packages\django\contrib\auth\migrations\__init__.py first seen with mtime 1773145194.406077
File C:\mypython3\django\Lib\site-packages\django\contrib\contenttypes\migrations\0002_remove_content_type_name.py first seen with mtime 1773145194.6132505
File C:\mypython3\django\Lib\site-packages\django\contrib\sessions\exceptions.py first seen with mtime 1773145195.561499
File C:\mypython3\django\Lib\site-packages\django\contrib\contenttypes\migrations\__init__.py first seen with mtime 1773145194.6132505
File C:\mypython3\django\Lib\site-packages\django\middleware\common.py first seen with mtime 1773145196.2340477
File C:\mypython3\django\Lib\site-packages\django\contrib\admin\migrations\__init__.py first seen with mtime 1773145193.8665588
File C:\mypython3\django\Lib\site-packages\django\contrib\auth\migrations\0005_alter_user_last_login_null.py first seen with mtime 1773145194.4016032
File C:\mypython3\django\Lib\site-packages\django\contrib\auth\migrations\0006_require_contenttypes_0002.py first seen with mtime 1773145194.402981
File C:\mypython3\django\Lib\site-packages\django\contrib\admin\migrations\0002_logentry_remove_auto_add.py first seen with mtime 1773145193.8655589
Exception while resolving variable 'name' in template 'unknown'.
Traceback (most recent call last):
  File "C:\mypython3\django\Lib\site-packages\django\core\handlers\exception.py", line 55, in inner
    response = get_response(request)
               ^^^^^^^^^^^^^^^^^^^^^
  File "C:\mypython3\django\Lib\site-packages\django\core\handlers\base.py", line 182, in _get_response
    callback, callback_args, callback_kwargs = self.resolve_request(request)
                                               ^^^^^^^^^^^^^^^^^^^^^^^^^^^^^
  File "C:\mypython3\django\Lib\site-packages\django\core\handlers\base.py", line 314, in resolve_request
    resolver_match = resolver.resolve(request.path_info)
                     ^^^^^^^^^^^^^^^^^^^^^^^^^^^^^^^^^^^
  File "C:\mypython3\django\Lib\site-packages\django\urls\resolvers.py", line 716, in resolve
    raise Resolver404({"tried": tried, "path": new_path})
django.urls.exceptions.Resolver404: {'tried': [[<URLResolver <URLPattern list> (admin:admin) 'admin/'>]], 'path': 'myhello/'}

During handling of the above exception, another exception occurred:

Traceback (most recent call last):
  File "C:\mypython3\django\Lib\site-packages\django\template\base.py", line 964, in _resolve_lookup
    raise TypeError
TypeError

During handling of the above exception, another exception occurred:

Traceback (most recent call last):
  File "C:\mypython3\django\Lib\site-packages\django\template\base.py", line 976, in _resolve_lookup
    current = getattr(current, bit)
              ^^^^^^^^^^^^^^^^^^^^^
AttributeError: 'URLResolver' object has no attribute 'name'

During handling of the above exception, another exception occurred:

Traceback (most recent call last):
  File "C:\mypython3\django\Lib\site-packages\django\template\base.py", line 982, in _resolve_lookup
    current = current[int(bit)]
                      ^^^^^^^^
ValueError: invalid literal for int() with base 10: 'name'

During handling of the above exception, another exception occurred:

Traceback (most recent call last):
  File "C:\mypython3\django\Lib\site-packages\django\template\base.py", line 989, in _resolve_lookup
    raise VariableDoesNotExist(
django.template.base.VariableDoesNotExist: Failed lookup for key [name] in <URLResolver <URLPattern list> (admin:admin) 'admin/'>
Not Found: /myhello/
"GET /myhello/ HTTP/1.1" 404 2205
Exception while resolving variable 'name' in template 'unknown'.
Traceback (most recent call last):
  File "C:\mypython3\django\Lib\site-packages\django\core\handlers\exception.py", line 55, in inner
    response = get_response(request)
               ^^^^^^^^^^^^^^^^^^^^^
  File "C:\mypython3\django\Lib\site-packages\django\core\handlers\base.py", line 182, in _get_response
    callback, callback_args, callback_kwargs = self.resolve_request(request)
                                               ^^^^^^^^^^^^^^^^^^^^^^^^^^^^^
  File "C:\mypython3\django\Lib\site-packages\django\core\handlers\base.py", line 314, in resolve_request
    resolver_match = resolver.resolve(request.path_info)
                     ^^^^^^^^^^^^^^^^^^^^^^^^^^^^^^^^^^^
  File "C:\mypython3\django\Lib\site-packages\django\urls\resolvers.py", line 716, in resolve
    raise Resolver404({"tried": tried, "path": new_path})
django.urls.exceptions.Resolver404: {'tried': [[<URLResolver <URLPattern list> (admin:admin) 'admin/'>]], 'path': 'favicon.ico'}

During handling of the above exception, another exception occurred:

Traceback (most recent call last):
  File "C:\mypython3\django\Lib\site-packages\django\template\base.py", line 964, in _resolve_lookup
    raise TypeError
TypeError

During handling of the above exception, another exception occurred:

Traceback (most recent call last):
  File "C:\mypython3\django\Lib\site-packages\django\template\base.py", line 976, in _resolve_lookup
    current = getattr(current, bit)
              ^^^^^^^^^^^^^^^^^^^^^
AttributeError: 'URLResolver' object has no attribute 'name'

During handling of the above exception, another exception occurred:

Traceback (most recent call last):
  File "C:\mypython3\django\Lib\site-packages\django\template\base.py", line 982, in _resolve_lookup
    current = current[int(bit)]
                      ^^^^^^^^
ValueError: invalid literal for int() with base 10: 'name'

During handling of the above exception, another exception occurred:

Traceback (most recent call last):
  File "C:\mypython3\django\Lib\site-packages\django\template\base.py", line 989, in _resolve_lookup
    raise VariableDoesNotExist(
django.template.base.VariableDoesNotExist: Failed lookup for key [name] in <URLResolver <URLPattern list> (admin:admin) 'admin/'>
Not Found: /favicon.ico
"GET /favicon.ico HTTP/1.1" 404 2214
File C:\mypython3\django\Lib\site-packages\django\contrib\sessions\serializers.py first seen with mtime 1773145195.5635092
File C:\mypython3\django\Lib\site-packages\django\contrib\messages\storage\cookie.py first seen with mtime 1773145195.216087
File C:\Users\user\AppData\Local\Programs\Python\Python312\Lib\encodings\unicode_escape.py first seen with mtime 1738656312.0
File C:\mypython3\django\Lib\site-packages\django\contrib\messages\storage\fallback.py first seen with mtime 1773145195.2171793
File C:\mypython3\django\Lib\site-packages\django\contrib\messages\storage\session.py first seen with mtime 1773145195.2171793
Watching for file changes with StatReloader
Waiting for apps ready_event.
Apps ready_event triggered. Sending autoreload_started signal.
Watching dir C:\mypython3\django\Scripts\hello_django\locale with glob **/*.mo.
Watching dir C:\mypython3\django\Scripts\hello_django\myhello\locale with glob **/*.mo.
File C:\Users\user\AppData\Local\Programs\Python\Python312\Lib\ctypes\wintypes.py first seen with mtime 1738656312.0
File C:\Users\user\AppData\Local\Programs\Python\Python312\Lib\types.py first seen with mtime 1738656314.0
File C:\mypython3\django\Lib\site-packages\django\utils\translation\trans_real.py first seen with mtime 1773145196.3164568
File C:\mypython3\django\Lib\site-packages\django\core\checks\translation.py first seen with mtime 1773145195.999038
File C:\mypython3\django\Lib\site-packages\django\db\models\expressions.py first seen with mtime 1773145196.1317077
File C:\mypython3\django\Lib\site-packages\django\utils\asyncio.py first seen with mtime 1773145196.284721
File C:\mypython3\django\Lib\site-packages\django\utils\hashable.py first seen with mtime 1773145196.2994263
File C:\mypython3\django\Lib\site-packages\django\core\management\base.py first seen with mtime 1773145196.0260246
File C:\Users\user\AppData\Local\Programs\Python\Python312\Lib\http\server.py first seen with mtime 1738656312.0
File C:\mypython3\django\Lib\site-packages\django\core\checks\messages.py first seen with mtime 1773145195.996686
File C:\mypython3\django\Lib\site-packages\django\db\models\constraints.py first seen with mtime 1773145196.130504
File C:\Users\user\AppData\Local\Programs\Python\Python312\DLLs\_ctypes.pyd first seen with mtime 1738656366.0
File C:\mypython3\django\Lib\site-packages\django\contrib\contenttypes\fields.py first seen with mtime 1773145194.4131591
File C:\mypython3\django\Lib\site-packages\django\db\models\sql\query.py first seen with mtime 1773145196.1555007
File C:\mypython3\django\Lib\site-packages\django\db\models\fields\tuple_lookups.py first seen with mtime 1773145196.1460817
File C:\mypython3\django\Lib\site-packages\django\utils\dates.py first seen with mtime 1773145196.292947
File C:\mypython3\django\Lib\site-packages\django\core\mail\message.py first seen with mtime 1773145196.0191846
File C:\mypython3\django\Lib\site-packages\django\utils\deprecation.py first seen with mtime 1773145196.2951896
File C:\mypython3\django\Lib\site-packages\django\contrib\staticfiles\checks.py first seen with mtime 1773145195.9679174
File C:\Users\user\AppData\Local\Programs\Python\Python312\Lib\pprint.py first seen with mtime 1738656312.0
File C:\Users\user\AppData\Local\Programs\Python\Python312\Lib\asyncio\transports.py first seen with mtime 1738656312.0
File C:\Users\user\AppData\Local\Programs\Python\Python312\Lib\logging\handlers.py first seen with mtime 1738656312.0
File C:\mypython3\django\Lib\site-packages\django\utils\dateformat.py first seen with mtime 1773145196.2914486
File C:\mypython3\django\Lib\site-packages\django\contrib\sessions\models.py first seen with mtime 1773145195.5635092
File C:\mypython3\django\Lib\site-packages\django\utils\_os.py first seen with mtime 1773145196.2823725
File C:\Users\user\AppData\Local\Programs\Python\Python312\Lib\asyncio\streams.py first seen with mtime 1738656312.0
File C:\mypython3\django\Lib\site-packages\django\templatetags\__init__.py first seen with mtime 1773145196.2641056
File C:\mypython3\django\Lib\site-packages\django\core\files\storage\__init__.py first seen with mtime 1773145196.0107872
File C:\mypython3\django\Lib\site-packages\django\db\backends\base\creation.py first seen with mtime 1773145196.0605943
File C:\Users\user\AppData\Local\Programs\Python\Python312\Lib\logging\__init__.py first seen with mtime 1738656312.0
File C:\mypython3\django\Lib\site-packages\django\contrib\contenttypes\checks.py first seen with mtime 1773145194.4121568
File C:\mypython3\django\Lib\site-packages\django\db\models\query_utils.py first seen with mtime 1773145196.1357875
File C:\mypython3\django\Lib\site-packages\django\contrib\contenttypes\__init__.py first seen with mtime 1773145194.411154
File C:\Users\user\AppData\Local\Programs\Python\Python312\Lib\bisect.py first seen with mtime 1738656312.0
File C:\Users\user\AppData\Local\Programs\Python\Python312\Lib\email\mime\base.py first seen with mtime 1738656312.0
File C:\Users\user\AppData\Local\Programs\Python\Python312\DLLs\_bz2.pyd first seen with mtime 1738656366.0
File C:\mypython3\django\Lib\site-packages\django\forms\fields.py first seen with mtime 1773145196.1619065
File C:\Users\user\AppData\Local\Programs\Python\Python312\Lib\socket.py first seen with mtime 1738656312.0
File C:\mypython3\django\Lib\site-packages\django\utils\choices.py first seen with mtime 1773145196.2874978
File C:\mypython3\django\Lib\site-packages\django\db\models\functions\__init__.py first seen with mtime 1773145196.1471357
File C:\mypython3\django\Lib\site-packages\django\db\models\functions\mixins.py first seen with mtime 1773145196.1504881
File C:\Users\user\AppData\Local\Programs\Python\Python312\Lib\decimal.py first seen with mtime 1738656312.0
File C:\mypython3\django\Lib\site-packages\django\template\loaders\app_directories.py first seen with mtime 1773145196.2604578
File C:\Users\user\AppData\Local\Programs\Python\Python312\Lib\concurrent\__init__.py first seen with mtime 1738656312.0
File C:\mypython3\django\Lib\site-packages\django\contrib\admin\views\__init__.py first seen with mtime 1773145193.999184
File C:\mypython3\django\Scripts\hello_django\myhello\apps.py first seen with mtime 1773209089.9947636
File C:\mypython3\django\Lib\site-packages\django\contrib\admin\actions.py first seen with mtime 1773145193.4940405
File C:\mypython3\django\Lib\site-packages\django\views\__init__.py first seen with mtime 1773145196.31751
File C:\mypython3\django\Lib\site-packages\django\db\models\fields\related_lookups.py first seen with mtime 1773145196.1449113
File C:\mypython3\django\Lib\site-packages\django\db\models\aggregates.py first seen with mtime 1773145196.127118
File C:\Users\user\AppData\Local\Programs\Python\Python312\Lib\email\policy.py first seen with mtime 1738656312.0
File C:\mypython3\django\Lib\site-packages\django\utils\cache.py first seen with mtime 1773145196.2874978
File C:\mypython3\django\Lib\site-packages\django\utils\autoreload.py first seen with mtime 1773145196.2862146
File C:\Users\user\AppData\Local\Programs\Python\Python312\Lib\copy.py first seen with mtime 1738656312.0
File C:\Users\user\AppData\Local\Programs\Python\Python312\Lib\re\_constants.py first seen with mtime 1738656312.0
File C:\mypython3\django\Lib\site-packages\django\db\backends\base\__init__.py first seen with mtime 1773145196.0595918
File C:\Users\user\AppData\Local\Programs\Python\Python312\Lib\calendar.py first seen with mtime 1738656312.0
File C:\Users\user\AppData\Local\Programs\Python\Python312\Lib\asyncio\trsock.py first seen with mtime 1738656312.0
File C:\mypython3\django\Lib\site-packages\django\db\models\fields\generated.py first seen with mtime 1773145196.1398132
File C:\Users\user\AppData\Local\Programs\Python\Python312\Lib\email\header.py first seen with mtime 1738656312.0
File C:\mypython3\django\Lib\site-packages\django\conf\global_settings.py first seen with mtime 1773145193.0678706
File C:\mypython3\django\Lib\site-packages\django\utils\decorators.py first seen with mtime 1773145196.2951896
File C:\Users\user\AppData\Local\Programs\Python\Python312\Lib\functools.py first seen with mtime 1738656312.0
File C:\mypython3\django\Scripts\hello_django\myhello\__init__.py first seen with mtime 1773209089.9994023
File C:\Users\user\AppData\Local\Programs\Python\Python312\Lib\contextlib.py first seen with mtime 1738656312.0
File C:\Users\user\AppData\Local\Programs\Python\Python312\Lib\email\feedparser.py first seen with mtime 1738656312.0
File C:\mypython3\django\Lib\site-packages\django\db\migrations\operations\fields.py first seen with mtime 1773145196.125113
File C:\Users\user\AppData\Local\Programs\Python\Python312\Lib\zoneinfo\_tzpath.py first seen with mtime 1738656314.0
File C:\Users\user\AppData\Local\Programs\Python\Python312\Lib\email\__init__.py first seen with mtime 1738656312.0
File C:\Users\user\AppData\Local\Programs\Python\Python312\Lib\encodings\utf_8.py first seen with mtime 1738656312.0
File C:\Users\user\AppData\Local\Programs\Python\Python312\Lib\getpass.py first seen with mtime 1738656312.0
File C:\Users\user\AppData\Local\Programs\Python\Python312\Lib\hashlib.py first seen with mtime 1738656312.0
File C:\Users\user\AppData\Local\Programs\Python\Python312\Lib\email\base64mime.py first seen with mtime 1738656312.0
File C:\mypython3\django\Lib\site-packages\django\contrib\admin\utils.py first seen with mtime 1773145193.5046785
File C:\Users\user\AppData\Local\Programs\Python\Python312\Lib\linecache.py first seen with mtime 1738656312.0
File C:\mypython3\django\Lib\site-packages\django\template\engine.py first seen with mtime 1773145196.2499743
File C:\mypython3\django\Lib\site-packages\django\urls\resolvers.py first seen with mtime 1773145196.2802548
File C:\mypython3\django\Lib\site-packages\django\template\defaultfilters.py first seen with mtime 1773145196.2489684
File C:\mypython3\django\Lib\site-packages\django\db\backends\base\features.py first seen with mtime 1773145196.0615973
File C:\Users\user\AppData\Local\Programs\Python\Python312\Lib\wsgiref\simple_server.py first seen with mtime 1738656314.0
File C:\mypython3\django\Lib\site-packages\django\http\cookie.py first seen with mtime 1773145196.2290022
File C:\mypython3\django\Lib\site-packages\django\contrib\auth\templatetags\auth.py first seen with mtime 1773145194.4101508
File C:\Users\user\AppData\Local\Programs\Python\Python312\Lib\_weakrefset.py first seen with mtime 1738656312.0
File C:\mypython3\django\Lib\site-packages\django\shortcuts.py first seen with mtime 1773145193.0633047
File C:\mypython3\django\Lib\site-packages\sqlparse\engine\statement_splitter.py first seen with mtime 1773145192.8474536
File C:\Users\user\AppData\Local\Programs\Python\Python312\Lib\email\_encoded_words.py first seen with mtime 1738656312.0
File C:\mypython3\django\Lib\site-packages\django\core\validators.py first seen with mtime 1773145195.9827394
File C:\mypython3\django\Lib\site-packages\django\core\files\storage\handler.py first seen with mtime 1773145196.0128129
File C:\mypython3\django\Lib\site-packages\django\db\models\enums.py first seen with mtime 1773145196.1317077
File C:\mypython3\django\Lib\site-packages\django\core\checks\templates.py first seen with mtime 1773145195.9976888
File C:\mypython3\django\Lib\site-packages\django\core\files\utils.py first seen with mtime 1773145196.00958
File C:\Users\user\AppData\Local\Programs\Python\Python312\Lib\tempfile.py first seen with mtime 1738656312.0
File C:\Users\user\AppData\Local\Programs\Python\Python312\Lib\opcode.py first seen with mtime 1738656312.0
File C:\mypython3\django\Lib\site-packages\django\contrib\admin\exceptions.py first seen with mtime 1773145193.498147
File C:\mypython3\django\Lib\site-packages\django\core\management\commands\runserver.py first seen with mtime 1773145196.0401168
File C:\mypython3\django\Lib\site-packages\django\contrib\auth\apps.py first seen with mtime 1773145194.202163
File C:\mypython3\django\Lib\site-packages\django\apps\registry.py first seen with mtime 1773145193.0654418
File C:\Users\user\AppData\Local\Programs\Python\Python312\Lib\_compression.py first seen with mtime 1738656312.0
File C:\mypython3\django\Lib\site-packages\django\core\paginator.py first seen with mtime 1773145195.9806347
File C:\mypython3\django\Lib\site-packages\django\conf\__init__.py first seen with mtime 1773145193.0665152
File C:\mypython3\django\Lib\site-packages\django\utils\timezone.py first seen with mtime 1773145196.3096595
File C:\Users\user\AppData\Local\Programs\Python\Python312\Lib\zoneinfo\__init__.py first seen with mtime 1738656314.0
File C:\Users\user\AppData\Local\Programs\Python\Python312\Lib\asyncio\windows_events.py first seen with mtime 1738656312.0
File C:\mypython3\django\Lib\site-packages\django\forms\formsets.py first seen with mtime 1773145196.1629066
File C:\mypython3\django\Lib\site-packages\django\core\checks\security\csrf.py first seen with mtime 1773145196.003097
File C:\mypython3\django\Lib\site-packages\django\contrib\staticfiles\management\commands\__init__.py first seen with mtime 1773145195.9739394
File C:\mypython3\django\Lib\site-packages\django\db\models\sql\subqueries.py first seen with mtime 1773145196.15688
File C:\mypython3\django\Lib\site-packages\django\template\library.py first seen with mtime 1773145196.252318
File C:\mypython3\django\Lib\site-packages\django\core\checks\commands.py first seen with mtime 1773145195.9946108
File C:\mypython3\django\Lib\site-packages\django\db\models\fields\reverse_related.py first seen with mtime 1773145196.1460817
File C:\mypython3\django\Lib\site-packages\django\contrib\auth\hashers.py first seen with mtime 1773145194.207342
File C:\mypython3\django\Lib\site-packages\django\views\generic\list.py first seen with mtime 1773145196.3316674
File C:\mypython3\django\Lib\site-packages\django\urls\conf.py first seen with mtime 1773145196.2778685
File C:\mypython3\django\Lib\site-packages\django\contrib\admin\decorators.py first seen with mtime 1773145193.4971223
File C:\mypython3\django\Lib\site-packages\django\db\backends\sqlite3\_functions.py first seen with mtime 1773145196.1074038
File C:\Users\user\AppData\Local\Programs\Python\Python312\Lib\asyncio\events.py first seen with mtime 1738656312.0
File C:\Users\user\AppData\Local\Programs\Python\Python312\Lib\json\__init__.py first seen with mtime 1738656312.0
File C:\Users\user\AppData\Local\Programs\Python\Python312\Lib\sqlite3\__init__.py first seen with mtime 1738656312.0
File C:\mypython3\django\Lib\site-packages\django\db\migrations\operations\special.py first seen with mtime 1773145196.1261158
File C:\mypython3\django\Lib\site-packages\django\template\loader_tags.py first seen with mtime 1773145196.2536273
File C:\mypython3\django\Lib\site-packages\django\contrib\contenttypes\forms.py first seen with mtime 1773145194.414056
File C:\Users\user\AppData\Local\Programs\Python\Python312\Lib\email\_header_value_parser.py first seen with mtime 1738656312.0
File C:\mypython3\django\Lib\site-packages\asgiref\sync.py first seen with mtime 1773145192.946536
File C:\Users\user\AppData\Local\Programs\Python\Python312\Lib\asyncio\exceptions.py first seen with mtime 1738656312.0
File C:\Users\user\AppData\Local\Programs\Python\Python312\Lib\re\_casefix.py first seen with mtime 1738656312.0
File C:\mypython3\django\Lib\site-packages\django\db\models\__init__.py first seen with mtime 1773145196.127118
File C:\mypython3\django\Lib\site-packages\django\core\management\__init__.py first seen with mtime 1773145196.0260246
File C:\Users\user\AppData\Local\Programs\Python\Python312\DLLs\_overlapped.pyd first seen with mtime 1738656366.0
File C:\mypython3\django\Lib\site-packages\django\db\models\fields\mixins.py first seen with mtime 1773145196.141822
File C:\mypython3\django\Lib\site-packages\django\db\backends\base\operations.py first seen with mtime 1773145196.0636237
File C:\mypython3\django\Lib\site-packages\django\db\utils.py first seen with mtime 1773145196.0555813
File C:\Users\user\AppData\Local\Programs\Python\Python312\Lib\ctypes\__init__.py first seen with mtime 1738656312.0
File C:\mypython3\django\Lib\site-packages\django\db\models\sql\where.py first seen with mtime 1773145196.1578827
File C:\mypython3\django\Lib\site-packages\django\utils\text.py first seen with mtime 1773145196.308205
File C:\mypython3\django\Lib\site-packages\django\db\backends\base\validation.py first seen with mtime 1773145196.0737398
File C:\mypython3\django\Lib\site-packages\django\contrib\auth\forms.py first seen with mtime 1773145194.2068572
File C:\mypython3\django\Lib\site-packages\sqlparse\filters\__init__.py first seen with mtime 1773145192.848455
File C:\Users\user\AppData\Local\Programs\Python\Python312\Lib\wsgiref\__init__.py first seen with mtime 1738656314.0
File C:\Users\user\AppData\Local\Programs\Python\Python312\Lib\queue.py first seen with mtime 1738656312.0
File C:\mypython3\django\Lib\site-packages\django\views\static.py first seen with mtime 1773145196.3207896
File C:\mypython3\django\Lib\site-packages\django\views\decorators\csrf.py first seen with mtime 1773145196.325538
File C:\Users\user\AppData\Local\Programs\Python\Python312\Lib\http\cookies.py first seen with mtime 1738656312.0
File C:\Users\user\AppData\Local\Programs\Python\Python312\Lib\ctypes\_endian.py first seen with mtime 1738656312.0
File C:\Users\user\AppData\Local\Programs\Python\Python312\Lib\encodings\__init__.py first seen with mtime 1738656312.0
File C:\mypython3\django\Lib\site-packages\django\contrib\contenttypes\management\__init__.py first seen with mtime 1773145194.610613
File C:\mypython3\django\Lib\site-packages\django\contrib\admin\views\autocomplete.py first seen with mtime 1773145194.000275
File C:\Users\user\AppData\Local\Programs\Python\Python312\Lib\importlib\__init__.py first seen with mtime 1738656312.0
File C:\mypython3\django\Lib\site-packages\django\conf\locale\__init__.py first seen with mtime 1773145193.0745852
File C:\Users\user\AppData\Local\Programs\Python\Python312\Lib\asyncio\log.py first seen with mtime 1738656312.0
File C:\Users\user\AppData\Local\Programs\Python\Python312\Lib\bz2.py first seen with mtime 1738656312.0
File C:\mypython3\django\Lib\site-packages\django\core\files\move.py first seen with mtime 1773145196.0071077
File C:\mypython3\django\Lib\site-packages\django\db\backends\base\base.py first seen with mtime 1773145196.0595918
File C:\mypython3\django\Lib\site-packages\django\contrib\staticfiles\apps.py first seen with mtime 1773145195.966913
File C:\mypython3\django\Lib\site-packages\django\core\cache\__init__.py first seen with mtime 1773145195.9847455
File C:\mypython3\django\Lib\site-packages\sqlparse\engine\grouping.py first seen with mtime 1773145192.8464475
File C:\Users\user\AppData\Local\Programs\Python\Python312\Lib\json\encoder.py first seen with mtime 1738656312.0
File C:\mypython3\django\Lib\site-packages\django\contrib\contenttypes\admin.py first seen with mtime 1773145194.411154
File C:\mypython3\django\Lib\site-packages\django\db\backends\utils.py first seen with mtime 1773145196.058589
File C:\Users\user\AppData\Local\Programs\Python\Python312\Lib\email\contentmanager.py first seen with mtime 1738656312.0
File C:\mypython3\django\Lib\site-packages\django\contrib\auth\backends.py first seen with mtime 1773145194.202163
File C:\Users\user\AppData\Local\Programs\Python\Python312\Lib\http\client.py first seen with mtime 1738656312.0
File C:\mypython3\django\Lib\site-packages\django\db\backends\sqlite3\creation.py first seen with mtime 1773145196.1094236
File C:\mypython3\django\Lib\site-packages\django\utils\safestring.py first seen with mtime 1773145196.3072007
File C:\mypython3\django\Lib\site-packages\django\contrib\admin\templatetags\log.py first seen with mtime 1773145193.999184
File C:\mypython3\django\Lib\site-packages\django\db\models\sql\constants.py first seen with mtime 1773145196.1544979
File C:\mypython3\django\Lib\site-packages\django\urls\__init__.py first seen with mtime 1773145196.2758312
File C:\mypython3\django\Lib\site-packages\django\db\models\fields\files.py first seen with mtime 1773145196.1398132
File C:\mypython3\django\Lib\site-packages\django\urls\utils.py first seen with mtime 1773145196.2802548
File C:\mypython3\django\Lib\site-packages\django\contrib\contenttypes\apps.py first seen with mtime 1773145194.4121568
File C:\Users\user\AppData\Local\Programs\Python\Python312\Lib\asyncio\constants.py first seen with mtime 1738656312.0
File C:\mypython3\django\Lib\site-packages\django\contrib\admin\apps.py first seen with mtime 1773145193.4951673
File C:\Users\user\AppData\Local\Programs\Python\Python312\Lib\multiprocessing\__init__.py first seen with mtime 1738656312.0
File C:\Users\user\AppData\Local\Programs\Python\Python312\Lib\locale.py first seen with mtime 1738656312.0
File C:\Users\user\AppData\Local\Programs\Python\Python312\Lib\copyreg.py first seen with mtime 1738656312.0
File C:\mypython3\django\Lib\site-packages\django\contrib\messages\utils.py first seen with mtime 1773145195.2139518
File C:\mypython3\django\Lib\site-packages\django\db\models\lookups.py first seen with mtime 1773145196.133716
File C:\Users\user\AppData\Local\Programs\Python\Python312\Lib\socketserver.py first seen with mtime 1738656312.0
File C:\mypython3\django\Lib\site-packages\django\utils\termcolors.py first seen with mtime 1773145196.308205
File C:\mypython3\django\Lib\site-packages\django\core\cache\backends\base.py first seen with mtime 1773145195.9867523
File C:\mypython3\django\Lib\site-packages\django\contrib\__init__.py first seen with mtime 1773145193.4910147
File C:\Users\user\AppData\Local\Programs\Python\Python312\Lib\multiprocessing\process.py first seen with mtime 1738656312.0
File C:\Users\user\AppData\Local\Programs\Python\Python312\Lib\pkgutil.py first seen with mtime 1738656312.0
File C:\mypython3\django\Lib\site-packages\django\core\handlers\wsgi.py first seen with mtime 1773145196.0171359
File C:\mypython3\django\Lib\site-packages\django\core\checks\urls.py first seen with mtime 1773145196.0000894
File C:\Users\user\AppData\Local\Programs\Python\Python312\Lib\urllib\parse.py first seen with mtime 1738656314.0
File C:\mypython3\django\Lib\site-packages\django\utils\log.py first seen with mtime 1773145196.3038268
File C:\Users\user\AppData\Local\Programs\Python\Python312\Lib\pickle.py first seen with mtime 1738656312.0
File C:\mypython3\django\Lib\site-packages\django\core\serializers\base.py first seen with mtime 1773145196.049322
File C:\Users\user\AppData\Local\Programs\Python\Python312\Lib\numbers.py first seen with mtime 1738656312.0
File C:\Users\user\AppData\Local\Programs\Python\Python312\Lib\tokenize.py first seen with mtime 1738656314.0
File C:\mypython3\django\Lib\site-packages\django\core\__init__.py first seen with mtime 1773145195.978595
File C:\Users\user\AppData\Local\Programs\Python\Python312\Lib\email\mime\__init__.py first seen with mtime 1738656312.0
File C:\Users\user\AppData\Local\Programs\Python\Python312\Lib\re\_compiler.py first seen with mtime 1738656312.0
File C:\mypython3\django\Lib\site-packages\django\db\models\query.py first seen with mtime 1773145196.1357875
File C:\mypython3\django\Lib\site-packages\django\db\models\functions\math.py first seen with mtime 1773145196.1494844
File C:\Users\user\AppData\Local\Programs\Python\Python312\Lib\asyncio\futures.py first seen with mtime 1738656312.0
File C:\mypython3\django\Lib\site-packages\django\http\response.py first seen with mtime 1773145196.2320373
File C:\Users\user\AppData\Local\Programs\Python\Python312\Lib\encodings\utf_8_sig.py first seen with mtime 1738656312.0
File C:\Users\user\AppData\Local\Programs\Python\Python312\Lib\asyncio\__init__.py first seen with mtime 1738656312.0
File C:\mypython3\django\Lib\site-packages\django\utils\__init__.py first seen with mtime 1773145196.281257
File C:\Users\user\AppData\Local\Programs\Python\Python312\Lib\_compat_pickle.py first seen with mtime 1738656312.0
File C:\mypython3\django\Lib\site-packages\django\db\backends\__init__.py first seen with mtime 1773145196.056584
File C:\mypython3\django\Lib\site-packages\django\db\migrations\exceptions.py first seen with mtime 1773145196.1150866
File C:\Users\user\AppData\Local\Programs\Python\Python312\Lib\re\_parser.py first seen with mtime 1738656312.0
File C:\mypython3\django\Scripts\hello_django\myhello\admin.py first seen with mtime 1773209089.9926696
File C:\Users\user\AppData\Local\Programs\Python\Python312\Lib\argparse.py first seen with mtime 1738656312.0
File C:\mypython3\django\Lib\site-packages\django\utils\connection.py first seen with mtime 1773145196.2887466
File C:\Users\user\AppData\Local\Programs\Python\Python312\Lib\html\parser.py first seen with mtime 1738656312.0
File C:\Users\user\AppData\Local\Programs\Python\Python312\Lib\dataclasses.py first seen with mtime 1738656312.0
File C:\mypython3\django\Lib\site-packages\django\middleware\security.py first seen with mtime 1773145196.2384107
File C:\mypython3\django\Lib\site-packages\django\contrib\admin\__init__.py first seen with mtime 1773145193.4930222
File C:\mypython3\django\Lib\site-packages\django\db\backends\base\client.py first seen with mtime 1773145196.0605943
File C:\Users\user\AppData\Local\Programs\Python\Python312\Lib\re\__init__.py first seen with mtime 1738656312.0
File C:\mypython3\django\Lib\site-packages\django\core\signing.py first seen with mtime 1773145195.9827394
File C:\mypython3\django\Lib\site-packages\django\apps\config.py first seen with mtime 1773145193.0643098
File C:\mypython3\django\Lib\site-packages\django\db\models\utils.py first seen with mtime 1773145196.137802
File C:\Users\user\AppData\Local\Programs\Python\Python312\Lib\logging\config.py first seen with mtime 1738656312.0
File C:\Users\user\AppData\Local\Programs\Python\Python312\Lib\urllib\response.py first seen with mtime 1738656314.0
File C:\Users\user\AppData\Local\Programs\Python\Python312\Lib\collections\abc.py first seen with mtime 1738656312.0
File C:\mypython3\django\Lib\site-packages\django\db\migrations\migration.py first seen with mtime 1773145196.1180944
File C:\mypython3\django\Lib\site-packages\django\utils\formats.py first seen with mtime 1773145196.297287
File C:\mypython3\django\Lib\site-packages\asgiref\local.py first seen with mtime 1773145192.9444926
File C:\mypython3\django\Lib\site-packages\django\db\models\fields\json.py first seen with mtime 1773145196.141822
File C:\mypython3\django\Lib\site-packages\django\template\__init__.py first seen with mtime 1773145196.245047
File C:\mypython3\django\Lib\site-packages\django\forms\models.py first seen with mtime 1773145196.1639163
File C:\mypython3\django\Lib\site-packages\django\core\checks\registry.py first seen with mtime 1773145195.9976888
File C:\mypython3\django\Lib\site-packages\django\urls\exceptions.py first seen with mtime 1773145196.2792509
File C:\mypython3\django\Lib\site-packages\django\http\multipartparser.py first seen with mtime 1773145196.2300172
File C:\mypython3\django\Lib\site-packages\django\views\decorators\cache.py first seen with mtime 1773145196.3217947
File C:\mypython3\django\Lib\site-packages\django\db\models\functions\text.py first seen with mtime 1773145196.15149
File C:\mypython3\django\Lib\site-packages\django\contrib\auth\decorators.py first seen with mtime 1773145194.2058501
File C:\mypython3\django\Lib\site-packages\django\dispatch\__init__.py first seen with mtime 1773145196.1578827
File C:\mypython3\django\Lib\site-packages\django\middleware\cache.py first seen with mtime 1773145196.2330432
File C:\mypython3\django\Lib\site-packages\django\views\decorators\debug.py first seen with mtime 1773145196.325538
File C:\mypython3\django\Lib\site-packages\django\contrib\messages\api.py first seen with mtime 1773145195.2104838
File C:\mypython3\django\Lib\site-packages\django\views\decorators\__init__.py first seen with mtime 1773145196.3217947
File C:\mypython3\django\Lib\site-packages\django\contrib\staticfiles\utils.py first seen with mtime 1773145195.9714255
File C:\mypython3\django\Lib\site-packages\django\core\checks\caches.py first seen with mtime 1773145195.993607
File C:\Users\user\AppData\Local\Programs\Python\Python312\Lib\token.py first seen with mtime 1738656314.0
File C:\mypython3\django\Lib\site-packages\django\db\transaction.py first seen with mtime 1773145196.0555813
File C:\mypython3\django\Lib\site-packages\django\core\management\commands\__init__.py first seen with mtime 1773145196.0303128
File C:\Users\user\AppData\Local\Programs\Python\Python312\Lib\wsgiref\util.py first seen with mtime 1738656314.0
File C:\mypython3\django\Lib\site-packages\django\db\models\functions\json.py first seen with mtime 1773145196.14814
File C:\Users\user\AppData\Local\Programs\Python\Python312\Lib\asyncio\sslproto.py first seen with mtime 1738656312.0
File C:\Users\user\AppData\Local\Programs\Python\Python312\Lib\lzma.py first seen with mtime 1738656312.0
File C:\Users\user\AppData\Local\Programs\Python\Python312\Lib\email\charset.py first seen with mtime 1738656312.0
File C:\Users\user\AppData\Local\Programs\Python\Python312\Lib\asyncio\tasks.py first seen with mtime 1738656312.0
File C:\mypython3\django\Lib\site-packages\django\db\backends\base\schema.py first seen with mtime 1773145196.0646853
File C:\Users\user\AppData\Local\Programs\Python\Python312\Lib\signal.py first seen with mtime 1738656312.0
File C:\mypython3\django\Lib\site-packages\django\core\checks\security\__init__.py first seen with mtime 1773145196.0020945
File C:\Users\user\AppData\Local\Programs\Python\Python312\DLLs\select.pyd first seen with mtime 1738656366.0
File C:\mypython3\django\Lib\site-packages\django\utils\module_loading.py first seen with mtime 1773145196.3050413
File C:\mypython3\django\Lib\site-packages\django\core\cache\backends\__init__.py first seen with mtime 1773145195.9857483
File C:\mypython3\django\Lib\site-packages\django\core\files\base.py first seen with mtime 1773145196.0051029
File C:\Users\user\AppData\Local\Programs\Python\Python312\Lib\asyncio\threads.py first seen with mtime 1738656312.0
File C:\mypython3\django\Lib\site-packages\django\contrib\admin\templatetags\__init__.py first seen with mtime 1773145193.9942608
File C:\mypython3\django\Lib\site-packages\sqlparse\__init__.py first seen with mtime 1773145192.8363185
File C:\mypython3\django\Lib\site-packages\django\views\debug.py first seen with mtime 1773145196.3185208
File C:\mypython3\django\Lib\site-packages\django\template\backends\django.py first seen with mtime 1773145196.256998
File C:\Users\user\AppData\Local\Programs\Python\Python312\Lib\email\utils.py first seen with mtime 1738656312.0
File C:\Users\user\AppData\Local\Programs\Python\Python312\Lib\difflib.py first seen with mtime 1738656312.0
File C:\Users\user\AppData\Local\Programs\Python\Python312\Lib\email\message.py first seen with mtime 1738656312.0
File C:\mypython3\django\Lib\site-packages\django\contrib\auth\middleware.py first seen with mtime 1773145194.207342
File C:\Users\user\AppData\Local\Programs\Python\Python312\Lib\email\mime\multipart.py first seen with mtime 1738656312.0
File C:\Users\user\AppData\Local\Programs\Python\Python312\DLLs\_socket.pyd first seen with mtime 1738656366.0
File C:\Users\user\AppData\Local\Programs\Python\Python312\DLLs\_uuid.pyd first seen with mtime 1738656366.0
File C:\mypython3\django\Lib\site-packages\django\utils\numberformat.py first seen with mtime 1773145196.306123
File C:\mypython3\django\Lib\site-packages\django\contrib\sessions\apps.py first seen with mtime 1773145195.5604944
File C:\mypython3\django\Lib\site-packages\sqlparse\filters\aligned_indent.py first seen with mtime 1773145192.848455
File C:\mypython3\django\Lib\site-packages\django\core\serializers\__init__.py first seen with mtime 1773145196.049322
File C:\mypython3\django\Lib\site-packages\django\db\models\base.py first seen with mtime 1773145196.128121
File C:\mypython3\django\Lib\site-packages\django\core\handlers\__init__.py first seen with mtime 1773145196.0148456
File C:\mypython3\django\Lib\site-packages\django\utils\deconstruct.py first seen with mtime 1773145196.2939546
File C:\Users\user\AppData\Local\Programs\Python\Python312\Lib\html\__init__.py first seen with mtime 1738656312.0
File C:\Users\user\AppData\Local\Programs\Python\Python312\Lib\platform.py first seen with mtime 1738656312.0
File C:\mypython3\django\Lib\site-packages\django\core\files\uploadhandler.py first seen with mtime 1773145196.00958
File C:\Users\user\AppData\Local\Programs\Python\Python312\Lib\asyncio\base_futures.py first seen with mtime 1738656312.0
File C:\Users\user\AppData\Local\Programs\Python\Python312\Lib\asyncio\queues.py first seen with mtime 1738656312.0
File C:\Users\user\AppData\Local\Programs\Python\Python312\DLLs\_queue.pyd first seen with mtime 1738656366.0
File C:\mypython3\django\Lib\site-packages\django\template\loaders\filesystem.py first seen with mtime 1773145196.2629397
File C:\Users\user\AppData\Local\Programs\Python\Python312\Lib\mimetypes.py first seen with mtime 1738656312.0
File C:\mypython3\django\Lib\site-packages\django\views\decorators\csp.py first seen with mtime 1773145196.3242855
File C:\Users\user\AppData\Local\Programs\Python\Python312\Lib\hmac.py first seen with mtime 1738656312.0
File C:\mypython3\django\Scripts\hello_django\myhello\models.py first seen with mtime 1773209089.9959147
File C:\Users\user\AppData\Local\Programs\Python\Python312\Lib\http\__init__.py first seen with mtime 1738656312.0
File C:\Users\user\AppData\Local\Programs\Python\Python312\DLLs\_decimal.pyd first seen with mtime 1738656366.0
File C:\Users\user\AppData\Local\Programs\Python\Python312\Lib\email\iterators.py first seen with mtime 1738656312.0
File C:\mypython3\django\Lib\site-packages\django\forms\renderers.py first seen with mtime 1773145196.1649306
File C:\mypython3\django\Lib\site-packages\django\middleware\csrf.py first seen with mtime 1773145196.236068
File C:\Users\user\AppData\Local\Programs\Python\Python312\Lib\email\mime\message.py first seen with mtime 1738656312.0
File C:\mypython3\django\Lib\site-packages\django\contrib\admin\widgets.py first seen with mtime 1773145193.5056791
File C:\mypython3\django\Lib\site-packages\django\template\backends\base.py first seen with mtime 1773145196.256998
File C:\mypython3\django\Lib\site-packages\django\templatetags\cache.py first seen with mtime 1773145196.2654092
File C:\Users\user\AppData\Local\Programs\Python\Python312\Lib\struct.py first seen with mtime 1738656312.0
File C:\mypython3\django\Lib\site-packages\django\db\backends\ddl_references.py first seen with mtime 1773145196.057587
File C:\Users\user\AppData\Local\Programs\Python\Python312\Lib\email\encoders.py first seen with mtime 1738656312.0
File C:\Users\user\AppData\Local\Programs\Python\Python312\Lib\base64.py first seen with mtime 1738656312.0
File C:\mypython3\django\Lib\site-packages\django\core\checks\__init__.py first seen with mtime 1773145195.9926045
File C:\Users\user\AppData\Local\Programs\Python\Python312\Lib\fractions.py first seen with mtime 1738656312.0
File C:\Users\user\AppData\Local\Programs\Python\Python312\Lib\concurrent\futures\_base.py first seen with mtime 1738656312.0
File C:\Users\user\AppData\Local\Programs\Python\Python312\Lib\secrets.py first seen with mtime 1738656312.0
File C:\Users\user\AppData\Local\Programs\Python\Python312\Lib\urllib\__init__.py first seen with mtime 1738656314.0
File C:\mypython3\django\Lib\site-packages\django\http\__init__.py first seen with mtime 1773145196.2290022
File C:\mypython3\django\Lib\site-packages\django\contrib\admin\templatetags\admin_modify.py first seen with mtime 1773145193.9964445
File C:\Users\user\AppData\Local\Programs\Python\Python312\Lib\dis.py first seen with mtime 1738656312.0
File C:\mypython3\django\Lib\site-packages\django\core\signals.py first seen with mtime 1773145195.9817367
File C:\Users\user\AppData\Local\Programs\Python\Python312\Lib\operator.py first seen with mtime 1738656312.0
File C:\mypython3\django\Lib\site-packages\django\contrib\auth\__init__.py first seen with mtime 1773145194.2009065
File C:\mypython3\django\Lib\site-packages\django\contrib\staticfiles\management\__init__.py first seen with mtime 1773145195.972909
File C:\Users\user\AppData\Local\Programs\Python\Python312\Lib\email\_policybase.py first seen with mtime 1738656312.0
File C:\Users\user\AppData\Local\Programs\Python\Python312\Lib\threading.py first seen with mtime 1738656314.0
File C:\mypython3\django\Lib\site-packages\django\contrib\messages\__init__.py first seen with mtime 1773145195.2094755
File C:\mypython3\django\Lib\site-packages\sqlparse\filters\output.py first seen with mtime 1773145192.8499115
File C:\mypython3\django\Lib\site-packages\django\views\decorators\common.py first seen with mtime 1773145196.3230605
File C:\mypython3\django\Lib\site-packages\django\utils\copy.py first seen with mtime 1773145196.2887466
File C:\Users\user\AppData\Local\Programs\Python\Python312\Lib\asyncio\subprocess.py first seen with mtime 1738656312.0
File C:\mypython3\django\Lib\site-packages\django\db\models\signals.py first seen with mtime 1773145196.1367948
File C:\mypython3\django\Lib\site-packages\asgiref\current_thread_executor.py first seen with mtime 1773145192.9433763
File C:\Users\user\AppData\Local\Programs\Python\Python312\Lib\email\generator.py first seen with mtime 1738656312.0
File C:\Users\user\AppData\Local\Programs\Python\Python312\Lib\gzip.py first seen with mtime 1738656312.0
File C:\Users\user\AppData\Local\Programs\Python\Python312\Lib\email\headerregistry.py first seen with mtime 1738656312.0
File C:\mypython3\django\Lib\site-packages\django\forms\utils.py first seen with mtime 1773145196.165933
File C:\mypython3\django\Lib\site-packages\django\core\mail\__init__.py first seen with mtime 1773145196.0181444
File C:\Users\user\AppData\Local\Programs\Python\Python312\Lib\selectors.py first seen with mtime 1738656312.0
File C:\mypython3\django\Lib\site-packages\django\contrib\sessions\__init__.py first seen with mtime 1773145195.5604944
File C:\mypython3\django\Lib\site-packages\django\core\checks\compatibility\django_4_0.py first seen with mtime 1773145196.0010917
File C:\mypython3\django\Lib\site-packages\django\template\response.py first seen with mtime 1773145196.2546358
File C:\mypython3\django\Lib\site-packages\django\core\files\storage\mixins.py first seen with mtime 1773145196.0138185
File C:\mypython3\django\Lib\site-packages\django\template\loader.py first seen with mtime 1773145196.252318
File C:\Users\user\AppData\Local\Programs\Python\Python312\Lib\_markupbase.py first seen with mtime 1738656312.0
File C:\mypython3\django\Lib\site-packages\sqlparse\filters\reindent.py first seen with mtime 1773145192.8509643
File C:\Users\user\AppData\Local\Programs\Python\Python312\Lib\collections\__init__.py first seen with mtime 1738656312.0
File C:\mypython3\django\Lib\site-packages\django\template\base.py first seen with mtime 1773145196.2468977
File C:\mypython3\django\Lib\site-packages\django\db\models\sql\datastructures.py first seen with mtime 1773145196.1544979
File C:\mypython3\django\Lib\site-packages\django\template\backends\__init__.py first seen with mtime 1773145196.2559953
File C:\mypython3\django\Lib\site-packages\django\db\migrations\__init__.py first seen with mtime 1773145196.1140866
File C:\Users\user\AppData\Local\Programs\Python\Python312\Lib\asyncio\staggered.py first seen with mtime 1738656312.0
File C:\Users\user\AppData\Local\Programs\Python\Python312\Lib\weakref.py first seen with mtime 1738656314.0
File C:\mypython3\django\Lib\site-packages\django\views\i18n.py first seen with mtime 1773145196.3195925
File C:\mypython3\django\Lib\site-packages\django\utils\datastructures.py first seen with mtime 1773145196.2914486
File C:\mypython3\django\Lib\site-packages\sqlparse\filters\tokens.py first seen with mtime 1773145192.8523216
File C:\Users\user\AppData\Local\Programs\Python\Python312\Lib\concurrent\futures\thread.py first seen with mtime 1738656312.0
File C:\mypython3\django\Lib\site-packages\django\utils\http.py first seen with mtime 1773145196.3016546
File C:\mypython3\django\Lib\site-packages\django\contrib\admin\templatetags\admin_urls.py first seen with mtime 1773145193.9976585
File C:\mypython3\django\Lib\site-packages\django\contrib\sessions\backends\__init__.py first seen with mtime 1773145195.5645118
File C:\mypython3\django\Lib\site-packages\django\utils\lorem_ipsum.py first seen with mtime 1773145196.3050413
File C:\Users\user\AppData\Local\Programs\Python\Python312\Lib\reprlib.py first seen with mtime 1738656312.0
File C:\mypython3\django\Lib\site-packages\django\core\files\storage\base.py first seen with mtime 1773145196.0107872
File C:\mypython3\django\Lib\site-packages\django\db\backends\sqlite3\introspection.py first seen with mtime 1773145196.110429
File C:\mypython3\django\Lib\site-packages\django\utils\duration.py first seen with mtime 1773145196.2962735
File C:\mypython3\django\Lib\site-packages\asgiref\__init__.py first seen with mtime 1773145192.9425004
File C:\mypython3\django\Lib\site-packages\django\db\backends\signals.py first seen with mtime 1773145196.057587
File C:\mypython3\django\Lib\site-packages\django\templatetags\l10n.py first seen with mtime 1773145196.2664125
File C:\mypython3\django\Lib\site-packages\django\contrib\auth\admin.py first seen with mtime 1773145194.2009065
File C:\mypython3\django\Lib\site-packages\django\core\files\locks.py first seen with mtime 1773145196.006105
File C:\mypython3\django\Lib\site-packages\django\db\backends\sqlite3\client.py first seen with mtime 1773145196.1084104
File C:\Users\user\AppData\Local\Programs\Python\Python312\Lib\gettext.py first seen with mtime 1738656312.0
File C:\Users\user\AppData\Local\Programs\Python\Python312\Lib\nturl2path.py first seen with mtime 1738656312.0
File C:\Users\user\AppData\Local\Programs\Python\Python312\Lib\subprocess.py first seen with mtime 1738656312.0
File C:\Users\user\AppData\Local\Programs\Python\Python312\Lib\asyncio\proactor_events.py first seen with mtime 1738656312.0
File C:\Users\user\AppData\Local\Programs\Python\Python312\DLLs\_wmi.pyd first seen with mtime 1738656366.0
File C:\mypython3\django\Lib\site-packages\django\db\backends\sqlite3\base.py first seen with mtime 1773145196.1074038
File C:\Users\user\AppData\Local\Programs\Python\Python312\Lib\encodings\cp950.py first seen with mtime 1738656312.0
File C:\Users\user\AppData\Local\Programs\Python\Python312\Lib\asyncio\runners.py first seen with mtime 1738656312.0
File C:\mypython3\django\Scripts\hello_django\hello_django\settings.py first seen with mtime 1773209223.785567
File C:\Users\user\AppData\Local\Programs\Python\Python312\Lib\inspect.py first seen with mtime 1738656312.0
File C:\mypython3\django\Lib\site-packages\django\contrib\staticfiles\finders.py first seen with mtime 1773145195.9689355
File C:\mypython3\django\Lib\site-packages\django\contrib\sites\__init__.py first seen with mtime 1773145195.7663884
File C:\mypython3\django\Lib\site-packages\django\db\models\fields\related.py first seen with mtime 1773145196.143908
File C:\mypython3\django\Lib\site-packages\django\contrib\auth\signals.py first seen with mtime 1773145194.2097628
File C:\mypython3\django\Lib\site-packages\django\contrib\auth\password_validation.py first seen with mtime 1773145194.2097628
File C:\mypython3\django\Lib\site-packages\sqlparse\utils.py first seen with mtime 1773145192.8442674
File C:\Users\user\AppData\Local\Programs\Python\Python312\Lib\random.py first seen with mtime 1738656312.0
File C:\mypython3\django\Lib\site-packages\django\core\cache\utils.py first seen with mtime 1773145195.9857483
File C:\mypython3\django\Lib\site-packages\sqlparse\tokens.py first seen with mtime 1773145192.8428211
File C:\Users\user\AppData\Local\Programs\Python\Python312\Lib\importlib\_abc.py first seen with mtime 1738656312.0
File C:\mypython3\django\Lib\site-packages\django\utils\dateparse.py first seen with mtime 1773145196.2914486
File C:\Users\user\AppData\Local\Programs\Python\Python312\Lib\string.py first seen with mtime 1738656312.0
File C:\mypython3\django\Lib\site-packages\django\contrib\contenttypes\views.py first seen with mtime 1773145194.415163
File C:\Users\user\AppData\Local\Programs\Python\Python312\Lib\asyncio\base_tasks.py first seen with mtime 1738656312.0
File C:\mypython3\django\Lib\site-packages\django\__init__.py first seen with mtime 1773145193.0611882
File C:\mypython3\django\Lib\site-packages\django\db\models\deletion.py first seen with mtime 1773145196.130504
File C:\mypython3\django\Lib\site-packages\django\template\loaders\cached.py first seen with mtime 1773145196.2619398
File C:\mypython3\django\Lib\site-packages\django\templatetags\tz.py first seen with mtime 1773145196.2678335
File C:\mypython3\django\Lib\site-packages\django\db\models\fields\proxy.py first seen with mtime 1773145196.1428242
File C:\mypython3\django\Lib\site-packages\sqlparse\filters\right_margin.py first seen with mtime 1773145192.8509643
File C:\mypython3\django\Lib\site-packages\django\dispatch\dispatcher.py first seen with mtime 1773145196.1588857
File C:\mypython3\django\Lib\site-packages\sqlparse\filters\others.py first seen with mtime 1773145192.8499115
File C:\mypython3\django\Lib\site-packages\django\db\models\indexes.py first seen with mtime 1773145196.132712
File C:\mypython3\django\Lib\site-packages\django\core\files\uploadedfile.py first seen with mtime 1773145196.0081103
File C:\mypython3\django\Lib\site-packages\django\template\utils.py first seen with mtime 1773145196.2546358
File C:\Users\user\AppData\Local\Programs\Python\Python312\Lib\glob.py first seen with mtime 1738656312.0
File C:\Users\user\AppData\Local\Programs\Python\Python312\Lib\email\errors.py first seen with mtime 1738656312.0
File C:\mypython3\django\Lib\site-packages\django\urls\base.py first seen with mtime 1773145196.2768354
File C:\mypython3\django\Lib\site-packages\django\forms\__init__.py first seen with mtime 1773145196.1608996
File C:\Users\user\AppData\Local\Programs\Python\Python312\Lib\urllib\error.py first seen with mtime 1738656314.0
File C:\mypython3\django\Lib\site-packages\django\core\files\images.py first seen with mtime 1773145196.006105
File C:\Users\user\AppData\Local\Programs\Python\Python312\DLLs\_lzma.pyd first seen with mtime 1738656366.0
File C:\mypython3\django\Lib\site-packages\django\contrib\messages\constants.py first seen with mtime 1773145195.2114909
File C:\mypython3\django\Lib\site-packages\django\utils\version.py first seen with mtime 1773145196.3117063
File C:\mypython3\django\Lib\site-packages\django\apps\__init__.py first seen with mtime 1773145193.0633047
File C:\Users\user\AppData\Local\Programs\Python\Python312\Lib\uuid.py first seen with mtime 1738656314.0
File C:\mypython3\django\Lib\site-packages\django\core\files\storage\filesystem.py first seen with mtime 1773145196.011807
File C:\mypython3\django\Lib\site-packages\sqlparse\engine\__init__.py first seen with mtime 1773145192.8452957
File C:\Users\user\AppData\Local\Programs\Python\Python312\Lib\asyncio\taskgroups.py first seen with mtime 1738656312.0
File C:\mypython3\django\Lib\site-packages\django\contrib\staticfiles\handlers.py first seen with mtime 1773145195.9689355
File C:\mypython3\django\Lib\site-packages\django\core\handlers\base.py first seen with mtime 1773145196.0159414
File C:\mypython3\django\Lib\site-packages\sqlparse\lexer.py first seen with mtime 1773145192.8408105
File C:\mypython3\django\Lib\site-packages\_virtualenv.py first seen with mtime 1773145102.794879
File C:\mypython3\django\Lib\site-packages\django\contrib\sessions\base_session.py first seen with mtime 1773145195.561499
File C:\mypython3\django\Lib\site-packages\django\utils\functional.py first seen with mtime 1773145196.2984064
File C:\mypython3\django\Lib\site-packages\django\utils\timesince.py first seen with mtime 1773145196.3096595
File C:\Users\user\AppData\Local\Programs\Python\Python312\Lib\traceback.py first seen with mtime 1738656314.0
File C:\mypython3\django\Lib\site-packages\django\utils\crypto.py first seen with mtime 1773145196.289754
File C:\Users\user\AppData\Local\Programs\Python\Python312\Lib\concurrent\futures\__init__.py first seen with mtime 1738656312.0
File C:\Users\user\AppData\Local\Programs\Python\Python312\Lib\keyword.py first seen with mtime 1738656312.0
File C:\mypython3\django\Lib\site-packages\django\middleware\__init__.py first seen with mtime 1773145196.2320373
File C:\Users\user\AppData\Local\Programs\Python\Python312\DLLs\_hashlib.pyd first seen with mtime 1738656366.0
File C:\Users\user\AppData\Local\Programs\Python\Python312\Lib\urllib\request.py first seen with mtime 1738656314.0
File C:\mypython3\django\Lib\site-packages\django\utils\html.py first seen with mtime 1773145196.3005579
File C:\mypython3\django\Lib\site-packages\django\templatetags\i18n.py first seen with mtime 1773145196.2654092
File C:\Users\user\AppData\Local\Programs\Python\Python312\Lib\wsgiref\headers.py first seen with mtime 1738656314.0
File C:\Users\user\AppData\Local\Programs\Python\Python312\Lib\wsgiref\handlers.py first seen with mtime 1738656314.0
File C:\Users\user\AppData\Local\Programs\Python\Python312\Lib\email\mime\nonmultipart.py first seen with mtime 1738656312.0
File C:\Users\user\AppData\Local\Programs\Python\Python312\Lib\textwrap.py first seen with mtime 1738656314.0
File C:\mypython3\django\Lib\site-packages\django\db\models\options.py first seen with mtime 1773145196.1347816
File C:\Users\user\AppData\Local\Programs\Python\Python312\Lib\heapq.py first seen with mtime 1738656312.0
File C:\mypython3\django\Lib\site-packages\django\contrib\admin\sites.py first seen with mtime 1773145193.5029588
File C:\Users\user\AppData\Local\Programs\Python\Python312\Lib\ipaddress.py first seen with mtime 1738656312.0
File C:\mypython3\django\Lib\site-packages\django\views\generic\edit.py first seen with mtime 1773145196.3316674
File C:\Users\user\AppData\Local\Programs\Python\Python312\DLLs\_asyncio.pyd first seen with mtime 1738656366.0
File C:\mypython3\django\Lib\site-packages\django\db\models\fields\composite.py first seen with mtime 1773145196.1388083
File C:\mypython3\django\Lib\site-packages\sqlparse\sql.py first seen with mtime 1773145192.8428211
File C:\Users\user\AppData\Local\Programs\Python\Python312\Lib\multiprocessing\reduction.py first seen with mtime 1738656312.0
File C:\mypython3\django\Lib\site-packages\django\core\checks\model_checks.py first seen with mtime 1773145195.996686
File C:\Users\user\AppData\Local\Programs\Python\Python312\Lib\sqlite3\dbapi2.py first seen with mtime 1738656312.0
File C:\mypython3\django\Lib\site-packages\django\contrib\contenttypes\models.py first seen with mtime 1773145194.414056
File C:\Users\user\AppData\Local\Programs\Python\Python312\Lib\email\_parseaddr.py first seen with mtime 1738656312.0
File C:\mypython3\django\Lib\site-packages\django\template\exceptions.py first seen with mtime 1773145196.2509928
File C:\mypython3\django\Lib\site-packages\sqlparse\engine\filter_stack.py first seen with mtime 1773145192.8452957
File C:\mypython3\django\Lib\site-packages\django\contrib\staticfiles\__init__.py first seen with mtime 1773145195.966913
File C:\mypython3\django\Lib\site-packages\django\views\generic\base.py first seen with mtime 1773145196.3288577
File C:\mypython3\django\Lib\site-packages\django\db\migrations\utils.py first seen with mtime 1773145196.1221051
File C:\mypython3\django\Lib\site-packages\django\db\models\functions\datetime.py first seen with mtime 1773145196.14814
File C:\mypython3\django\Lib\site-packages\sqlparse\cli.py first seen with mtime 1773145192.837533
File C:\Users\user\AppData\Local\Programs\Python\Python312\Lib\statistics.py first seen with mtime 1738656312.0
File C:\mypython3\django\Lib\site-packages\django\db\backends\sqlite3\__init__.py first seen with mtime 1773145196.1062877
File C:\mypython3\django\Lib\site-packages\django\db\backends\base\introspection.py first seen with mtime 1773145196.0626051
File C:\Users\user\AppData\Local\Programs\Python\Python312\Lib\sysconfig.py first seen with mtime 1738656312.0
File C:\mypython3\django\Lib\site-packages\django\core\exceptions.py first seen with mtime 1773145195.9806347
File C:\Users\user\AppData\Local\Programs\Python\Python312\Lib\ast.py first seen with mtime 1738656312.0
File C:\mypython3\django\Lib\site-packages\django\core\checks\database.py first seen with mtime 1773145195.9956176
File C:\mypython3\django\Lib\site-packages\django\db\models\fields\related_descriptors.py first seen with mtime 1773145196.1449113
File C:\mypython3\django\Lib\site-packages\django\template\loaders\base.py first seen with mtime 1773145196.2619398
File C:\mypython3\django\Lib\site-packages\django\core\servers\__init__.py first seen with mtime 1773145196.053576
File C:\mypython3\django\Lib\site-packages\django\db\models\functions\window.py first seen with mtime 1773145196.15149
File C:\mypython3\django\Lib\site-packages\django\contrib\messages\storage\base.py first seen with mtime 1773145195.216087
File C:\Users\user\AppData\Local\Programs\Python\Python312\Lib\asyncio\selector_events.py first seen with mtime 1738656312.0
File C:\mypython3\django\Lib\site-packages\django\db\models\sql\__init__.py first seen with mtime 1773145196.152493
File C:\Users\user\AppData\Local\Programs\Python\Python312\Lib\asyncio\format_helpers.py first seen with mtime 1738656312.0
File C:\Users\user\AppData\Local\Programs\Python\Python312\Lib\asyncio\timeouts.py first seen with mtime 1738656312.0
File C:\Users\user\AppData\Local\Programs\Python\Python312\Lib\email\mime\text.py first seen with mtime 1738656312.0
File C:\mypython3\django\Lib\site-packages\django\template\defaulttags.py first seen with mtime 1773145196.2499743
File C:\mypython3\django\Lib\site-packages\django\contrib\admin\templatetags\admin_list.py first seen with mtime 1773145193.9954436
File C:\Users\user\AppData\Local\Programs\Python\Python312\Lib\warnings.py first seen with mtime 1738656314.0
File C:\mypython3\django\Lib\site-packages\django\core\checks\security\sessions.py first seen with mtime 1773145196.0041006
File C:\mypython3\django\Lib\site-packages\django\forms\forms.py first seen with mtime 1773145196.1629066
File C:\mypython3\django\Lib\site-packages\django\contrib\admin\helpers.py first seen with mtime 1773145193.4997232
File C:\mypython3\django\Lib\site-packages\django\core\handlers\exception.py first seen with mtime 1773145196.0171359
File C:\mypython3\django\Lib\site-packages\django\contrib\sessions\middleware.py first seen with mtime 1773145195.562503
File C:\mypython3\django\Lib\site-packages\django\core\checks\files.py first seen with mtime 1773145195.9956176
File C:\mypython3\django\Lib\site-packages\django\core\mail\utils.py first seen with mtime 1773145196.0191846
File C:\mypython3\django\Lib\site-packages\django\contrib\admin\templatetags\base.py first seen with mtime 1773145193.9981663
File C:\mypython3\django\Lib\site-packages\django\db\models\functions\comparison.py first seen with mtime 1773145196.14814
File C:\mypython3\django\Lib\site-packages\django\core\serializers\python.py first seen with mtime 1773145196.051571
File C:\mypython3\django\Lib\site-packages\django\views\generic\dates.py first seen with mtime 1773145196.3303373
File C:\mypython3\django\Lib\site-packages\django\contrib\auth\base_user.py first seen with mtime 1773145194.2031653
File C:\mypython3\django\Lib\site-packages\django\core\serializers\json.py first seen with mtime 1773145196.0503986
File C:\Users\user\AppData\Local\Programs\Python\Python312\Lib\encodings\aliases.py first seen with mtime 1738656312.0
File C:\mypython3\django\Lib\site-packages\django\db\migrations\operations\base.py first seen with mtime 1773145196.1241107
File C:\mypython3\django\Lib\site-packages\django\core\wsgi.py first seen with mtime 1773145195.9837432
File C:\mypython3\django\Lib\site-packages\django\template\autoreload.py first seen with mtime 1773145196.246394
File C:\Users\user\AppData\Local\Programs\Python\Python312\DLLs\unicodedata.pyd first seen with mtime 1738656366.0
File C:\mypython3\django\Lib\site-packages\django\core\checks\compatibility\__init__.py first seen with mtime 1773145196.0000894
File C:\Users\user\AppData\Local\Programs\Python\Python312\Lib\quopri.py first seen with mtime 1738656312.0
File C:\Users\user\AppData\Local\Programs\Python\Python312\Lib\__future__.py first seen with mtime 1738656312.0
File C:\mypython3\django\Lib\site-packages\django\db\backends\sqlite3\schema.py first seen with mtime 1773145196.113003
File C:\mypython3\django\Lib\site-packages\django\core\checks\security\base.py first seen with mtime 1773145196.0020945
File C:\mypython3\django\Lib\site-packages\django\utils\ipv6.py first seen with mtime 1773145196.3027143
File C:\mypython3\django\Lib\site-packages\django\utils\translation\__init__.py first seen with mtime 1773145196.3137293
File C:\mypython3\django\Lib\site-packages\django\db\__init__.py first seen with mtime 1773145196.054579
File C:\Users\user\AppData\Local\Programs\Python\Python312\Lib\email\quoprimime.py first seen with mtime 1738656312.0
File C:\mypython3\django\Lib\site-packages\django\utils\regex_helper.py first seen with mtime 1773145196.306123
File C:\mypython3\django\Lib\site-packages\django\contrib\messages\storage\__init__.py first seen with mtime 1773145195.2149706
File C:\mypython3\django\Lib\site-packages\sqlparse\formatter.py first seen with mtime 1773145192.8398044
File C:\mypython3\django\Lib\site-packages\django\utils\tree.py first seen with mtime 1773145196.3107
File C:\mypython3\django\Scripts\hello_django\manage.py first seen with mtime 1773146754.8730004
File C:\mypython3\django\Lib\site-packages\django\db\models\manager.py first seen with mtime 1773145196.133716
File C:\mypython3\django\Lib\site-packages\django\contrib\admin\options.py first seen with mtime 1773145193.5018322
File C:\mypython3\django\Lib\site-packages\django\db\migrations\state.py first seen with mtime 1773145196.121103
File C:\mypython3\django\Lib\site-packages\django\urls\converters.py first seen with mtime 1773145196.2778685
File C:\mypython3\django\Lib\site-packages\django\contrib\sessions\backends\base.py first seen with mtime 1773145195.5655143
File C:\mypython3\django\Lib\site-packages\sqlparse\exceptions.py first seen with mtime 1773145192.8387983
File C:\mypython3\django\Lib\site-packages\django\contrib\sites\shortcuts.py first seen with mtime 1773145195.7729342
File C:\Users\user\AppData\Local\Programs\Python\Python312\Lib\datetime.py first seen with mtime 1738656312.0
File C:\mypython3\django\Lib\site-packages\django\contrib\staticfiles\views.py first seen with mtime 1773145195.972909
File C:\mypython3\django\Lib\site-packages\django\views\generic\detail.py first seen with mtime 1773145196.3303373
File C:\mypython3\django\Lib\site-packages\django\core\management\color.py first seen with mtime 1773145196.0270288
File C:\Users\user\AppData\Local\Programs\Python\Python312\Lib\email\parser.py first seen with mtime 1738656312.0
File C:\Users\user\AppData\Local\Programs\Python\Python312\Lib\ssl.py first seen with mtime 1738656312.0
File C:\Users\user\AppData\Local\Programs\Python\Python312\Lib\asyncio\base_events.py first seen with mtime 1738656312.0
File C:\mypython3\django\Lib\site-packages\django\contrib\auth\tokens.py first seen with mtime 1773145194.2107623
File C:\mypython3\django\Lib\site-packages\django\core\files\temp.py first seen with mtime 1773145196.0071077
File C:\Users\user\AppData\Local\Programs\Python\Python312\Lib\json\scanner.py first seen with mtime 1738656312.0
File C:\Users\user\AppData\Local\Programs\Python\Python312\Lib\enum.py first seen with mtime 1738656312.0
File C:\Users\user\AppData\Local\Programs\Python\Python312\Lib\typing.py first seen with mtime 1738656314.0
File C:\mypython3\django\Lib\site-packages\django\utils\inspect.py first seen with mtime 1773145196.3016546
File C:\Users\user\AppData\Local\Programs\Python\Python312\Lib\zoneinfo\_common.py first seen with mtime 1738656314.0
File C:\mypython3\django\Lib\site-packages\django\db\migrations\operations\models.py first seen with mtime 1773145196.125113
File C:\Users\user\AppData\Local\Programs\Python\Python312\Lib\asyncio\coroutines.py first seen with mtime 1738656312.0
File C:\Users\user\AppData\Local\Programs\Python\Python312\Lib\asyncio\mixins.py first seen with mtime 1738656312.0
File C:\mypython3\django\Lib\site-packages\django\contrib\auth\validators.py first seen with mtime 1773145194.211765
File C:\Users\user\AppData\Local\Programs\Python\Python312\Lib\asyncio\locks.py first seen with mtime 1738656312.0
File C:\mypython3\django\Lib\site-packages\django\template\context.py first seen with mtime 1773145196.247962
File C:\mypython3\django\Lib\site-packages\django\contrib\staticfiles\management\commands\runserver.py first seen with mtime 1773145195.976585
File C:\mypython3\django\Lib\site-packages\django\contrib\auth\templatetags\__init__.py first seen with mtime 1773145194.4091442
File C:\mypython3\django\Lib\site-packages\django\utils\encoding.py first seen with mtime 1773145196.2962735
File C:\Users\user\AppData\Local\Programs\Python\Python312\DLLs\_sqlite3.pyd first seen with mtime 1738656366.0
File C:\mypython3\django\Lib\site-packages\django\template\loaders\__init__.py first seen with mtime 1773145196.2604578
File C:\mypython3\django\Lib\site-packages\django\contrib\auth\management\__init__.py first seen with mtime 1773145194.3959832
File C:\mypython3\django\Lib\site-packages\django\contrib\admin\models.py first seen with mtime 1773145193.5007255
File C:\mypython3\django\Lib\site-packages\django\core\files\__init__.py first seen with mtime 1773145196.0051029
File C:\Users\user\AppData\Local\Programs\Python\Python312\Lib\pathlib.py first seen with mtime 1738656312.0
File C:\mypython3\django\Lib\site-packages\django\core\checks\async_checks.py first seen with mtime 1773145195.993607
File C:\mypython3\django\Lib\site-packages\django\contrib\auth\views.py first seen with mtime 1773145194.212838
File C:\mypython3\django\Lib\site-packages\django\forms\boundfield.py first seen with mtime 1773145196.1608996
File C:\Users\user\AppData\Local\Programs\Python\Python312\Lib\html\entities.py first seen with mtime 1738656312.0
File C:\mypython3\django\Lib\site-packages\django\db\migrations\operations\__init__.py first seen with mtime 1773145196.1231077
File C:\mypython3\django\Lib\site-packages\django\template\smartif.py first seen with mtime 1773145196.2546358
File C:\Users\user\AppData\Local\Programs\Python\Python312\Lib\asyncio\protocols.py first seen with mtime 1738656312.0
File C:\mypython3\django\Lib\site-packages\django\contrib\admin\views\main.py first seen with mtime 1773145194.0013695
File C:\mypython3\django\Lib\site-packages\django\core\handlers\asgi.py first seen with mtime 1773145196.0159414
File C:\mypython3\django\Lib\site-packages\django\db\backends\sqlite3\operations.py first seen with mtime 1773145196.110429
File C:\Users\user\AppData\Local\Programs\Python\Python312\Lib\fnmatch.py first seen with mtime 1738656312.0
File C:\mypython3\django\Lib\site-packages\django\views\generic\__init__.py first seen with mtime 1773145196.3288577
File C:\Users\user\AppData\Local\Programs\Python\Python312\DLLs\_zoneinfo.pyd first seen with mtime 1738656366.0
File C:\mypython3\django\Lib\site-packages\django\core\cache\backends\filebased.py first seen with mtime 1773145195.9891803
File C:\mypython3\django\Lib\site-packages\django\db\backends\sqlite3\features.py first seen with mtime 1773145196.1094236
File C:\mypython3\django\Lib\site-packages\django\utils\translation\reloader.py first seen with mtime 1773145196.3137293
File C:\mypython3\django\Lib\site-packages\django\contrib\admin\checks.py first seen with mtime 1773145193.4961762
File C:\mypython3\django\Lib\site-packages\django\contrib\auth\checks.py first seen with mtime 1773145194.2036693
File C:\mypython3\django\Lib\site-packages\django\db\models\constants.py first seen with mtime 1773145196.1291237
File C:\mypython3\django\Scripts\hello_django\hello_django\__init__.py first seen with mtime 1773146754.8790936
File C:\mypython3\django\Lib\site-packages\sqlparse\keywords.py first seen with mtime 1773145192.8408105
File C:\Users\user\AppData\Local\Programs\Python\Python312\Lib\asyncio\base_subprocess.py first seen with mtime 1738656312.0
File C:\mypython3\django\Lib\site-packages\django\core\files\storage\memory.py first seen with mtime 1773145196.0128129
File C:\Users\user\AppData\Local\Programs\Python\Python312\Lib\json\decoder.py first seen with mtime 1738656312.0
File C:\Users\user\AppData\Local\Programs\Python\Python312\Lib\multiprocessing\context.py first seen with mtime 1738656312.0
File C:\mypython3\django\Lib\site-packages\django\contrib\sites\requests.py first seen with mtime 1773145195.7729342
File C:\mypython3\django\Lib\site-packages\django\db\models\fields\__init__.py first seen with mtime 1773145196.1388083
File C:\Users\user\AppData\Local\Programs\Python\Python312\Lib\shutil.py first seen with mtime 1738656312.0
File C:\Users\user\AppData\Local\Programs\Python\Python312\DLLs\_ssl.pyd first seen with mtime 1738656366.0
File C:\mypython3\django\Lib\site-packages\django\templatetags\static.py first seen with mtime 1773145196.2664125
File C:\Users\user\AppData\Local\Programs\Python\Python312\Lib\contextvars.py first seen with mtime 1738656312.0
File C:\mypython3\django\Lib\site-packages\django\forms\widgets.py first seen with mtime 1773145196.1669354
File C:\Users\user\AppData\Local\Programs\Python\Python312\Lib\asyncio\windows_utils.py first seen with mtime 1738656312.0
File C:\mypython3\django\Lib\site-packages\django\contrib\admin\filters.py first seen with mtime 1773145193.498147
File C:\Users\user\AppData\Local\Programs\Python\Python312\Lib\graphlib.py first seen with mtime 1738656312.0
File C:\mypython3\django\Lib\site-packages\django\contrib\auth\models.py first seen with mtime 1773145194.209344
File C:\mypython3\django\Lib\site-packages\django\core\servers\basehttp.py first seen with mtime 1773145196.053576
File C:\mypython3\django\Lib\site-packages\django\http\request.py first seen with mtime 1773145196.231031
File C:\mypython3\django\Lib\site-packages\django\contrib\messages\apps.py first seen with mtime 1773145195.2114909
File C:\mypython3\django\Lib\site-packages\django\contrib\sessions\exceptions.py first seen with mtime 1773145195.561499
File C:\mypython3\django\Lib\site-packages\django\middleware\common.py first seen with mtime 1773145196.2340477
File C:\mypython3\django\Lib\site-packages\django\middleware\clickjacking.py first seen with mtime 1773145196.2330432
File C:\mypython3\django\Scripts\hello_django\hello_django\urls.py first seen with mtime 1773209913.500401
File C:\mypython3\django\Lib\site-packages\django\contrib\messages\middleware.py first seen with mtime 1773145195.212948
Watching for file changes with StatReloader
Waiting for apps ready_event.
Apps ready_event triggered. Sending autoreload_started signal.
Watching dir C:\mypython3\django\Scripts\hello_django\locale with glob **/*.mo.
Watching dir C:\mypython3\django\Scripts\hello_django\myhello\locale with glob **/*.mo.
File C:\mypython3\django\Lib\site-packages\django\db\backends\__init__.py first seen with mtime 1773145196.056584
File C:\mypython3\django\Lib\site-packages\django\db\backends\sqlite3\schema.py first seen with mtime 1773145196.113003
File C:\Users\user\AppData\Local\Programs\Python\Python312\Lib\socketserver.py first seen with mtime 1738656312.0
File C:\mypython3\django\Lib\site-packages\django\db\backends\base\schema.py first seen with mtime 1773145196.0646853
File C:\mypython3\django\Lib\site-packages\django\core\files\move.py first seen with mtime 1773145196.0071077
File C:\mypython3\django\Lib\site-packages\django\templatetags\tz.py first seen with mtime 1773145196.2678335
File C:\Users\user\AppData\Local\Programs\Python\Python312\Lib\ast.py first seen with mtime 1738656312.0
File C:\Users\user\AppData\Local\Programs\Python\Python312\Lib\email\errors.py first seen with mtime 1738656312.0
File C:\mypython3\django\Lib\site-packages\django\templatetags\static.py first seen with mtime 1773145196.2664125
File C:\mypython3\django\Lib\site-packages\django\db\models\constants.py first seen with mtime 1773145196.1291237
File C:\mypython3\django\Lib\site-packages\django\contrib\messages\constants.py first seen with mtime 1773145195.2114909
File C:\mypython3\django\Lib\site-packages\django\contrib\admin\apps.py first seen with mtime 1773145193.4951673
File C:\Users\user\AppData\Local\Programs\Python\Python312\Lib\asyncio\futures.py first seen with mtime 1738656312.0
File C:\mypython3\django\Lib\site-packages\django\contrib\contenttypes\fields.py first seen with mtime 1773145194.4131591
File C:\Users\user\AppData\Local\Programs\Python\Python312\Lib\importlib\_abc.py first seen with mtime 1738656312.0
File C:\mypython3\django\Lib\site-packages\django\contrib\auth\management\__init__.py first seen with mtime 1773145194.3959832
File C:\mypython3\django\Lib\site-packages\django\core\files\base.py first seen with mtime 1773145196.0051029
File C:\Users\user\AppData\Local\Programs\Python\Python312\Lib\email\_encoded_words.py first seen with mtime 1738656312.0
File C:\mypython3\django\Lib\site-packages\django\core\checks\compatibility\__init__.py first seen with mtime 1773145196.0000894
File C:\mypython3\django\Lib\site-packages\django\core\signing.py first seen with mtime 1773145195.9827394
File C:\mypython3\django\Lib\site-packages\django\core\signals.py first seen with mtime 1773145195.9817367
File C:\Users\user\AppData\Local\Programs\Python\Python312\Lib\gzip.py first seen with mtime 1738656312.0
File C:\mypython3\django\Lib\site-packages\django\http\response.py first seen with mtime 1773145196.2320373
File C:\Users\user\AppData\Local\Programs\Python\Python312\Lib\contextvars.py first seen with mtime 1738656312.0
File C:\mypython3\django\Lib\site-packages\django\utils\html.py first seen with mtime 1773145196.3005579
File C:\mypython3\django\Lib\site-packages\django\db\models\functions\comparison.py first seen with mtime 1773145196.14814
File C:\mypython3\django\Lib\site-packages\django\core\handlers\exception.py first seen with mtime 1773145196.0171359
File C:\Users\user\AppData\Local\Programs\Python\Python312\Lib\encodings\utf_8_sig.py first seen with mtime 1738656312.0
File C:\mypython3\django\Lib\site-packages\django\core\serializers\python.py first seen with mtime 1773145196.051571
File C:\Users\user\AppData\Local\Programs\Python\Python312\Lib\logging\config.py first seen with mtime 1738656312.0
File C:\mypython3\django\Lib\site-packages\django\utils\timezone.py first seen with mtime 1773145196.3096595
File C:\Users\user\AppData\Local\Programs\Python\Python312\Lib\importlib\__init__.py first seen with mtime 1738656312.0
File C:\mypython3\django\Lib\site-packages\django\contrib\sites\shortcuts.py first seen with mtime 1773145195.7729342
File C:\Users\user\AppData\Local\Programs\Python\Python312\Lib\statistics.py first seen with mtime 1738656312.0
File C:\Users\user\AppData\Local\Programs\Python\Python312\Lib\email\generator.py first seen with mtime 1738656312.0
File C:\Users\user\AppData\Local\Programs\Python\Python312\Lib\shutil.py first seen with mtime 1738656312.0
File C:\mypython3\django\Lib\site-packages\django\core\checks\security\sessions.py first seen with mtime 1773145196.0041006
File C:\mypython3\django\Lib\site-packages\django\core\files\storage\mixins.py first seen with mtime 1773145196.0138185
File C:\mypython3\django\Lib\site-packages\django\core\checks\registry.py first seen with mtime 1773145195.9976888
File C:\mypython3\django\Lib\site-packages\django\db\backends\base\__init__.py first seen with mtime 1773145196.0595918
File C:\mypython3\django\Lib\site-packages\django\db\models\utils.py first seen with mtime 1773145196.137802
File C:\Users\user\AppData\Local\Programs\Python\Python312\Lib\lzma.py first seen with mtime 1738656312.0
File C:\mypython3\django\Lib\site-packages\django\db\backends\sqlite3\client.py first seen with mtime 1773145196.1084104
File C:\Users\user\AppData\Local\Programs\Python\Python312\Lib\asyncio\locks.py first seen with mtime 1738656312.0
File C:\mypython3\django\Lib\site-packages\django\contrib\auth\base_user.py first seen with mtime 1773145194.2031653
File C:\mypython3\django\Lib\site-packages\django\db\migrations\__init__.py first seen with mtime 1773145196.1140866
File C:\mypython3\django\Lib\site-packages\django\db\models\sql\query.py first seen with mtime 1773145196.1555007
File C:\mypython3\django\Scripts\hello_django\myhello\models.py first seen with mtime 1773209089.9959147
File C:\mypython3\django\Lib\site-packages\asgiref\current_thread_executor.py first seen with mtime 1773145192.9433763
File C:\Users\user\AppData\Local\Programs\Python\Python312\Lib\email\mime\message.py first seen with mtime 1738656312.0
File C:\mypython3\django\Lib\site-packages\django\forms\forms.py first seen with mtime 1773145196.1629066
File C:\Users\user\AppData\Local\Programs\Python\Python312\Lib\asyncio\staggered.py first seen with mtime 1738656312.0
File C:\mypython3\django\Lib\site-packages\django\utils\autoreload.py first seen with mtime 1773145196.2862146
File C:\Users\user\AppData\Local\Programs\Python\Python312\Lib\quopri.py first seen with mtime 1738656312.0
File C:\mypython3\django\Lib\site-packages\django\contrib\auth\backends.py first seen with mtime 1773145194.202163
File C:\mypython3\django\Lib\site-packages\django\utils\_os.py first seen with mtime 1773145196.2823725
File C:\mypython3\django\Lib\site-packages\django\contrib\auth\decorators.py first seen with mtime 1773145194.2058501
File C:\mypython3\django\Lib\site-packages\django\core\checks\security\base.py first seen with mtime 1773145196.0020945
File C:\mypython3\django\Lib\site-packages\django\db\__init__.py first seen with mtime 1773145196.054579
File C:\mypython3\django\Lib\site-packages\django\core\cache\utils.py first seen with mtime 1773145195.9857483
File C:\mypython3\django\Lib\site-packages\django\template\loaders\base.py first seen with mtime 1773145196.2619398
File C:\Users\user\AppData\Local\Programs\Python\Python312\Lib\email\_parseaddr.py first seen with mtime 1738656312.0
File C:\Users\user\AppData\Local\Programs\Python\Python312\Lib\asyncio\mixins.py first seen with mtime 1738656312.0
File C:\Users\user\AppData\Local\Programs\Python\Python312\Lib\_weakrefset.py first seen with mtime 1738656312.0
File C:\mypython3\django\Lib\site-packages\django\contrib\admin\templatetags\base.py first seen with mtime 1773145193.9981663
File C:\Users\user\AppData\Local\Programs\Python\Python312\Lib\zoneinfo\_tzpath.py first seen with mtime 1738656314.0
File C:\mypython3\django\Lib\site-packages\django\utils\hashable.py first seen with mtime 1773145196.2994263
File C:\Users\user\AppData\Local\Programs\Python\Python312\Lib\email\message.py first seen with mtime 1738656312.0
File C:\mypython3\django\Lib\site-packages\django\db\models\sql\where.py first seen with mtime 1773145196.1578827
File C:\Users\user\AppData\Local\Programs\Python\Python312\Lib\textwrap.py first seen with mtime 1738656314.0
File C:\mypython3\django\Lib\site-packages\django\template\backends\__init__.py first seen with mtime 1773145196.2559953
File C:\mypython3\django\Lib\site-packages\django\template\smartif.py first seen with mtime 1773145196.2546358
File C:\Users\user\AppData\Local\Programs\Python\Python312\Lib\asyncio\events.py first seen with mtime 1738656312.0
File C:\Users\user\AppData\Local\Programs\Python\Python312\DLLs\_bz2.pyd first seen with mtime 1738656366.0
File C:\mypython3\django\Lib\site-packages\django\core\files\storage\base.py first seen with mtime 1773145196.0107872
File C:\mypython3\django\Lib\site-packages\sqlparse\filters\reindent.py first seen with mtime 1773145192.8509643
File C:\mypython3\django\Lib\site-packages\django\contrib\contenttypes\admin.py first seen with mtime 1773145194.411154
File C:\Users\user\AppData\Local\Programs\Python\Python312\Lib\asyncio\transports.py first seen with mtime 1738656312.0
File C:\mypython3\django\Lib\site-packages\django\db\backends\ddl_references.py first seen with mtime 1773145196.057587
File C:\mypython3\django\Lib\site-packages\django\db\models\query.py first seen with mtime 1773145196.1357875
File C:\mypython3\django\Lib\site-packages\django\views\static.py first seen with mtime 1773145196.3207896
File C:\Users\user\AppData\Local\Programs\Python\Python312\Lib\pprint.py first seen with mtime 1738656312.0
File C:\Users\user\AppData\Local\Programs\Python\Python312\Lib\decimal.py first seen with mtime 1738656312.0
File C:\mypython3\django\Lib\site-packages\sqlparse\engine\__init__.py first seen with mtime 1773145192.8452957
File C:\mypython3\django\Lib\site-packages\django\utils\dateformat.py first seen with mtime 1773145196.2914486
File C:\Users\user\AppData\Local\Programs\Python\Python312\Lib\asyncio\base_events.py first seen with mtime 1738656312.0
File C:\Users\user\AppData\Local\Programs\Python\Python312\Lib\email\__init__.py first seen with mtime 1738656312.0
File C:\mypython3\django\Lib\site-packages\django\contrib\auth\apps.py first seen with mtime 1773145194.202163
File C:\mypython3\django\Lib\site-packages\django\db\models\fields\json.py first seen with mtime 1773145196.141822
File C:\mypython3\django\Lib\site-packages\django\http\__init__.py first seen with mtime 1773145196.2290022
File C:\Users\user\AppData\Local\Programs\Python\Python312\Lib\asyncio\__init__.py first seen with mtime 1738656312.0
File C:\Users\user\AppData\Local\Programs\Python\Python312\Lib\asyncio\base_futures.py first seen with mtime 1738656312.0
File C:\Users\user\AppData\Local\Programs\Python\Python312\Lib\concurrent\__init__.py first seen with mtime 1738656312.0
File C:\Users\user\AppData\Local\Programs\Python\Python312\Lib\hashlib.py first seen with mtime 1738656312.0
File C:\mypython3\django\Lib\site-packages\django\db\backends\signals.py first seen with mtime 1773145196.057587
File C:\mypython3\django\Lib\site-packages\django\core\servers\__init__.py first seen with mtime 1773145196.053576
File C:\mypython3\django\Lib\site-packages\django\forms\renderers.py first seen with mtime 1773145196.1649306
File C:\mypython3\django\Lib\site-packages\django\db\models\functions\datetime.py first seen with mtime 1773145196.14814
File C:\mypython3\django\Lib\site-packages\django\template\loader_tags.py first seen with mtime 1773145196.2536273
File C:\mypython3\django\Lib\site-packages\django\middleware\csrf.py first seen with mtime 1773145196.236068
File C:\mypython3\django\Lib\site-packages\django\utils\decorators.py first seen with mtime 1773145196.2951896
File C:\mypython3\django\Lib\site-packages\django\core\checks\commands.py first seen with mtime 1773145195.9946108
File C:\Users\user\AppData\Local\Programs\Python\Python312\Lib\getpass.py first seen with mtime 1738656312.0
File C:\Users\user\AppData\Local\Programs\Python\Python312\Lib\http\server.py first seen with mtime 1738656312.0
File C:\Users\user\AppData\Local\Programs\Python\Python312\Lib\hmac.py first seen with mtime 1738656312.0
File C:\mypython3\django\Lib\site-packages\django\core\checks\templates.py first seen with mtime 1773145195.9976888
File C:\mypython3\django\Lib\site-packages\django\utils\datastructures.py first seen with mtime 1773145196.2914486
File C:\mypython3\django\Lib\site-packages\_virtualenv.py first seen with mtime 1773145102.794879
File C:\Users\user\AppData\Local\Programs\Python\Python312\Lib\contextlib.py first seen with mtime 1738656312.0
File C:\Users\user\AppData\Local\Programs\Python\Python312\Lib\datetime.py first seen with mtime 1738656312.0
File C:\Users\user\AppData\Local\Programs\Python\Python312\Lib\weakref.py first seen with mtime 1738656314.0
File C:\mypython3\django\Lib\site-packages\django\templatetags\__init__.py first seen with mtime 1773145196.2641056
File C:\mypython3\django\Lib\site-packages\django\templatetags\cache.py first seen with mtime 1773145196.2654092
File C:\mypython3\django\Lib\site-packages\django\db\models\fields\related.py first seen with mtime 1773145196.143908
File C:\mypython3\django\Lib\site-packages\django\apps\__init__.py first seen with mtime 1773145193.0633047
File C:\Users\user\AppData\Local\Programs\Python\Python312\Lib\email\iterators.py first seen with mtime 1738656312.0
File C:\Users\user\AppData\Local\Programs\Python\Python312\Lib\traceback.py first seen with mtime 1738656314.0
File C:\mypython3\django\Lib\site-packages\django\core\handlers\wsgi.py first seen with mtime 1773145196.0171359
File C:\mypython3\django\Lib\site-packages\django\contrib\auth\admin.py first seen with mtime 1773145194.2009065
File C:\mypython3\django\Lib\site-packages\django\db\migrations\exceptions.py first seen with mtime 1773145196.1150866
File C:\Users\user\AppData\Local\Programs\Python\Python312\Lib\email\_policybase.py first seen with mtime 1738656312.0
File C:\Users\user\AppData\Local\Programs\Python\Python312\Lib\email\header.py first seen with mtime 1738656312.0
File C:\Users\user\AppData\Local\Programs\Python\Python312\Lib\logging\__init__.py first seen with mtime 1738656312.0
File C:\mypython3\django\Lib\site-packages\django\template\loaders\cached.py first seen with mtime 1773145196.2619398
File C:\mypython3\django\Lib\site-packages\django\core\checks\model_checks.py first seen with mtime 1773145195.996686
File C:\mypython3\django\Scripts\hello_django\myhello\apps.py first seen with mtime 1773209089.9947636
File C:\Users\user\AppData\Local\Programs\Python\Python312\Lib\keyword.py first seen with mtime 1738656312.0
File C:\Users\user\AppData\Local\Programs\Python\Python312\Lib\urllib\parse.py first seen with mtime 1738656314.0
File C:\Users\user\AppData\Local\Programs\Python\Python312\Lib\dis.py first seen with mtime 1738656312.0
File C:\mypython3\django\Lib\site-packages\django\views\generic\dates.py first seen with mtime 1773145196.3303373
File C:\mypython3\django\Lib\site-packages\django\template\exceptions.py first seen with mtime 1773145196.2509928
File C:\mypython3\django\Lib\site-packages\django\core\files\storage\__init__.py first seen with mtime 1773145196.0107872
File C:\mypython3\django\Lib\site-packages\django\db\migrations\state.py first seen with mtime 1773145196.121103
File C:\Users\user\AppData\Local\Programs\Python\Python312\Lib\sqlite3\__init__.py first seen with mtime 1738656312.0
File C:\mypython3\django\Lib\site-packages\django\db\models\fields\mixins.py first seen with mtime 1773145196.141822
File C:\Users\user\AppData\Local\Programs\Python\Python312\Lib\json\__init__.py first seen with mtime 1738656312.0
File C:\mypython3\django\Scripts\hello_django\manage.py first seen with mtime 1773146754.8730004
File C:\Users\user\AppData\Local\Programs\Python\Python312\Lib\collections\abc.py first seen with mtime 1738656312.0
File C:\mypython3\django\Lib\site-packages\django\contrib\admin\__init__.py first seen with mtime 1773145193.4930222
File C:\mypython3\django\Lib\site-packages\django\db\backends\sqlite3\creation.py first seen with mtime 1773145196.1094236
File C:\Users\user\AppData\Local\Programs\Python\Python312\Lib\encodings\aliases.py first seen with mtime 1738656312.0
File C:\mypython3\django\Lib\site-packages\django\core\checks\async_checks.py first seen with mtime 1773145195.993607
File C:\mypython3\django\Lib\site-packages\django\contrib\admin\views\__init__.py first seen with mtime 1773145193.999184
File C:\mypython3\django\Lib\site-packages\sqlparse\utils.py first seen with mtime 1773145192.8442674
File C:\mypython3\django\Lib\site-packages\django\contrib\staticfiles\management\commands\__init__.py first seen with mtime 1773145195.9739394
File C:\mypython3\django\Lib\site-packages\django\db\backends\base\creation.py first seen with mtime 1773145196.0605943
File C:\Users\user\AppData\Local\Programs\Python\Python312\Lib\asyncio\timeouts.py first seen with mtime 1738656312.0
File C:\Users\user\AppData\Local\Programs\Python\Python312\Lib\email\contentmanager.py first seen with mtime 1738656312.0
File C:\Users\user\AppData\Local\Programs\Python\Python312\Lib\socket.py first seen with mtime 1738656312.0
File C:\Users\user\AppData\Local\Programs\Python\Python312\Lib\asyncio\log.py first seen with mtime 1738656312.0
File C:\mypython3\django\Lib\site-packages\django\dispatch\__init__.py first seen with mtime 1773145196.1578827
File C:\mypython3\django\Lib\site-packages\django\contrib\messages\__init__.py first seen with mtime 1773145195.2094755
File C:\Users\user\AppData\Local\Programs\Python\Python312\Lib\copyreg.py first seen with mtime 1738656312.0
File C:\Users\user\AppData\Local\Programs\Python\Python312\Lib\graphlib.py first seen with mtime 1738656312.0
File C:\Users\user\AppData\Local\Programs\Python\Python312\Lib\email\base64mime.py first seen with mtime 1738656312.0
File C:\mypython3\django\Lib\site-packages\django\core\mail\__init__.py first seen with mtime 1773145196.0181444
File C:\mypython3\django\Lib\site-packages\django\db\models\functions\math.py first seen with mtime 1773145196.1494844
File C:\mypython3\django\Lib\site-packages\django\views\debug.py first seen with mtime 1773145196.3185208
File C:\Users\user\AppData\Local\Programs\Python\Python312\Lib\argparse.py first seen with mtime 1738656312.0
File C:\Users\user\AppData\Local\Programs\Python\Python312\Lib\signal.py first seen with mtime 1738656312.0
File C:\Users\user\AppData\Local\Programs\Python\Python312\DLLs\_uuid.pyd first seen with mtime 1738656366.0
File C:\Users\user\AppData\Local\Programs\Python\Python312\Lib\asyncio\selector_events.py first seen with mtime 1738656312.0
File C:\mypython3\django\Lib\site-packages\django\conf\locale\__init__.py first seen with mtime 1773145193.0745852
File C:\Users\user\AppData\Local\Programs\Python\Python312\Lib\email\mime\multipart.py first seen with mtime 1738656312.0
File C:\Users\user\AppData\Local\Programs\Python\Python312\Lib\ssl.py first seen with mtime 1738656312.0
File C:\mypython3\django\Lib\site-packages\django\middleware\security.py first seen with mtime 1773145196.2384107
File C:\mypython3\django\Scripts\hello_django\myhello\__init__.py first seen with mtime 1773209089.9994023
File C:\mypython3\django\Lib\site-packages\sqlparse\engine\filter_stack.py first seen with mtime 1773145192.8452957
File C:\mypython3\django\Lib\site-packages\django\core\__init__.py first seen with mtime 1773145195.978595
File C:\Users\user\AppData\Local\Programs\Python\Python312\Lib\asyncio\streams.py first seen with mtime 1738656312.0
File C:\Users\user\AppData\Local\Programs\Python\Python312\Lib\encodings\cp950.py first seen with mtime 1738656312.0
File C:\Users\user\AppData\Local\Programs\Python\Python312\Lib\email\feedparser.py first seen with mtime 1738656312.0
File C:\mypython3\django\Lib\site-packages\django\template\loaders\filesystem.py first seen with mtime 1773145196.2629397
File C:\mypython3\django\Lib\site-packages\django\core\handlers\base.py first seen with mtime 1773145196.0159414
File C:\Users\user\AppData\Local\Programs\Python\Python312\Lib\concurrent\futures\_base.py first seen with mtime 1738656312.0
File C:\Users\user\AppData\Local\Programs\Python\Python312\Lib\email\mime\base.py first seen with mtime 1738656312.0
File C:\Users\user\AppData\Local\Programs\Python\Python312\Lib\typing.py first seen with mtime 1738656314.0
File C:\mypython3\django\Lib\site-packages\django\db\backends\base\operations.py first seen with mtime 1773145196.0636237
File C:\mypython3\django\Lib\site-packages\django\urls\utils.py first seen with mtime 1773145196.2802548
File C:\mypython3\django\Lib\site-packages\django\forms\formsets.py first seen with mtime 1773145196.1629066
File C:\mypython3\django\Lib\site-packages\django\utils\regex_helper.py first seen with mtime 1773145196.306123
File C:\mypython3\django\Lib\site-packages\django\db\models\functions\window.py first seen with mtime 1773145196.15149
File C:\Users\user\AppData\Local\Programs\Python\Python312\Lib\random.py first seen with mtime 1738656312.0
File C:\mypython3\django\Lib\site-packages\django\core\servers\basehttp.py first seen with mtime 1773145196.053576
File C:\mypython3\django\Lib\site-packages\django\template\utils.py first seen with mtime 1773145196.2546358
File C:\Users\user\AppData\Local\Programs\Python\Python312\Lib\re\_compiler.py first seen with mtime 1738656312.0
File C:\mypython3\django\Lib\site-packages\django\utils\text.py first seen with mtime 1773145196.308205
File C:\mypython3\django\Scripts\hello_django\hello_django\__init__.py first seen with mtime 1773146754.8790936
File C:\Users\user\AppData\Local\Programs\Python\Python312\Lib\pathlib.py first seen with mtime 1738656312.0
File C:\mypython3\django\Lib\site-packages\django\core\checks\database.py first seen with mtime 1773145195.9956176
File C:\mypython3\django\Lib\site-packages\django\http\request.py first seen with mtime 1773145196.231031
File C:\mypython3\django\Lib\site-packages\sqlparse\tokens.py first seen with mtime 1773145192.8428211
File C:\Users\user\AppData\Local\Programs\Python\Python312\DLLs\select.pyd first seen with mtime 1738656366.0
File C:\mypython3\django\Lib\site-packages\django\db\models\base.py first seen with mtime 1773145196.128121
File C:\Users\user\AppData\Local\Programs\Python\Python312\Lib\multiprocessing\__init__.py first seen with mtime 1738656312.0
File C:\Users\user\AppData\Local\Programs\Python\Python312\Lib\asyncio\trsock.py first seen with mtime 1738656312.0
File C:\mypython3\django\Lib\site-packages\django\db\models\fields\files.py first seen with mtime 1773145196.1398132
File C:\mypython3\django\Lib\site-packages\django\db\migrations\operations\fields.py first seen with mtime 1773145196.125113
File C:\Users\user\AppData\Local\Programs\Python\Python312\Lib\bz2.py first seen with mtime 1738656312.0
File C:\Users\user\AppData\Local\Programs\Python\Python312\Lib\asyncio\coroutines.py first seen with mtime 1738656312.0
File C:\Users\user\AppData\Local\Programs\Python\Python312\Lib\ipaddress.py first seen with mtime 1738656312.0
File C:\mypython3\django\Lib\site-packages\sqlparse\keywords.py first seen with mtime 1773145192.8408105
File C:\mypython3\django\Lib\site-packages\django\db\backends\utils.py first seen with mtime 1773145196.058589
File C:\mypython3\django\Lib\site-packages\django\contrib\staticfiles\management\__init__.py first seen with mtime 1773145195.972909
File C:\mypython3\django\Lib\site-packages\django\core\checks\messages.py first seen with mtime 1773145195.996686
File C:\mypython3\django\Lib\site-packages\django\template\context.py first seen with mtime 1773145196.247962
File C:\mypython3\django\Lib\site-packages\sqlparse\filters\others.py first seen with mtime 1773145192.8499115
File C:\Users\user\AppData\Local\Programs\Python\Python312\Lib\token.py first seen with mtime 1738656314.0
File C:\mypython3\django\Lib\site-packages\django\core\cache\backends\base.py first seen with mtime 1773145195.9867523
File C:\Users\user\AppData\Local\Programs\Python\Python312\Lib\asyncio\windows_utils.py first seen with mtime 1738656312.0
File C:\mypython3\django\Lib\site-packages\django\forms\fields.py first seen with mtime 1773145196.1619065
File C:\mypython3\django\Lib\site-packages\django\contrib\admin\filters.py first seen with mtime 1773145193.498147
File C:\mypython3\django\Lib\site-packages\django\utils\safestring.py first seen with mtime 1773145196.3072007
File C:\mypython3\django\Lib\site-packages\django\contrib\admin\templatetags\log.py first seen with mtime 1773145193.999184
File C:\mypython3\django\Lib\site-packages\django\db\transaction.py first seen with mtime 1773145196.0555813
File C:\mypython3\django\Lib\site-packages\django\core\checks\security\__init__.py first seen with mtime 1773145196.0020945
File C:\mypython3\django\Lib\site-packages\django\views\decorators\__init__.py first seen with mtime 1773145196.3217947
File C:\mypython3\django\Lib\site-packages\django\template\loader.py first seen with mtime 1773145196.252318
File C:\Users\user\AppData\Local\Programs\Python\Python312\Lib\wsgiref\handlers.py first seen with mtime 1738656314.0
File C:\mypython3\django\Lib\site-packages\django\views\decorators\csp.py first seen with mtime 1773145196.3242855
File C:\Users\user\AppData\Local\Programs\Python\Python312\Lib\asyncio\windows_events.py first seen with mtime 1738656312.0
File C:\mypython3\django\Lib\site-packages\django\utils\tree.py first seen with mtime 1773145196.3107
File C:\Users\user\AppData\Local\Programs\Python\Python312\Lib\email\charset.py first seen with mtime 1738656312.0
File C:\mypython3\django\Lib\site-packages\sqlparse\engine\grouping.py first seen with mtime 1773145192.8464475
File C:\Users\user\AppData\Local\Programs\Python\Python312\Lib\urllib\error.py first seen with mtime 1738656314.0
File C:\Users\user\AppData\Local\Programs\Python\Python312\Lib\base64.py first seen with mtime 1738656312.0
File C:\mypython3\django\Lib\site-packages\django\db\backends\base\client.py first seen with mtime 1773145196.0605943
File C:\Users\user\AppData\Local\Programs\Python\Python312\Lib\calendar.py first seen with mtime 1738656312.0
File C:\mypython3\django\Lib\site-packages\django\utils\functional.py first seen with mtime 1773145196.2984064
File C:\mypython3\django\Lib\site-packages\django\contrib\staticfiles\utils.py first seen with mtime 1773145195.9714255
File C:\Users\user\AppData\Local\Programs\Python\Python312\Lib\warnings.py first seen with mtime 1738656314.0
File C:\Users\user\AppData\Local\Programs\Python\Python312\Lib\tempfile.py first seen with mtime 1738656312.0
File C:\Users\user\AppData\Local\Programs\Python\Python312\Lib\uuid.py first seen with mtime 1738656314.0
File C:\mypython3\django\Lib\site-packages\django\contrib\messages\storage\__init__.py first seen with mtime 1773145195.2149706
File C:\mypython3\django\Lib\site-packages\django\db\backends\sqlite3\features.py first seen with mtime 1773145196.1094236
File C:\Users\user\AppData\Local\Programs\Python\Python312\Lib\locale.py first seen with mtime 1738656312.0
File C:\Users\user\AppData\Local\Programs\Python\Python312\DLLs\_socket.pyd first seen with mtime 1738656366.0
File C:\mypython3\django\Lib\site-packages\django\contrib\staticfiles\handlers.py first seen with mtime 1773145195.9689355
File C:\Users\user\AppData\Local\Programs\Python\Python312\Lib\ctypes\_endian.py first seen with mtime 1738656312.0
File C:\mypython3\django\Lib\site-packages\django\core\management\commands\__init__.py first seen with mtime 1773145196.0303128
File C:\mypython3\django\Lib\site-packages\django\contrib\auth\validators.py first seen with mtime 1773145194.211765
File C:\mypython3\django\Lib\site-packages\django\utils\encoding.py first seen with mtime 1773145196.2962735
File C:\mypython3\django\Lib\site-packages\django\contrib\messages\utils.py first seen with mtime 1773145195.2139518
File C:\mypython3\django\Lib\site-packages\django\urls\resolvers.py first seen with mtime 1773145196.2802548
File C:\mypython3\django\Lib\site-packages\django\core\checks\urls.py first seen with mtime 1773145196.0000894
File C:\mypython3\django\Lib\site-packages\django\db\models\lookups.py first seen with mtime 1773145196.133716
File C:\mypython3\django\Lib\site-packages\django\dispatch\dispatcher.py first seen with mtime 1773145196.1588857
File C:\mypython3\django\Lib\site-packages\django\templatetags\l10n.py first seen with mtime 1773145196.2664125
File C:\mypython3\django\Lib\site-packages\sqlparse\formatter.py first seen with mtime 1773145192.8398044
File C:\mypython3\django\Lib\site-packages\django\db\backends\base\validation.py first seen with mtime 1773145196.0737398
File C:\mypython3\django\Lib\site-packages\django\urls\__init__.py first seen with mtime 1773145196.2758312
File C:\mypython3\django\Lib\site-packages\sqlparse\filters\tokens.py first seen with mtime 1773145192.8523216
File C:\mypython3\django\Lib\site-packages\django\contrib\auth\forms.py first seen with mtime 1773145194.2068572
File C:\mypython3\django\Lib\site-packages\django\middleware\__init__.py first seen with mtime 1773145196.2320373
File C:\mypython3\django\Lib\site-packages\django\core\mail\message.py first seen with mtime 1773145196.0191846
File C:\Users\user\AppData\Local\Programs\Python\Python312\Lib\json\scanner.py first seen with mtime 1738656312.0
File C:\Users\user\AppData\Local\Programs\Python\Python312\Lib\ctypes\__init__.py first seen with mtime 1738656312.0
File C:\Users\user\AppData\Local\Programs\Python\Python312\Lib\email\parser.py first seen with mtime 1738656312.0
File C:\mypython3\django\Lib\site-packages\django\contrib\admin\templatetags\admin_urls.py first seen with mtime 1773145193.9976585
File C:\mypython3\django\Lib\site-packages\django\contrib\admin\decorators.py first seen with mtime 1773145193.4971223
File C:\mypython3\django\Lib\site-packages\sqlparse\filters\__init__.py first seen with mtime 1773145192.848455
File C:\Users\user\AppData\Local\Programs\Python\Python312\Lib\html\parser.py first seen with mtime 1738656312.0
File C:\mypython3\django\Lib\site-packages\django\utils\termcolors.py first seen with mtime 1773145196.308205
File C:\Users\user\AppData\Local\Programs\Python\Python312\DLLs\_lzma.pyd first seen with mtime 1738656366.0
File C:\Users\user\AppData\Local\Programs\Python\Python312\Lib\linecache.py first seen with mtime 1738656312.0
File C:\mypython3\django\Lib\site-packages\django\contrib\contenttypes\forms.py first seen with mtime 1773145194.414056
File C:\Users\user\AppData\Local\Programs\Python\Python312\Lib\re\__init__.py first seen with mtime 1738656312.0
File C:\Users\user\AppData\Local\Programs\Python\Python312\Lib\asyncio\runners.py first seen with mtime 1738656312.0
File C:\Users\user\AppData\Local\Programs\Python\Python312\Lib\asyncio\constants.py first seen with mtime 1738656312.0
File C:\mypython3\django\Lib\site-packages\django\db\models\fields\proxy.py first seen with mtime 1773145196.1428242
File C:\mypython3\django\Lib\site-packages\django\core\checks\files.py first seen with mtime 1773145195.9956176
File C:\mypython3\django\Lib\site-packages\django\db\models\functions\__init__.py first seen with mtime 1773145196.1471357
File C:\mypython3\django\Lib\site-packages\django\db\models\fields\reverse_related.py first seen with mtime 1773145196.1460817
File C:\mypython3\django\Lib\site-packages\sqlparse\filters\aligned_indent.py first seen with mtime 1773145192.848455
File C:\mypython3\django\Lib\site-packages\django\contrib\staticfiles\apps.py first seen with mtime 1773145195.966913
File C:\Users\user\AppData\Local\Programs\Python\Python312\Lib\opcode.py first seen with mtime 1738656312.0
File C:\Users\user\AppData\Local\Programs\Python\Python312\Lib\http\client.py first seen with mtime 1738656312.0
File C:\mypython3\django\Lib\site-packages\django\db\migrations\utils.py first seen with mtime 1773145196.1221051
File C:\Users\user\AppData\Local\Programs\Python\Python312\Lib\heapq.py first seen with mtime 1738656312.0
File C:\mypython3\django\Lib\site-packages\django\db\models\sql\__init__.py first seen with mtime 1773145196.152493
File C:\mypython3\django\Lib\site-packages\django\db\models\sql\subqueries.py first seen with mtime 1773145196.15688
File C:\mypython3\django\Lib\site-packages\django\contrib\admin\templatetags\admin_modify.py first seen with mtime 1773145193.9964445
File C:\mypython3\django\Lib\site-packages\django\db\models\signals.py first seen with mtime 1773145196.1367948
File C:\mypython3\django\Lib\site-packages\django\contrib\admin\options.py first seen with mtime 1773145193.5018322
File C:\Users\user\AppData\Local\Programs\Python\Python312\Lib\string.py first seen with mtime 1738656312.0
File C:\Users\user\AppData\Local\Programs\Python\Python312\Lib\asyncio\taskgroups.py first seen with mtime 1738656312.0
File C:\Users\user\AppData\Local\Programs\Python\Python312\DLLs\_ctypes.pyd first seen with mtime 1738656366.0
File C:\mypython3\django\Lib\site-packages\django\db\models\fields\related_lookups.py first seen with mtime 1773145196.1449113
File C:\mypython3\django\Lib\site-packages\sqlparse\filters\right_margin.py first seen with mtime 1773145192.8509643
File C:\Users\user\AppData\Local\Programs\Python\Python312\Lib\ctypes\wintypes.py first seen with mtime 1738656312.0
File C:\mypython3\django\Lib\site-packages\django\forms\utils.py first seen with mtime 1773145196.165933
File C:\mypython3\django\Lib\site-packages\django\contrib\auth\__init__.py first seen with mtime 1773145194.2009065
File C:\mypython3\django\Lib\site-packages\django\contrib\admin\helpers.py first seen with mtime 1773145193.4997232
File C:\mypython3\django\Lib\site-packages\django\core\wsgi.py first seen with mtime 1773145195.9837432
File C:\mypython3\django\Lib\site-packages\django\contrib\sessions\base_session.py first seen with mtime 1773145195.561499
File C:\mypython3\django\Lib\site-packages\django\utils\__init__.py first seen with mtime 1773145196.281257
File C:\mypython3\django\Lib\site-packages\django\contrib\sessions\backends\__init__.py first seen with mtime 1773145195.5645118
File C:\mypython3\django\Lib\site-packages\django\contrib\admin\templatetags\admin_list.py first seen with mtime 1773145193.9954436
File C:\mypython3\django\Lib\site-packages\django\db\migrations\operations\base.py first seen with mtime 1773145196.1241107
File C:\mypython3\django\Lib\site-packages\django\core\paginator.py first seen with mtime 1773145195.9806347
File C:\mypython3\django\Lib\site-packages\django\forms\models.py first seen with mtime 1773145196.1639163
File C:\Users\user\AppData\Local\Programs\Python\Python312\Lib\email\headerregistry.py first seen with mtime 1738656312.0
File C:\mypython3\django\Lib\site-packages\django\views\generic\list.py first seen with mtime 1773145196.3316674
File C:\mypython3\django\Lib\site-packages\django\contrib\admin\widgets.py first seen with mtime 1773145193.5056791
File C:\Users\user\AppData\Local\Programs\Python\Python312\Lib\sqlite3\dbapi2.py first seen with mtime 1738656312.0
File C:\mypython3\django\Lib\site-packages\django\contrib\sessions\models.py first seen with mtime 1773145195.5635092
File C:\mypython3\django\Lib\site-packages\django\core\validators.py first seen with mtime 1773145195.9827394
File C:\mypython3\django\Lib\site-packages\django\db\backends\sqlite3\_functions.py first seen with mtime 1773145196.1074038
File C:\mypython3\django\Lib\site-packages\django\views\generic\edit.py first seen with mtime 1773145196.3316674
File C:\Users\user\AppData\Local\Programs\Python\Python312\Lib\encodings\__init__.py first seen with mtime 1738656312.0
File C:\mypython3\django\Lib\site-packages\django\utils\translation\__init__.py first seen with mtime 1773145196.3137293
File C:\mypython3\django\Lib\site-packages\django\db\models\enums.py first seen with mtime 1773145196.1317077
File C:\mypython3\django\Lib\site-packages\django\core\files\__init__.py first seen with mtime 1773145196.0051029
File C:\mypython3\django\Lib\site-packages\django\core\checks\translation.py first seen with mtime 1773145195.999038
File C:\mypython3\django\Lib\site-packages\django\templatetags\i18n.py first seen with mtime 1773145196.2654092
File C:\Users\user\AppData\Local\Programs\Python\Python312\Lib\http\__init__.py first seen with mtime 1738656312.0
File C:\mypython3\django\Lib\site-packages\django\db\models\fields\__init__.py first seen with mtime 1773145196.1388083
File C:\mypython3\django\Lib\site-packages\asgiref\local.py first seen with mtime 1773145192.9444926
File C:\Users\user\AppData\Local\Programs\Python\Python312\Lib\fractions.py first seen with mtime 1738656312.0
File C:\mypython3\django\Lib\site-packages\django\core\files\storage\handler.py first seen with mtime 1773145196.0128129
File C:\Users\user\AppData\Local\Programs\Python\Python312\Lib\asyncio\tasks.py first seen with mtime 1738656312.0
File C:\mypython3\django\Lib\site-packages\django\db\models\fields\composite.py first seen with mtime 1773145196.1388083
File C:\mypython3\django\Lib\site-packages\django\contrib\auth\signals.py first seen with mtime 1773145194.2097628
File C:\mypython3\django\Lib\site-packages\django\contrib\admin\models.py first seen with mtime 1773145193.5007255
File C:\mypython3\django\Lib\site-packages\django\contrib\auth\templatetags\__init__.py first seen with mtime 1773145194.4091442
File C:\mypython3\django\Lib\site-packages\django\core\files\locks.py first seen with mtime 1773145196.006105
File C:\Users\user\AppData\Local\Programs\Python\Python312\Lib\fnmatch.py first seen with mtime 1738656312.0
File C:\Users\user\AppData\Local\Programs\Python\Python312\Lib\concurrent\futures\__init__.py first seen with mtime 1738656312.0
File C:\mypython3\django\Lib\site-packages\django\contrib\messages\apps.py first seen with mtime 1773145195.2114909
File C:\Users\user\AppData\Local\Programs\Python\Python312\Lib\enum.py first seen with mtime 1738656312.0
File C:\mypython3\django\Lib\site-packages\django\db\models\functions\json.py first seen with mtime 1773145196.14814
File C:\Users\user\AppData\Local\Programs\Python\Python312\Lib\copy.py first seen with mtime 1738656312.0
File C:\mypython3\django\Lib\site-packages\django\db\models\constraints.py first seen with mtime 1773145196.130504
File C:\Users\user\AppData\Local\Programs\Python\Python312\Lib\tokenize.py first seen with mtime 1738656314.0
File C:\Users\user\AppData\Local\Programs\Python\Python312\Lib\email\_header_value_parser.py first seen with mtime 1738656312.0
File C:\Users\user\AppData\Local\Programs\Python\Python312\Lib\wsgiref\__init__.py first seen with mtime 1738656314.0
File C:\Users\user\AppData\Local\Programs\Python\Python312\Lib\_compat_pickle.py first seen with mtime 1738656312.0
File C:\mypython3\django\Lib\site-packages\django\db\backends\sqlite3\operations.py first seen with mtime 1773145196.110429
File C:\Users\user\AppData\Local\Programs\Python\Python312\Lib\gettext.py first seen with mtime 1738656312.0
File C:\mypython3\django\Lib\site-packages\django\http\multipartparser.py first seen with mtime 1773145196.2300172
File C:\mypython3\django\Lib\site-packages\django\db\models\fields\related_descriptors.py first seen with mtime 1773145196.1449113
File C:\mypython3\django\Lib\site-packages\django\db\backends\sqlite3\introspection.py first seen with mtime 1773145196.110429
File C:\mypython3\django\Lib\site-packages\django\core\management\color.py first seen with mtime 1773145196.0270288
File C:\mypython3\django\Lib\site-packages\django\views\decorators\common.py first seen with mtime 1773145196.3230605
File C:\Users\user\AppData\Local\Programs\Python\Python312\Lib\_markupbase.py first seen with mtime 1738656312.0
File C:\mypython3\django\Lib\site-packages\django\db\models\sql\datastructures.py first seen with mtime 1773145196.1544979
File C:\mypython3\django\Lib\site-packages\django\urls\converters.py first seen with mtime 1773145196.2778685
File C:\mypython3\django\Lib\site-packages\django\db\models\query_utils.py first seen with mtime 1773145196.1357875
File C:\Users\user\AppData\Local\Programs\Python\Python312\Lib\pickle.py first seen with mtime 1738656312.0
File C:\mypython3\django\Lib\site-packages\django\db\backends\base\features.py first seen with mtime 1773145196.0615973
File C:\mypython3\django\Lib\site-packages\django\db\migrations\operations\models.py first seen with mtime 1773145196.125113
File C:\Users\user\AppData\Local\Programs\Python\Python312\Lib\json\encoder.py first seen with mtime 1738656312.0
File C:\mypython3\django\Lib\site-packages\django\core\handlers\asgi.py first seen with mtime 1773145196.0159414
File C:\mypython3\django\Lib\site-packages\django\db\models\expressions.py first seen with mtime 1773145196.1317077
File C:\mypython3\django\Lib\site-packages\django\contrib\staticfiles\__init__.py first seen with mtime 1773145195.966913
File C:\mypython3\django\Lib\site-packages\django\db\models\deletion.py first seen with mtime 1773145196.130504
File C:\mypython3\django\Lib\site-packages\django\core\files\uploadedfile.py first seen with mtime 1773145196.0081103
File C:\mypython3\django\Lib\site-packages\django\contrib\admin\checks.py first seen with mtime 1773145193.4961762
File C:\Users\user\AppData\Local\Programs\Python\Python312\Lib\re\_parser.py first seen with mtime 1738656312.0
File C:\mypython3\django\Lib\site-packages\django\db\models\sql\constants.py first seen with mtime 1773145196.1544979
File C:\Users\user\AppData\Local\Programs\Python\Python312\Lib\zoneinfo\_common.py first seen with mtime 1738656314.0
File C:\mypython3\django\Lib\site-packages\django\contrib\__init__.py first seen with mtime 1773145193.4910147
File C:\mypython3\django\Lib\site-packages\django\core\mail\utils.py first seen with mtime 1773145196.0191846
File C:\mypython3\django\Lib\site-packages\sqlparse\exceptions.py first seen with mtime 1773145192.8387983
File C:\mypython3\django\Lib\site-packages\django\http\cookie.py first seen with mtime 1773145196.2290022
File C:\Users\user\AppData\Local\Programs\Python\Python312\Lib\difflib.py first seen with mtime 1738656312.0
File C:\mypython3\django\Lib\site-packages\django\contrib\auth\hashers.py first seen with mtime 1773145194.207342
File C:\mypython3\django\Lib\site-packages\django\contrib\contenttypes\__init__.py first seen with mtime 1773145194.411154
File C:\mypython3\django\Lib\site-packages\django\db\models\functions\mixins.py first seen with mtime 1773145196.1504881
File C:\Users\user\AppData\Local\Programs\Python\Python312\Lib\http\cookies.py first seen with mtime 1738656312.0
File C:\mypython3\django\Lib\site-packages\django\contrib\messages\api.py first seen with mtime 1773145195.2104838
File C:\mypython3\django\Lib\site-packages\django\urls\exceptions.py first seen with mtime 1773145196.2792509
File C:\mypython3\django\Lib\site-packages\sqlparse\sql.py first seen with mtime 1773145192.8428211
File C:\Users\user\AppData\Local\Programs\Python\Python312\Lib\threading.py first seen with mtime 1738656314.0
File C:\Users\user\AppData\Local\Programs\Python\Python312\Lib\json\decoder.py first seen with mtime 1738656312.0
File C:\mypython3\django\Lib\site-packages\django\apps\config.py first seen with mtime 1773145193.0643098
File C:\mypython3\django\Lib\site-packages\django\views\generic\__init__.py first seen with mtime 1773145196.3288577
File C:\mypython3\django\Lib\site-packages\django\template\loaders\__init__.py first seen with mtime 1773145196.2604578
File C:\mypython3\django\Lib\site-packages\django\contrib\auth\password_validation.py first seen with mtime 1773145194.2097628
File C:\Users\user\AppData\Local\Programs\Python\Python312\DLLs\_decimal.pyd first seen with mtime 1738656366.0
File C:\Users\user\AppData\Local\Programs\Python\Python312\DLLs\_overlapped.pyd first seen with mtime 1738656366.0
File C:\Users\user\AppData\Local\Programs\Python\Python312\Lib\concurrent\futures\thread.py first seen with mtime 1738656312.0
File C:\Users\user\AppData\Local\Programs\Python\Python312\Lib\asyncio\subprocess.py first seen with mtime 1738656312.0
File C:\Users\user\AppData\Local\Programs\Python\Python312\Lib\reprlib.py first seen with mtime 1738656312.0
File C:\mypython3\django\Lib\site-packages\django\core\files\uploadhandler.py first seen with mtime 1773145196.00958
File C:\mypython3\django\Lib\site-packages\django\template\backends\base.py first seen with mtime 1773145196.256998
File C:\mypython3\django\Lib\site-packages\django\contrib\sites\requests.py first seen with mtime 1773145195.7729342
File C:\Users\user\AppData\Local\Programs\Python\Python312\Lib\multiprocessing\process.py first seen with mtime 1738656312.0
File C:\mypython3\django\Lib\site-packages\django\template\response.py first seen with mtime 1773145196.2546358
File C:\Users\user\AppData\Local\Programs\Python\Python312\Lib\mimetypes.py first seen with mtime 1738656312.0
File C:\Users\user\AppData\Local\Programs\Python\Python312\Lib\numbers.py first seen with mtime 1738656312.0
File C:\mypython3\django\Lib\site-packages\django\contrib\contenttypes\models.py first seen with mtime 1773145194.414056
File C:\mypython3\django\Lib\site-packages\django\template\loaders\app_directories.py first seen with mtime 1773145196.2604578
File C:\mypython3\django\Lib\site-packages\django\contrib\auth\templatetags\auth.py first seen with mtime 1773145194.4101508
File C:\mypython3\django\Lib\site-packages\django\db\backends\base\base.py first seen with mtime 1773145196.0595918
File C:\mypython3\django\Lib\site-packages\django\core\files\storage\memory.py first seen with mtime 1773145196.0128129
File C:\mypython3\django\Lib\site-packages\django\__init__.py first seen with mtime 1773145193.0611882
File C:\mypython3\django\Lib\site-packages\django\contrib\admin\views\autocomplete.py first seen with mtime 1773145194.000275
File C:\Users\user\AppData\Local\Programs\Python\Python312\Lib\re\_casefix.py first seen with mtime 1738656312.0
File C:\mypython3\django\Lib\site-packages\django\db\migrations\migration.py first seen with mtime 1773145196.1180944
File C:\mypython3\django\Lib\site-packages\django\core\files\temp.py first seen with mtime 1773145196.0071077
File C:\mypython3\django\Lib\site-packages\django\template\defaultfilters.py first seen with mtime 1773145196.2489684
File C:\mypython3\django\Lib\site-packages\django\core\checks\security\csrf.py first seen with mtime 1773145196.003097
File C:\Users\user\AppData\Local\Programs\Python\Python312\Lib\wsgiref\util.py first seen with mtime 1738656314.0
File C:\Users\user\AppData\Local\Programs\Python\Python312\DLLs\_ssl.pyd first seen with mtime 1738656366.0
File C:\Users\user\AppData\Local\Programs\Python\Python312\Lib\html\entities.py first seen with mtime 1738656312.0
File C:\Users\user\AppData\Local\Programs\Python\Python312\Lib\multiprocessing\reduction.py first seen with mtime 1738656312.0
File C:\mypython3\django\Lib\site-packages\django\core\management\commands\runserver.py first seen with mtime 1773145196.0401168
File C:\Users\user\AppData\Local\Programs\Python\Python312\Lib\collections\__init__.py first seen with mtime 1738656312.0
File C:\Users\user\AppData\Local\Programs\Python\Python312\Lib\dataclasses.py first seen with mtime 1738656312.0
File C:\Users\user\AppData\Local\Programs\Python\Python312\Lib\_compression.py first seen with mtime 1738656312.0
File C:\mypython3\django\Lib\site-packages\django\conf\__init__.py first seen with mtime 1773145193.0665152
File C:\mypython3\django\Lib\site-packages\django\contrib\admin\views\main.py first seen with mtime 1773145194.0013695
File C:\Users\user\AppData\Local\Programs\Python\Python312\Lib\glob.py first seen with mtime 1738656312.0
File C:\mypython3\django\Lib\site-packages\sqlparse\lexer.py first seen with mtime 1773145192.8408105
File C:\Users\user\AppData\Local\Programs\Python\Python312\DLLs\_sqlite3.pyd first seen with mtime 1738656366.0
File C:\mypython3\django\Lib\site-packages\django\contrib\messages\storage\base.py first seen with mtime 1773145195.216087
File C:\mypython3\django\Lib\site-packages\django\core\cache\__init__.py first seen with mtime 1773145195.9847455
File C:\mypython3\django\Lib\site-packages\django\conf\global_settings.py first seen with mtime 1773145193.0678706
File C:\mypython3\django\Lib\site-packages\django\contrib\admin\utils.py first seen with mtime 1773145193.5046785
File C:\mypython3\django\Lib\site-packages\django\core\handlers\__init__.py first seen with mtime 1773145196.0148456
File C:\mypython3\django\Lib\site-packages\django\core\serializers\base.py first seen with mtime 1773145196.049322
File C:\mypython3\django\Lib\site-packages\django\db\models\indexes.py first seen with mtime 1773145196.132712
File C:\mypython3\django\Lib\site-packages\sqlparse\cli.py first seen with mtime 1773145192.837533
File C:\Users\user\AppData\Local\Programs\Python\Python312\Lib\wsgiref\headers.py first seen with mtime 1738656314.0
File C:\Users\user\AppData\Local\Programs\Python\Python312\Lib\__future__.py first seen with mtime 1738656312.0
File C:\mypython3\django\Lib\site-packages\django\contrib\admin\sites.py first seen with mtime 1773145193.5029588
File C:\mypython3\django\Lib\site-packages\django\utils\connection.py first seen with mtime 1773145196.2887466
File C:\mypython3\django\Lib\site-packages\django\utils\asyncio.py first seen with mtime 1773145196.284721
File C:\mypython3\django\Lib\site-packages\django\utils\inspect.py first seen with mtime 1773145196.3016546
File C:\mypython3\django\Lib\site-packages\django\core\checks\compatibility\django_4_0.py first seen with mtime 1773145196.0010917
File C:\mypython3\django\Lib\site-packages\django\middleware\cache.py first seen with mtime 1773145196.2330432
File C:\Users\user\AppData\Local\Programs\Python\Python312\Lib\zoneinfo\__init__.py first seen with mtime 1738656314.0
File C:\Users\user\AppData\Local\Programs\Python\Python312\Lib\email\policy.py first seen with mtime 1738656312.0
File C:\mypython3\django\Lib\site-packages\django\contrib\staticfiles\finders.py first seen with mtime 1773145195.9689355
File C:\mypython3\django\Lib\site-packages\django\views\generic\base.py first seen with mtime 1773145196.3288577
File C:\mypython3\django\Lib\site-packages\django\contrib\auth\views.py first seen with mtime 1773145194.212838
File C:\mypython3\django\Lib\site-packages\django\db\backends\sqlite3\__init__.py first seen with mtime 1773145196.1062877
File C:\Users\user\AppData\Local\Programs\Python\Python312\Lib\email\mime\__init__.py first seen with mtime 1738656312.0
File C:\Users\user\AppData\Local\Programs\Python\Python312\Lib\asyncio\base_subprocess.py first seen with mtime 1738656312.0
File C:\Users\user\AppData\Local\Programs\Python\Python312\DLLs\_wmi.pyd first seen with mtime 1738656366.0
File C:\mypython3\django\Lib\site-packages\django\core\files\storage\filesystem.py first seen with mtime 1773145196.011807
File C:\Users\user\AppData\Local\Programs\Python\Python312\Lib\operator.py first seen with mtime 1738656312.0
File C:\Users\user\AppData\Local\Programs\Python\Python312\Lib\functools.py first seen with mtime 1738656312.0
File C:\Users\user\AppData\Local\Programs\Python\Python312\Lib\types.py first seen with mtime 1738656314.0
File C:\mypython3\django\Lib\site-packages\django\views\decorators\cache.py first seen with mtime 1773145196.3217947
File C:\mypython3\django\Lib\site-packages\django\contrib\contenttypes\management\__init__.py first seen with mtime 1773145194.610613
File C:\mypython3\django\Lib\site-packages\django\contrib\staticfiles\management\commands\runserver.py first seen with mtime 1773145195.976585
File C:\mypython3\django\Lib\site-packages\django\db\models\fields\tuple_lookups.py first seen with mtime 1773145196.1460817
File C:\mypython3\django\Lib\site-packages\django\utils\duration.py first seen with mtime 1773145196.2962735
File C:\mypython3\django\Lib\site-packages\django\contrib\contenttypes\apps.py first seen with mtime 1773145194.4121568
File C:\Users\user\AppData\Local\Programs\Python\Python312\Lib\secrets.py first seen with mtime 1738656312.0
File C:\mypython3\django\Lib\site-packages\django\forms\widgets.py first seen with mtime 1773145196.1669354
File C:\mypython3\django\Lib\site-packages\django\contrib\auth\models.py first seen with mtime 1773145194.209344
File C:\Users\user\AppData\Local\Programs\Python\Python312\Lib\platform.py first seen with mtime 1738656312.0
File C:\Users\user\AppData\Local\Programs\Python\Python312\Lib\inspect.py first seen with mtime 1738656312.0
File C:\mypython3\django\Lib\site-packages\django\utils\crypto.py first seen with mtime 1773145196.289754
File C:\mypython3\django\Lib\site-packages\django\core\serializers\json.py first seen with mtime 1773145196.0503986
File C:\Users\user\AppData\Local\Programs\Python\Python312\DLLs\unicodedata.pyd first seen with mtime 1738656366.0
File C:\Users\user\AppData\Local\Programs\Python\Python312\Lib\multiprocessing\context.py first seen with mtime 1738656312.0
File C:\mypython3\django\Lib\site-packages\django\shortcuts.py first seen with mtime 1773145193.0633047
File C:\Users\user\AppData\Local\Programs\Python\Python312\Lib\asyncio\sslproto.py first seen with mtime 1738656312.0
File C:\mypython3\django\Lib\site-packages\django\core\management\__init__.py first seen with mtime 1773145196.0260246
File C:\Users\user\AppData\Local\Programs\Python\Python312\Lib\subprocess.py first seen with mtime 1738656312.0
File C:\mypython3\django\Scripts\hello_django\myhello\admin.py first seen with mtime 1773209089.9926696
File C:\Users\user\AppData\Local\Programs\Python\Python312\Lib\asyncio\format_helpers.py first seen with mtime 1738656312.0
File C:\Users\user\AppData\Local\Programs\Python\Python312\Lib\asyncio\queues.py first seen with mtime 1738656312.0
File C:\Users\user\AppData\Local\Programs\Python\Python312\Lib\urllib\__init__.py first seen with mtime 1738656314.0
File C:\mypython3\django\Lib\site-packages\django\db\models\manager.py first seen with mtime 1773145196.133716
File C:\mypython3\django\Lib\site-packages\django\contrib\sessions\middleware.py first seen with mtime 1773145195.562503
File C:\mypython3\django\Lib\site-packages\django\db\migrations\operations\__init__.py first seen with mtime 1773145196.1231077
File C:\mypython3\django\Lib\site-packages\django\db\backends\sqlite3\base.py first seen with mtime 1773145196.1074038
File C:\mypython3\django\Lib\site-packages\django\utils\dateparse.py first seen with mtime 1773145196.2914486
File C:\mypython3\django\Lib\site-packages\django\template\defaulttags.py first seen with mtime 1773145196.2499743
File C:\Users\user\AppData\Local\Programs\Python\Python312\Lib\email\mime\text.py first seen with mtime 1738656312.0
File C:\mypython3\django\Lib\site-packages\django\utils\log.py first seen with mtime 1773145196.3038268
File C:\Users\user\AppData\Local\Programs\Python\Python312\DLLs\_zoneinfo.pyd first seen with mtime 1738656366.0
File C:\Users\user\AppData\Local\Programs\Python\Python312\Lib\asyncio\base_tasks.py first seen with mtime 1738656312.0
File C:\mypython3\django\Lib\site-packages\django\db\models\options.py first seen with mtime 1773145196.1347816
File C:\mypython3\django\Scripts\hello_django\hello_django\settings.py first seen with mtime 1773209223.785567
File C:\Users\user\AppData\Local\Programs\Python\Python312\Lib\queue.py first seen with mtime 1738656312.0
File C:\mypython3\django\Lib\site-packages\django\utils\version.py first seen with mtime 1773145196.3117063
File C:\mypython3\django\Lib\site-packages\django\contrib\sessions\__init__.py first seen with mtime 1773145195.5604944
File C:\mypython3\django\Lib\site-packages\django\forms\__init__.py first seen with mtime 1773145196.1608996
File C:\mypython3\django\Lib\site-packages\django\forms\boundfield.py first seen with mtime 1773145196.1608996
File C:\Users\user\AppData\Local\Programs\Python\Python312\Lib\asyncio\proactor_events.py first seen with mtime 1738656312.0
File C:\mypython3\django\Lib\site-packages\django\template\__init__.py first seen with mtime 1773145196.245047
File C:\mypython3\django\Lib\site-packages\django\db\models\functions\text.py first seen with mtime 1773145196.15149
File C:\Users\user\AppData\Local\Programs\Python\Python312\Lib\asyncio\exceptions.py first seen with mtime 1738656312.0
File C:\mypython3\django\Lib\site-packages\django\utils\numberformat.py first seen with mtime 1773145196.306123
File C:\mypython3\django\Lib\site-packages\django\template\backends\django.py first seen with mtime 1773145196.256998
File C:\mypython3\django\Lib\site-packages\django\views\decorators\debug.py first seen with mtime 1773145196.325538
File C:\mypython3\django\Lib\site-packages\django\core\files\utils.py first seen with mtime 1773145196.00958
File C:\mypython3\django\Lib\site-packages\django\core\serializers\__init__.py first seen with mtime 1773145196.049322
File C:\mypython3\django\Lib\site-packages\django\views\__init__.py first seen with mtime 1773145196.31751
File C:\Users\user\AppData\Local\Programs\Python\Python312\Lib\logging\handlers.py first seen with mtime 1738656312.0
File C:\mypython3\django\Lib\site-packages\django\contrib\staticfiles\checks.py first seen with mtime 1773145195.9679174
File C:\mypython3\django\Lib\site-packages\django\utils\http.py first seen with mtime 1773145196.3016546
File C:\mypython3\django\Lib\site-packages\django\template\library.py first seen with mtime 1773145196.252318
File C:\mypython3\django\Lib\site-packages\django\utils\dates.py first seen with mtime 1773145196.292947
File C:\mypython3\django\Lib\site-packages\django\db\models\fields\generated.py first seen with mtime 1773145196.1398132
File C:\mypython3\django\Lib\site-packages\asgiref\__init__.py first seen with mtime 1773145192.9425004
File C:\mypython3\django\Lib\site-packages\sqlparse\engine\statement_splitter.py first seen with mtime 1773145192.8474536
File C:\mypython3\django\Lib\site-packages\django\core\exceptions.py first seen with mtime 1773145195.9806347
File C:\Users\user\AppData\Local\Programs\Python\Python312\Lib\selectors.py first seen with mtime 1738656312.0
File C:\Users\user\AppData\Local\Programs\Python\Python312\Lib\html\__init__.py first seen with mtime 1738656312.0
File C:\mypython3\django\Lib\site-packages\django\contrib\admin\exceptions.py first seen with mtime 1773145193.498147
File C:\mypython3\django\Lib\site-packages\django\template\autoreload.py first seen with mtime 1773145196.246394
File C:\mypython3\django\Lib\site-packages\django\contrib\contenttypes\checks.py first seen with mtime 1773145194.4121568
File C:\mypython3\django\Lib\site-packages\django\db\backends\base\introspection.py first seen with mtime 1773145196.0626051
File C:\Users\user\AppData\Local\Programs\Python\Python312\Lib\wsgiref\simple_server.py first seen with mtime 1738656314.0
File C:\mypython3\django\Lib\site-packages\django\contrib\staticfiles\views.py first seen with mtime 1773145195.972909
File C:\mypython3\django\Lib\site-packages\django\utils\module_loading.py first seen with mtime 1773145196.3050413
File C:\mypython3\django\Lib\site-packages\django\core\cache\backends\filebased.py first seen with mtime 1773145195.9891803
File C:\mypython3\django\Lib\site-packages\django\utils\ipv6.py first seen with mtime 1773145196.3027143
File C:\mypython3\django\Lib\site-packages\django\urls\base.py first seen with mtime 1773145196.2768354
File C:\mypython3\django\Lib\site-packages\django\views\decorators\csrf.py first seen with mtime 1773145196.325538
File C:\Users\user\AppData\Local\Programs\Python\Python312\Lib\struct.py first seen with mtime 1738656312.0
File C:\mypython3\django\Lib\site-packages\django\core\checks\caches.py first seen with mtime 1773145195.993607
File C:\mypython3\django\Lib\site-packages\django\template\base.py first seen with mtime 1773145196.2468977
File C:\mypython3\django\Lib\site-packages\django\utils\choices.py first seen with mtime 1773145196.2874978
File C:\mypython3\django\Lib\site-packages\django\core\checks\__init__.py first seen with mtime 1773145195.9926045
File C:\Users\user\AppData\Local\Programs\Python\Python312\Lib\bisect.py first seen with mtime 1738656312.0
File C:\Users\user\AppData\Local\Programs\Python\Python312\Lib\email\quoprimime.py first seen with mtime 1738656312.0
File C:\Users\user\AppData\Local\Programs\Python\Python312\Lib\nturl2path.py first seen with mtime 1738656312.0
File C:\mypython3\django\Lib\site-packages\django\core\management\base.py first seen with mtime 1773145196.0260246
File C:\mypython3\django\Lib\site-packages\django\urls\conf.py first seen with mtime 1773145196.2778685
File C:\mypython3\django\Lib\site-packages\django\contrib\auth\middleware.py first seen with mtime 1773145194.207342
File C:\mypython3\django\Lib\site-packages\django\utils\timesince.py first seen with mtime 1773145196.3096595
File C:\Users\user\AppData\Local\Programs\Python\Python312\Lib\email\utils.py first seen with mtime 1738656312.0
File C:\Users\user\AppData\Local\Programs\Python\Python312\Lib\re\_constants.py first seen with mtime 1738656312.0
File C:\Users\user\AppData\Local\Programs\Python\Python312\Lib\urllib\response.py first seen with mtime 1738656314.0
File C:\mypython3\django\Lib\site-packages\django\db\utils.py first seen with mtime 1773145196.0555813
File C:\mypython3\django\Lib\site-packages\django\contrib\auth\tokens.py first seen with mtime 1773145194.2107623
File C:\mypython3\django\Lib\site-packages\sqlparse\__init__.py first seen with mtime 1773145192.8363185
File C:\Users\user\AppData\Local\Programs\Python\Python312\Lib\sysconfig.py first seen with mtime 1738656312.0
File C:\Users\user\AppData\Local\Programs\Python\Python312\Lib\urllib\request.py first seen with mtime 1738656314.0
File C:\mypython3\django\Lib\site-packages\django\apps\registry.py first seen with mtime 1773145193.0654418
File C:\Users\user\AppData\Local\Programs\Python\Python312\Lib\encodings\utf_8.py first seen with mtime 1738656312.0
File C:\mypython3\django\Lib\site-packages\django\contrib\sessions\apps.py first seen with mtime 1773145195.5604944
File C:\Users\user\AppData\Local\Programs\Python\Python312\DLLs\_asyncio.pyd first seen with mtime 1738656366.0
File C:\mypython3\django\Lib\site-packages\django\db\migrations\operations\special.py first seen with mtime 1773145196.1261158
File C:\Users\user\AppData\Local\Programs\Python\Python312\Lib\pkgutil.py first seen with mtime 1738656312.0
File C:\mypython3\django\Lib\site-packages\django\core\cache\backends\__init__.py first seen with mtime 1773145195.9857483
File C:\Users\user\AppData\Local\Programs\Python\Python312\DLLs\_queue.pyd first seen with mtime 1738656366.0
File C:\mypython3\django\Lib\site-packages\django\contrib\admin\actions.py first seen with mtime 1773145193.4940405
File C:\Users\user\AppData\Local\Programs\Python\Python312\Lib\asyncio\threads.py first seen with mtime 1738656312.0
File C:\mypython3\django\Lib\site-packages\django\contrib\auth\checks.py first seen with mtime 1773145194.2036693
File C:\mypython3\django\Lib\site-packages\django\contrib\contenttypes\views.py first seen with mtime 1773145194.415163
File C:\mypython3\django\Lib\site-packages\django\template\engine.py first seen with mtime 1773145196.2499743
File C:\mypython3\django\Lib\site-packages\django\views\generic\detail.py first seen with mtime 1773145196.3303373
File C:\mypython3\django\Lib\site-packages\django\contrib\admin\templatetags\__init__.py first seen with mtime 1773145193.9942608
File C:\mypython3\django\Lib\site-packages\django\utils\formats.py first seen with mtime 1773145196.297287
File C:\mypython3\django\Lib\site-packages\django\utils\deconstruct.py first seen with mtime 1773145196.2939546
File C:\mypython3\django\Lib\site-packages\django\db\models\__init__.py first seen with mtime 1773145196.127118
File C:\Users\user\AppData\Local\Programs\Python\Python312\Lib\email\mime\nonmultipart.py first seen with mtime 1738656312.0
File C:\mypython3\django\Lib\site-packages\asgiref\sync.py first seen with mtime 1773145192.946536
File C:\mypython3\django\Lib\site-packages\django\contrib\sites\__init__.py first seen with mtime 1773145195.7663884
File C:\Users\user\AppData\Local\Programs\Python\Python312\DLLs\_hashlib.pyd first seen with mtime 1738656366.0
File C:\mypython3\django\Lib\site-packages\django\core\files\images.py first seen with mtime 1773145196.006105
File C:\mypython3\django\Lib\site-packages\django\utils\cache.py first seen with mtime 1773145196.2874978
File C:\mypython3\django\Lib\site-packages\django\views\i18n.py first seen with mtime 1773145196.3195925
File C:\Users\user\AppData\Local\Programs\Python\Python312\Lib\asyncio\protocols.py first seen with mtime 1738656312.0
File C:\mypython3\django\Lib\site-packages\django\utils\copy.py first seen with mtime 1773145196.2887466
File C:\mypython3\django\Lib\site-packages\django\utils\lorem_ipsum.py first seen with mtime 1773145196.3050413
File C:\mypython3\django\Lib\site-packages\django\utils\translation\trans_real.py first seen with mtime 1773145196.3164568
File C:\mypython3\django\Lib\site-packages\sqlparse\filters\output.py first seen with mtime 1773145192.8499115
File C:\mypython3\django\Lib\site-packages\django\utils\translation\reloader.py first seen with mtime 1773145196.3137293
File C:\mypython3\django\Lib\site-packages\django\utils\deprecation.py first seen with mtime 1773145196.2951896
File C:\mypython3\django\Lib\site-packages\django\db\models\aggregates.py first seen with mtime 1773145196.127118
File C:\Users\user\AppData\Local\Programs\Python\Python312\Lib\email\encoders.py first seen with mtime 1738656312.0
File C:\mypython3\django\Lib\site-packages\django\contrib\messages\middleware.py first seen with mtime 1773145195.212948
File C:\mypython3\django\Lib\site-packages\django\middleware\common.py first seen with mtime 1773145196.2340477
File C:\mypython3\django\Lib\site-packages\django\contrib\sessions\backends\base.py first seen with mtime 1773145195.5655143
File C:\mypython3\django\Lib\site-packages\django\middleware\clickjacking.py first seen with mtime 1773145196.2330432
File C:\mypython3\django\Lib\site-packages\django\contrib\sessions\exceptions.py first seen with mtime 1773145195.561499
File C:\mypython3\django\Scripts\hello_django\hello_django\urls.py first seen with mtime 1773209913.500401
Watching for file changes with StatReloader
Waiting for apps ready_event.
Apps ready_event triggered. Sending autoreload_started signal.
Watching dir C:\mypython3\django\Scripts\hello_django\locale with glob **/*.mo.
Watching dir C:\mypython3\django\Scripts\hello_django\myhello\locale with glob **/*.mo.
File C:\mypython3\django\Lib\site-packages\django\core\checks\security\csrf.py first seen with mtime 1773145196.003097
File C:\mypython3\django\Lib\site-packages\django\templatetags\l10n.py first seen with mtime 1773145196.2664125
File C:\Users\user\AppData\Local\Programs\Python\Python312\Lib\encodings\cp950.py first seen with mtime 1738656312.0
File C:\mypython3\django\Lib\site-packages\django\dispatch\dispatcher.py first seen with mtime 1773145196.1588857
File C:\Users\user\AppData\Local\Programs\Python\Python312\Lib\asyncio\windows_events.py first seen with mtime 1738656312.0
File C:\mypython3\django\Lib\site-packages\django\http\request.py first seen with mtime 1773145196.231031
File C:\Users\user\AppData\Local\Programs\Python\Python312\Lib\email\header.py first seen with mtime 1738656312.0
File C:\mypython3\django\Lib\site-packages\django\db\backends\sqlite3\schema.py first seen with mtime 1773145196.113003
File C:\mypython3\django\Lib\site-packages\django\utils\deconstruct.py first seen with mtime 1773145196.2939546
File C:\mypython3\django\Lib\site-packages\django\core\checks\caches.py first seen with mtime 1773145195.993607
File C:\mypython3\django\Lib\site-packages\django\contrib\admin\__init__.py first seen with mtime 1773145193.4930222
File C:\mypython3\django\Lib\site-packages\django\utils\termcolors.py first seen with mtime 1773145196.308205
File C:\Users\user\AppData\Local\Programs\Python\Python312\Lib\token.py first seen with mtime 1738656314.0
File C:\mypython3\django\Lib\site-packages\django\contrib\admin\templatetags\__init__.py first seen with mtime 1773145193.9942608
File C:\Users\user\AppData\Local\Programs\Python\Python312\Lib\importlib\_abc.py first seen with mtime 1738656312.0
File C:\Users\user\AppData\Local\Programs\Python\Python312\Lib\inspect.py first seen with mtime 1738656312.0
File C:\mypython3\django\Lib\site-packages\django\db\transaction.py first seen with mtime 1773145196.0555813
File C:\mypython3\django\Lib\site-packages\django\core\servers\basehttp.py first seen with mtime 1773145196.053576
File C:\mypython3\django\Lib\site-packages\django\db\models\query.py first seen with mtime 1773145196.1357875
File C:\mypython3\django\Lib\site-packages\django\middleware\csrf.py first seen with mtime 1773145196.236068
File C:\mypython3\django\Lib\site-packages\django\db\models\fields\__init__.py first seen with mtime 1773145196.1388083
File C:\Users\user\AppData\Local\Programs\Python\Python312\Lib\asyncio\base_futures.py first seen with mtime 1738656312.0
File C:\mypython3\django\Lib\site-packages\django\utils\_os.py first seen with mtime 1773145196.2823725
File C:\mypython3\django\Lib\site-packages\django\contrib\admin\apps.py first seen with mtime 1773145193.4951673
File C:\Users\user\AppData\Local\Programs\Python\Python312\Lib\operator.py first seen with mtime 1738656312.0
File C:\mypython3\django\Lib\site-packages\django\contrib\auth\models.py first seen with mtime 1773145194.209344
File C:\mypython3\django\Lib\site-packages\django\db\backends\base\creation.py first seen with mtime 1773145196.0605943
File C:\Users\user\AppData\Local\Programs\Python\Python312\Lib\multiprocessing\reduction.py first seen with mtime 1738656312.0
File C:\mypython3\django\Lib\site-packages\django\core\management\color.py first seen with mtime 1773145196.0270288
File C:\mypython3\django\Lib\site-packages\django\template\loaders\__init__.py first seen with mtime 1773145196.2604578
File C:\Users\user\AppData\Local\Programs\Python\Python312\Lib\quopri.py first seen with mtime 1738656312.0
File C:\mypython3\django\Lib\site-packages\django\templatetags\i18n.py first seen with mtime 1773145196.2654092
File C:\mypython3\django\Lib\site-packages\django\core\checks\security\__init__.py first seen with mtime 1773145196.0020945
File C:\mypython3\django\Lib\site-packages\django\contrib\auth\templatetags\__init__.py first seen with mtime 1773145194.4091442
File C:\mypython3\django\Lib\site-packages\django\urls\converters.py first seen with mtime 1773145196.2778685
File C:\Users\user\AppData\Local\Programs\Python\Python312\Lib\collections\__init__.py first seen with mtime 1738656312.0
File C:\mypython3\django\Lib\site-packages\django\db\models\functions\__init__.py first seen with mtime 1773145196.1471357
File C:\Users\user\AppData\Local\Programs\Python\Python312\Lib\wsgiref\__init__.py first seen with mtime 1738656314.0
File C:\mypython3\django\Lib\site-packages\django\template\loaders\filesystem.py first seen with mtime 1773145196.2629397
File C:\mypython3\django\Lib\site-packages\django\template\exceptions.py first seen with mtime 1773145196.2509928
File C:\Users\user\AppData\Local\Programs\Python\Python312\DLLs\_bz2.pyd first seen with mtime 1738656366.0
File C:\mypython3\django\Lib\site-packages\django\contrib\admin\templatetags\log.py first seen with mtime 1773145193.999184
File C:\Users\user\AppData\Local\Programs\Python\Python312\Lib\bz2.py first seen with mtime 1738656312.0
File C:\mypython3\django\Lib\site-packages\django\forms\formsets.py first seen with mtime 1773145196.1629066
File C:\Users\user\AppData\Local\Programs\Python\Python312\Lib\socketserver.py first seen with mtime 1738656312.0
File C:\Users\user\AppData\Local\Programs\Python\Python312\Lib\asyncio\format_helpers.py first seen with mtime 1738656312.0
File C:\Users\user\AppData\Local\Programs\Python\Python312\Lib\asyncio\log.py first seen with mtime 1738656312.0
File C:\mypython3\django\Lib\site-packages\django\core\mail\__init__.py first seen with mtime 1773145196.0181444
File C:\Users\user\AppData\Local\Programs\Python\Python312\Lib\calendar.py first seen with mtime 1738656312.0
File C:\mypython3\django\Lib\site-packages\django\contrib\auth\views.py first seen with mtime 1773145194.212838
File C:\Users\user\AppData\Local\Programs\Python\Python312\Lib\graphlib.py first seen with mtime 1738656312.0
File C:\mypython3\django\Lib\site-packages\django\contrib\auth\password_validation.py first seen with mtime 1773145194.2097628
File C:\mypython3\django\Lib\site-packages\django\core\handlers\base.py first seen with mtime 1773145196.0159414
File C:\mypython3\django\Lib\site-packages\sqlparse\filters\tokens.py first seen with mtime 1773145192.8523216
File C:\mypython3\django\Lib\site-packages\django\contrib\staticfiles\views.py first seen with mtime 1773145195.972909
File C:\Users\user\AppData\Local\Programs\Python\Python312\Lib\multiprocessing\process.py first seen with mtime 1738656312.0
File C:\Users\user\AppData\Local\Programs\Python\Python312\Lib\http\client.py first seen with mtime 1738656312.0
File C:\Users\user\AppData\Local\Programs\Python\Python312\Lib\asyncio\__init__.py first seen with mtime 1738656312.0
File C:\mypython3\django\Lib\site-packages\django\core\checks\compatibility\__init__.py first seen with mtime 1773145196.0000894
File C:\Users\user\AppData\Local\Programs\Python\Python312\Lib\weakref.py first seen with mtime 1738656314.0
File C:\Users\user\AppData\Local\Programs\Python\Python312\DLLs\_overlapped.pyd first seen with mtime 1738656366.0
File C:\mypython3\django\Lib\site-packages\django\db\backends\sqlite3\_functions.py first seen with mtime 1773145196.1074038
File C:\mypython3\django\Lib\site-packages\django\db\migrations\migration.py first seen with mtime 1773145196.1180944
File C:\mypython3\django\Lib\site-packages\django\contrib\admin\exceptions.py first seen with mtime 1773145193.498147
File C:\Users\user\AppData\Local\Programs\Python\Python312\Lib\nturl2path.py first seen with mtime 1738656312.0
File C:\mypython3\django\Lib\site-packages\django\contrib\admin\templatetags\admin_list.py first seen with mtime 1773145193.9954436
File C:\Users\user\AppData\Local\Programs\Python\Python312\Lib\asyncio\base_subprocess.py first seen with mtime 1738656312.0
File C:\Users\user\AppData\Local\Programs\Python\Python312\Lib\re\__init__.py first seen with mtime 1738656312.0
File C:\mypython3\django\Lib\site-packages\django\contrib\contenttypes\views.py first seen with mtime 1773145194.415163
File C:\mypython3\django\Lib\site-packages\django\forms\renderers.py first seen with mtime 1773145196.1649306
File C:\mypython3\django\Lib\site-packages\asgiref\__init__.py first seen with mtime 1773145192.9425004
File C:\mypython3\django\Lib\site-packages\django\utils\version.py first seen with mtime 1773145196.3117063
File C:\mypython3\django\Lib\site-packages\django\utils\lorem_ipsum.py first seen with mtime 1773145196.3050413
File C:\Users\user\AppData\Local\Programs\Python\Python312\Lib\fractions.py first seen with mtime 1738656312.0
File C:\Users\user\AppData\Local\Programs\Python\Python312\Lib\asyncio\staggered.py first seen with mtime 1738656312.0
File C:\Users\user\AppData\Local\Programs\Python\Python312\Lib\argparse.py first seen with mtime 1738656312.0
File C:\mypython3\django\Lib\site-packages\django\core\mail\utils.py first seen with mtime 1773145196.0191846
File C:\mypython3\django\Lib\site-packages\django\core\serializers\json.py first seen with mtime 1773145196.0503986
File C:\Users\user\AppData\Local\Programs\Python\Python312\Lib\asyncio\taskgroups.py first seen with mtime 1738656312.0
File C:\Users\user\AppData\Local\Programs\Python\Python312\Lib\mimetypes.py first seen with mtime 1738656312.0
File C:\mypython3\django\Lib\site-packages\django\contrib\sessions\backends\__init__.py first seen with mtime 1773145195.5645118
File C:\mypython3\django\Lib\site-packages\django\template\backends\django.py first seen with mtime 1773145196.256998
File C:\Users\user\AppData\Local\Programs\Python\Python312\Lib\http\cookies.py first seen with mtime 1738656312.0
File C:\mypython3\django\Lib\site-packages\django\conf\__init__.py first seen with mtime 1773145193.0665152
File C:\mypython3\django\Lib\site-packages\django\core\handlers\__init__.py first seen with mtime 1773145196.0148456
File C:\mypython3\django\Lib\site-packages\django\forms\utils.py first seen with mtime 1773145196.165933
File C:\Users\user\AppData\Local\Programs\Python\Python312\Lib\urllib\parse.py first seen with mtime 1738656314.0
File C:\Users\user\AppData\Local\Programs\Python\Python312\DLLs\_asyncio.pyd first seen with mtime 1738656366.0
File C:\Users\user\AppData\Local\Programs\Python\Python312\Lib\collections\abc.py first seen with mtime 1738656312.0
File C:\Users\user\AppData\Local\Programs\Python\Python312\Lib\asyncio\queues.py first seen with mtime 1738656312.0
File C:\Users\user\AppData\Local\Programs\Python\Python312\Lib\encodings\aliases.py first seen with mtime 1738656312.0
File C:\mypython3\django\Lib\site-packages\django\template\defaulttags.py first seen with mtime 1773145196.2499743
File C:\Users\user\AppData\Local\Programs\Python\Python312\Lib\wsgiref\handlers.py first seen with mtime 1738656314.0
File C:\mypython3\django\Lib\site-packages\django\utils\numberformat.py first seen with mtime 1773145196.306123
File C:\mypython3\django\Lib\site-packages\django\urls\utils.py first seen with mtime 1773145196.2802548
File C:\Users\user\AppData\Local\Programs\Python\Python312\Lib\ctypes\wintypes.py first seen with mtime 1738656312.0
File C:\Users\user\AppData\Local\Programs\Python\Python312\Lib\concurrent\__init__.py first seen with mtime 1738656312.0
File C:\mypython3\django\Lib\site-packages\django\apps\config.py first seen with mtime 1773145193.0643098
File C:\Users\user\AppData\Local\Programs\Python\Python312\Lib\contextlib.py first seen with mtime 1738656312.0
File C:\mypython3\django\Lib\site-packages\sqlparse\cli.py first seen with mtime 1773145192.837533
File C:\mypython3\django\Lib\site-packages\django\db\models\__init__.py first seen with mtime 1773145196.127118
File C:\mypython3\django\Lib\site-packages\django\utils\module_loading.py first seen with mtime 1773145196.3050413
File C:\Users\user\AppData\Local\Programs\Python\Python312\Lib\gettext.py first seen with mtime 1738656312.0
File C:\mypython3\django\Lib\site-packages\django\forms\widgets.py first seen with mtime 1773145196.1669354
File C:\Users\user\AppData\Local\Programs\Python\Python312\Lib\wsgiref\simple_server.py first seen with mtime 1738656314.0
File C:\mypython3\django\Lib\site-packages\sqlparse\utils.py first seen with mtime 1773145192.8442674
File C:\Users\user\AppData\Local\Programs\Python\Python312\Lib\subprocess.py first seen with mtime 1738656312.0
File C:\Users\user\AppData\Local\Programs\Python\Python312\Lib\re\_parser.py first seen with mtime 1738656312.0
File C:\mypython3\django\Lib\site-packages\sqlparse\lexer.py first seen with mtime 1773145192.8408105
File C:\mypython3\django\Lib\site-packages\django\contrib\sessions\base_session.py first seen with mtime 1773145195.561499
File C:\Users\user\AppData\Local\Programs\Python\Python312\Lib\email\mime\__init__.py first seen with mtime 1738656312.0
File C:\Users\user\AppData\Local\Programs\Python\Python312\Lib\json\scanner.py first seen with mtime 1738656312.0
File C:\mypython3\django\Lib\site-packages\django\db\models\manager.py first seen with mtime 1773145196.133716
File C:\mypython3\django\Lib\site-packages\django\utils\translation\__init__.py first seen with mtime 1773145196.3137293
File C:\Users\user\AppData\Local\Programs\Python\Python312\Lib\logging\handlers.py first seen with mtime 1738656312.0
File C:\mypython3\django\Lib\site-packages\django\contrib\auth\validators.py first seen with mtime 1773145194.211765
File C:\Users\user\AppData\Local\Programs\Python\Python312\Lib\json\__init__.py first seen with mtime 1738656312.0
File C:\mypython3\django\Lib\site-packages\django\db\__init__.py first seen with mtime 1773145196.054579
File C:\mypython3\django\Lib\site-packages\django\template\__init__.py first seen with mtime 1773145196.245047
File C:\Users\user\AppData\Local\Programs\Python\Python312\Lib\pprint.py first seen with mtime 1738656312.0
File C:\mypython3\django\Lib\site-packages\django\contrib\staticfiles\checks.py first seen with mtime 1773145195.9679174
File C:\mypython3\django\Lib\site-packages\django\core\cache\utils.py first seen with mtime 1773145195.9857483
File C:\Users\user\AppData\Local\Programs\Python\Python312\Lib\asyncio\base_events.py first seen with mtime 1738656312.0
File C:\mypython3\django\Lib\site-packages\django\core\wsgi.py first seen with mtime 1773145195.9837432
File C:\mypython3\django\Lib\site-packages\django\core\checks\templates.py first seen with mtime 1773145195.9976888
File C:\mypython3\django\Lib\site-packages\django\contrib\auth\templatetags\auth.py first seen with mtime 1773145194.4101508
File C:\Users\user\AppData\Local\Programs\Python\Python312\DLLs\_uuid.pyd first seen with mtime 1738656366.0
File C:\Users\user\AppData\Local\Programs\Python\Python312\Lib\re\_casefix.py first seen with mtime 1738656312.0
File C:\Users\user\AppData\Local\Programs\Python\Python312\DLLs\select.pyd first seen with mtime 1738656366.0
File C:\mypython3\django\Lib\site-packages\sqlparse\filters\right_margin.py first seen with mtime 1773145192.8509643
File C:\mypython3\django\Lib\site-packages\asgiref\sync.py first seen with mtime 1773145192.946536
File C:\Users\user\AppData\Local\Programs\Python\Python312\Lib\asyncio\coroutines.py first seen with mtime 1738656312.0
File C:\Users\user\AppData\Local\Programs\Python\Python312\Lib\asyncio\events.py first seen with mtime 1738656312.0
File C:\mypython3\django\Lib\site-packages\django\contrib\messages\constants.py first seen with mtime 1773145195.2114909
File C:\mypython3\django\Lib\site-packages\django\utils\asyncio.py first seen with mtime 1773145196.284721
File C:\Users\user\AppData\Local\Programs\Python\Python312\Lib\asyncio\threads.py first seen with mtime 1738656312.0
File C:\Users\user\AppData\Local\Programs\Python\Python312\Lib\html\entities.py first seen with mtime 1738656312.0
File C:\Users\user\AppData\Local\Programs\Python\Python312\Lib\email\quoprimime.py first seen with mtime 1738656312.0
File C:\Users\user\AppData\Local\Programs\Python\Python312\Lib\urllib\error.py first seen with mtime 1738656314.0
File C:\mypython3\django\Lib\site-packages\django\core\files\utils.py first seen with mtime 1773145196.00958
File C:\mypython3\django\Lib\site-packages\sqlparse\engine\__init__.py first seen with mtime 1773145192.8452957
File C:\mypython3\django\Lib\site-packages\django\db\backends\sqlite3\introspection.py first seen with mtime 1773145196.110429
File C:\Users\user\AppData\Local\Programs\Python\Python312\Lib\asyncio\timeouts.py first seen with mtime 1738656312.0
File C:\mypython3\django\Lib\site-packages\django\template\defaultfilters.py first seen with mtime 1773145196.2489684
File C:\mypython3\django\Lib\site-packages\django\db\models\signals.py first seen with mtime 1773145196.1367948
File C:\mypython3\django\Lib\site-packages\django\views\i18n.py first seen with mtime 1773145196.3195925
File C:\mypython3\django\Lib\site-packages\django\contrib\auth\tokens.py first seen with mtime 1773145194.2107623
File C:\mypython3\django\Lib\site-packages\django\utils\functional.py first seen with mtime 1773145196.2984064
File C:\Users\user\AppData\Local\Programs\Python\Python312\Lib\asyncio\runners.py first seen with mtime 1738656312.0
File C:\mypython3\django\Lib\site-packages\django\db\models\fields\related_descriptors.py first seen with mtime 1773145196.1449113
File C:\mypython3\django\Lib\site-packages\django\contrib\sites\requests.py first seen with mtime 1773145195.7729342
File C:\mypython3\django\Lib\site-packages\django\conf\urls\__init__.py first seen with mtime 1773145193.4895015
File C:\mypython3\django\Scripts\hello_django\hello_django\settings.py first seen with mtime 1773209223.785567
File C:\mypython3\django\Lib\site-packages\django\utils\timesince.py first seen with mtime 1773145196.3096595
File C:\Users\user\AppData\Local\Programs\Python\Python312\Lib\email\utils.py first seen with mtime 1738656312.0
File C:\mypython3\django\Lib\site-packages\django\contrib\auth\checks.py first seen with mtime 1773145194.2036693
File C:\Users\user\AppData\Local\Programs\Python\Python312\DLLs\_ctypes.pyd first seen with mtime 1738656366.0
File C:\Users\user\AppData\Local\Programs\Python\Python312\Lib\email\_parseaddr.py first seen with mtime 1738656312.0
File C:\mypython3\django\Lib\site-packages\django\contrib\sessions\exceptions.py first seen with mtime 1773145195.561499
File C:\mypython3\django\Lib\site-packages\sqlparse\sql.py first seen with mtime 1773145192.8428211
File C:\mypython3\django\Lib\site-packages\django\db\models\fields\composite.py first seen with mtime 1773145196.1388083
File C:\mypython3\django\Lib\site-packages\django\contrib\sites\shortcuts.py first seen with mtime 1773145195.7729342
File C:\mypython3\django\Lib\site-packages\django\views\generic\__init__.py first seen with mtime 1773145196.3288577
File C:\mypython3\django\Lib\site-packages\django\db\migrations\operations\__init__.py first seen with mtime 1773145196.1231077
File C:\mypython3\django\Scripts\hello_django\myhello\__init__.py first seen with mtime 1773209089.9994023
File C:\mypython3\django\Lib\site-packages\django\contrib\messages\utils.py first seen with mtime 1773145195.2139518
File C:\Users\user\AppData\Local\Programs\Python\Python312\Lib\email\message.py first seen with mtime 1738656312.0
File C:\Users\user\AppData\Local\Programs\Python\Python312\Lib\signal.py first seen with mtime 1738656312.0
File C:\Users\user\AppData\Local\Programs\Python\Python312\Lib\difflib.py first seen with mtime 1738656312.0
File C:\mypython3\django\Lib\site-packages\django\db\models\functions\text.py first seen with mtime 1773145196.15149
File C:\mypython3\django\Lib\site-packages\django\utils\tree.py first seen with mtime 1773145196.3107
File C:\Users\user\AppData\Local\Programs\Python\Python312\Lib\lzma.py first seen with mtime 1738656312.0
File C:\Users\user\AppData\Local\Programs\Python\Python312\Lib\email\mime\base.py first seen with mtime 1738656312.0
File C:\Users\user\AppData\Local\Programs\Python\Python312\Lib\multiprocessing\context.py first seen with mtime 1738656312.0
File C:\mypython3\django\Lib\site-packages\django\db\models\query_utils.py first seen with mtime 1773145196.1357875
File C:\mypython3\django\Lib\site-packages\django\db\backends\ddl_references.py first seen with mtime 1773145196.057587
File C:\mypython3\django\Lib\site-packages\django\utils\datastructures.py first seen with mtime 1773145196.2914486
File C:\mypython3\django\Lib\site-packages\django\contrib\__init__.py first seen with mtime 1773145193.4910147
File C:\mypython3\django\Lib\site-packages\django\templatetags\cache.py first seen with mtime 1773145196.2654092
File C:\mypython3\django\Lib\site-packages\django\forms\fields.py first seen with mtime 1773145196.1619065
File C:\Users\user\AppData\Local\Programs\Python\Python312\Lib\http\server.py first seen with mtime 1738656312.0
File C:\Users\user\AppData\Local\Programs\Python\Python312\Lib\asyncio\proactor_events.py first seen with mtime 1738656312.0
File C:\Users\user\AppData\Local\Programs\Python\Python312\Lib\copyreg.py first seen with mtime 1738656312.0
File C:\mypython3\django\Lib\site-packages\sqlparse\filters\reindent.py first seen with mtime 1773145192.8509643
File C:\mypython3\django\Lib\site-packages\django\core\checks\__init__.py first seen with mtime 1773145195.9926045
File C:\Users\user\AppData\Local\Programs\Python\Python312\Lib\pkgutil.py first seen with mtime 1738656312.0
File C:\mypython3\django\Lib\site-packages\django\contrib\messages\__init__.py first seen with mtime 1773145195.2094755
File C:\mypython3\django\Lib\site-packages\django\contrib\auth\hashers.py first seen with mtime 1773145194.207342
File C:\mypython3\django\Lib\site-packages\django\contrib\sessions\models.py first seen with mtime 1773145195.5635092
File C:\mypython3\django\Lib\site-packages\sqlparse\tokens.py first seen with mtime 1773145192.8428211
File C:\Users\user\AppData\Local\Programs\Python\Python312\Lib\contextvars.py first seen with mtime 1738656312.0
File C:\mypython3\django\Lib\site-packages\django\contrib\contenttypes\__init__.py first seen with mtime 1773145194.411154
File C:\mypython3\django\Lib\site-packages\django\core\cache\__init__.py first seen with mtime 1773145195.9847455
File C:\mypython3\django\Lib\site-packages\django\contrib\auth\apps.py first seen with mtime 1773145194.202163
File C:\Users\user\AppData\Local\Programs\Python\Python312\Lib\functools.py first seen with mtime 1738656312.0
File C:\mypython3\django\Scripts\hello_django\myhello\urls.py first seen with mtime 1773209482.785228
File C:\mypython3\django\Lib\site-packages\django\contrib\admin\views\autocomplete.py first seen with mtime 1773145194.000275
File C:\mypython3\django\Lib\site-packages\django\db\models\expressions.py first seen with mtime 1773145196.1317077
File C:\mypython3\django\Lib\site-packages\django\utils\http.py first seen with mtime 1773145196.3016546
File C:\mypython3\django\Scripts\hello_django\myhello\apps.py first seen with mtime 1773209089.9947636
File C:\mypython3\django\Lib\site-packages\sqlparse\__init__.py first seen with mtime 1773145192.8363185
File C:\mypython3\django\Lib\site-packages\django\http\cookie.py first seen with mtime 1773145196.2290022
File C:\mypython3\django\Lib\site-packages\django\template\autoreload.py first seen with mtime 1773145196.246394
File C:\Users\user\AppData\Local\Programs\Python\Python312\Lib\selectors.py first seen with mtime 1738656312.0
File C:\Users\user\AppData\Local\Programs\Python\Python312\Lib\wsgiref\util.py first seen with mtime 1738656314.0
File C:\mypython3\django\Lib\site-packages\django\db\migrations\state.py first seen with mtime 1773145196.121103
File C:\Users\user\AppData\Local\Programs\Python\Python312\Lib\email\generator.py first seen with mtime 1738656312.0
File C:\Users\user\AppData\Local\Programs\Python\Python312\Lib\ctypes\_endian.py first seen with mtime 1738656312.0
File C:\mypython3\django\Lib\site-packages\django\db\migrations\utils.py first seen with mtime 1773145196.1221051
File C:\mypython3\django\Lib\site-packages\django\contrib\admin\models.py first seen with mtime 1773145193.5007255
File C:\mypython3\django\Lib\site-packages\django\db\models\base.py first seen with mtime 1773145196.128121
File C:\mypython3\django\Lib\site-packages\django\core\files\base.py first seen with mtime 1773145196.0051029
File C:\mypython3\django\Lib\site-packages\django\contrib\sessions\backends\base.py first seen with mtime 1773145195.5655143
File C:\Users\user\AppData\Local\Programs\Python\Python312\Lib\asyncio\base_tasks.py first seen with mtime 1738656312.0
File C:\mypython3\django\Lib\site-packages\django\db\migrations\operations\special.py first seen with mtime 1773145196.1261158
File C:\mypython3\django\Lib\site-packages\sqlparse\filters\others.py first seen with mtime 1773145192.8499115
File C:\Users\user\AppData\Local\Programs\Python\Python312\Lib\_weakrefset.py first seen with mtime 1738656312.0
File C:\mypython3\django\Lib\site-packages\django\middleware\cache.py first seen with mtime 1773145196.2330432
File C:\mypython3\django\Lib\site-packages\django\db\backends\base\validation.py first seen with mtime 1773145196.0737398
File C:\Users\user\AppData\Local\Programs\Python\Python312\Lib\email\errors.py first seen with mtime 1738656312.0
File C:\Users\user\AppData\Local\Programs\Python\Python312\Lib\asyncio\tasks.py first seen with mtime 1738656312.0
File C:\mypython3\django\Lib\site-packages\django\views\decorators\csp.py first seen with mtime 1773145196.3242855
File C:\Users\user\AppData\Local\Programs\Python\Python312\Lib\email\charset.py first seen with mtime 1738656312.0
File C:\mypython3\django\Lib\site-packages\django\core\files\__init__.py first seen with mtime 1773145196.0051029
File C:\Users\user\AppData\Local\Programs\Python\Python312\Lib\email\encoders.py first seen with mtime 1738656312.0
File C:\mypython3\django\Lib\site-packages\django\db\models\fields\tuple_lookups.py first seen with mtime 1773145196.1460817
File C:\mypython3\django\Lib\site-packages\django\template\base.py first seen with mtime 1773145196.2468977
File C:\mypython3\django\Lib\site-packages\django\core\files\images.py first seen with mtime 1773145196.006105
File C:\Users\user\AppData\Local\Programs\Python\Python312\Lib\statistics.py first seen with mtime 1738656312.0
File C:\mypython3\django\Lib\site-packages\django\core\management\__init__.py first seen with mtime 1773145196.0260246
File C:\mypython3\django\Lib\site-packages\django\core\checks\files.py first seen with mtime 1773145195.9956176
File C:\mypython3\django\Lib\site-packages\django\contrib\contenttypes\management\__init__.py first seen with mtime 1773145194.610613
File C:\Users\user\AppData\Local\Programs\Python\Python312\DLLs\unicodedata.pyd first seen with mtime 1738656366.0
File C:\mypython3\django\Lib\site-packages\django\views\generic\edit.py first seen with mtime 1773145196.3316674
File C:\mypython3\django\Lib\site-packages\django\contrib\auth\__init__.py first seen with mtime 1773145194.2009065
File C:\Users\user\AppData\Local\Programs\Python\Python312\Lib\asyncio\windows_utils.py first seen with mtime 1738656312.0
File C:\mypython3\django\Lib\site-packages\django\template\smartif.py first seen with mtime 1773145196.2546358
File C:\mypython3\django\Lib\site-packages\django\utils\__init__.py first seen with mtime 1773145196.281257
File C:\Users\user\AppData\Local\Programs\Python\Python312\Lib\platform.py first seen with mtime 1738656312.0
File C:\mypython3\django\Lib\site-packages\django\contrib\staticfiles\management\commands\runserver.py first seen with mtime 1773145195.976585
File C:\Users\user\AppData\Local\Programs\Python\Python312\Lib\html\__init__.py first seen with mtime 1738656312.0
File C:\mypython3\django\Lib\site-packages\django\db\models\enums.py first seen with mtime 1773145196.1317077
File C:\mypython3\django\Lib\site-packages\django\utils\choices.py first seen with mtime 1773145196.2874978
File C:\mypython3\django\Lib\site-packages\django\core\files\temp.py first seen with mtime 1773145196.0071077
File C:\Users\user\AppData\Local\Programs\Python\Python312\Lib\email\mime\message.py first seen with mtime 1738656312.0
File C:\Users\user\AppData\Local\Programs\Python\Python312\Lib\tempfile.py first seen with mtime 1738656312.0
File C:\mypython3\django\Lib\site-packages\django\db\models\lookups.py first seen with mtime 1773145196.133716
File C:\Users\user\AppData\Local\Programs\Python\Python312\Lib\email\iterators.py first seen with mtime 1738656312.0
File C:\mypython3\django\Lib\site-packages\django\db\backends\sqlite3\operations.py first seen with mtime 1773145196.110429
File C:\mypython3\django\Lib\site-packages\django\core\files\uploadhandler.py first seen with mtime 1773145196.00958
File C:\mypython3\django\Lib\site-packages\django\db\models\fields\json.py first seen with mtime 1773145196.141822
File C:\mypython3\django\Lib\site-packages\django\db\migrations\operations\models.py first seen with mtime 1773145196.125113
File C:\mypython3\django\Lib\site-packages\django\core\checks\model_checks.py first seen with mtime 1773145195.996686
File C:\Users\user\AppData\Local\Programs\Python\Python312\Lib\logging\__init__.py first seen with mtime 1738656312.0
File C:\Users\user\AppData\Local\Programs\Python\Python312\Lib\asyncio\transports.py first seen with mtime 1738656312.0
File C:\mypython3\django\Lib\site-packages\django\core\checks\registry.py first seen with mtime 1773145195.9976888
File C:\mypython3\django\Lib\site-packages\django\db\backends\base\client.py first seen with mtime 1773145196.0605943
File C:\mypython3\django\Lib\site-packages\django\contrib\auth\middleware.py first seen with mtime 1773145194.207342
File C:\mypython3\django\Lib\site-packages\django\core\management\commands\__init__.py first seen with mtime 1773145196.0303128
File C:\Users\user\AppData\Local\Programs\Python\Python312\DLLs\_ssl.pyd first seen with mtime 1738656366.0
File C:\mypython3\django\Lib\site-packages\django\db\models\aggregates.py first seen with mtime 1773145196.127118
File C:\Users\user\AppData\Local\Programs\Python\Python312\Lib\email\_header_value_parser.py first seen with mtime 1738656312.0
File C:\Users\user\AppData\Local\Programs\Python\Python312\Lib\reprlib.py first seen with mtime 1738656312.0
File C:\mypython3\django\Lib\site-packages\django\db\migrations\exceptions.py first seen with mtime 1773145196.1150866
File C:\mypython3\django\Lib\site-packages\django\db\backends\sqlite3\creation.py first seen with mtime 1773145196.1094236
File C:\mypython3\django\Lib\site-packages\django\utils\cache.py first seen with mtime 1773145196.2874978
File C:\Users\user\AppData\Local\Programs\Python\Python312\Lib\copy.py first seen with mtime 1738656312.0
File C:\mypython3\django\Lib\site-packages\django\contrib\admin\templatetags\base.py first seen with mtime 1773145193.9981663
File C:\mypython3\django\Lib\site-packages\django\template\library.py first seen with mtime 1773145196.252318
File C:\mypython3\django\Lib\site-packages\django\contrib\messages\api.py first seen with mtime 1773145195.2104838
File C:\mypython3\django\Lib\site-packages\django\db\backends\sqlite3\__init__.py first seen with mtime 1773145196.1062877
File C:\Users\user\AppData\Local\Programs\Python\Python312\Lib\decimal.py first seen with mtime 1738656312.0
File C:\mypython3\django\Lib\site-packages\django\views\generic\list.py first seen with mtime 1773145196.3316674
File C:\Users\user\AppData\Local\Programs\Python\Python312\Lib\asyncio\subprocess.py first seen with mtime 1738656312.0
File C:\mypython3\django\Lib\site-packages\django\core\files\locks.py first seen with mtime 1773145196.006105
File C:\Users\user\AppData\Local\Programs\Python\Python312\Lib\sqlite3\dbapi2.py first seen with mtime 1738656312.0
File C:\mypython3\django\Lib\site-packages\django\contrib\staticfiles\handlers.py first seen with mtime 1773145195.9689355
File C:\mypython3\django\Lib\site-packages\django\core\handlers\exception.py first seen with mtime 1773145196.0171359
File C:\mypython3\django\Lib\site-packages\django\forms\models.py first seen with mtime 1773145196.1639163
File C:\mypython3\django\Lib\site-packages\django\contrib\staticfiles\management\commands\__init__.py first seen with mtime 1773145195.9739394
File C:\Users\user\AppData\Local\Programs\Python\Python312\Lib\zoneinfo\__init__.py first seen with mtime 1738656314.0
File C:\mypython3\django\Lib\site-packages\django\utils\hashable.py first seen with mtime 1773145196.2994263
File C:\mypython3\django\Lib\site-packages\sqlparse\filters\aligned_indent.py first seen with mtime 1773145192.848455
File C:\mypython3\django\Lib\site-packages\django\contrib\admin\templatetags\admin_urls.py first seen with mtime 1773145193.9976585
File C:\Users\user\AppData\Local\Programs\Python\Python312\Lib\multiprocessing\__init__.py first seen with mtime 1738656312.0
File C:\mypython3\django\Lib\site-packages\django\middleware\security.py first seen with mtime 1773145196.2384107
File C:\Users\user\AppData\Local\Programs\Python\Python312\Lib\concurrent\futures\_base.py first seen with mtime 1738656312.0
File C:\mypython3\django\Lib\site-packages\django\views\decorators\debug.py first seen with mtime 1773145196.325538
File C:\mypython3\django\Lib\site-packages\django\contrib\contenttypes\forms.py first seen with mtime 1773145194.414056
File C:\mypython3\django\Lib\site-packages\django\db\models\functions\mixins.py first seen with mtime 1773145196.1504881
File C:\mypython3\django\Lib\site-packages\django\core\checks\database.py first seen with mtime 1773145195.9956176
File C:\Users\user\AppData\Local\Programs\Python\Python312\Lib\json\encoder.py first seen with mtime 1738656312.0
File C:\mypython3\django\Lib\site-packages\django\db\models\fields\reverse_related.py first seen with mtime 1773145196.1460817
File C:\mypython3\django\Lib\site-packages\django\db\backends\signals.py first seen with mtime 1773145196.057587
File C:\mypython3\django\Lib\site-packages\django\db\backends\base\introspection.py first seen with mtime 1773145196.0626051
File C:\mypython3\django\Lib\site-packages\django\utils\dateparse.py first seen with mtime 1773145196.2914486
File C:\Users\user\AppData\Local\Programs\Python\Python312\Lib\random.py first seen with mtime 1738656312.0
File C:\Users\user\AppData\Local\Programs\Python\Python312\Lib\linecache.py first seen with mtime 1738656312.0
File C:\mypython3\django\Lib\site-packages\django\db\models\fields\related_lookups.py first seen with mtime 1773145196.1449113
File C:\mypython3\django\Lib\site-packages\django\db\backends\base\base.py first seen with mtime 1773145196.0595918
File C:\mypython3\django\Scripts\hello_django\myhello\admin.py first seen with mtime 1773209089.9926696
File C:\Users\user\AppData\Local\Programs\Python\Python312\Lib\secrets.py first seen with mtime 1738656312.0
File C:\Users\user\AppData\Local\Programs\Python\Python312\Lib\asyncio\streams.py first seen with mtime 1738656312.0
File C:\Users\user\AppData\Local\Programs\Python\Python312\Lib\email\mime\text.py first seen with mtime 1738656312.0
File C:\Users\user\AppData\Local\Programs\Python\Python312\Lib\bisect.py first seen with mtime 1738656312.0
File C:\mypython3\django\Lib\site-packages\django\core\paginator.py first seen with mtime 1773145195.9806347
File C:\mypython3\django\Lib\site-packages\django\forms\forms.py first seen with mtime 1773145196.1629066
File C:\mypython3\django\Lib\site-packages\django\db\models\utils.py first seen with mtime 1773145196.137802
File C:\mypython3\django\Lib\site-packages\django\core\checks\urls.py first seen with mtime 1773145196.0000894
File C:\mypython3\django\Lib\site-packages\django\db\models\functions\math.py first seen with mtime 1773145196.1494844
File C:\mypython3\django\Lib\site-packages\django\db\models\sql\constants.py first seen with mtime 1773145196.1544979
File C:\mypython3\django\Lib\site-packages\asgiref\local.py first seen with mtime 1773145192.9444926
File C:\Users\user\AppData\Local\Programs\Python\Python312\Lib\enum.py first seen with mtime 1738656312.0
File C:\mypython3\django\Lib\site-packages\django\utils\inspect.py first seen with mtime 1773145196.3016546
File C:\mypython3\django\Lib\site-packages\django\contrib\auth\forms.py first seen with mtime 1773145194.2068572
File C:\mypython3\django\Lib\site-packages\django\core\checks\messages.py first seen with mtime 1773145195.996686
File C:\mypython3\django\Lib\site-packages\django\contrib\sites\__init__.py first seen with mtime 1773145195.7663884
File C:\mypython3\django\Lib\site-packages\django\core\cache\backends\filebased.py first seen with mtime 1773145195.9891803
File C:\Users\user\AppData\Local\Programs\Python\Python312\Lib\struct.py first seen with mtime 1738656312.0
File C:\mypython3\django\Lib\site-packages\django\template\loader_tags.py first seen with mtime 1773145196.2536273
File C:\Users\user\AppData\Local\Programs\Python\Python312\Lib\pickle.py first seen with mtime 1738656312.0
File C:\mypython3\django\Lib\site-packages\django\db\backends\utils.py first seen with mtime 1773145196.058589
File C:\mypython3\django\Lib\site-packages\django\contrib\staticfiles\finders.py first seen with mtime 1773145195.9689355
File C:\mypython3\django\Lib\site-packages\django\utils\dates.py first seen with mtime 1773145196.292947
File C:\mypython3\django\Lib\site-packages\django\utils\safestring.py first seen with mtime 1773145196.3072007
File C:\mypython3\django\Lib\site-packages\django\db\models\sql\datastructures.py first seen with mtime 1773145196.1544979
File C:\mypython3\django\Lib\site-packages\django\conf\global_settings.py first seen with mtime 1773145193.0678706
File C:\mypython3\django\Scripts\hello_django\hello_django\urls.py first seen with mtime 1773210014.6663246
File C:\mypython3\django\Lib\site-packages\django\contrib\contenttypes\admin.py first seen with mtime 1773145194.411154
File C:\mypython3\django\Lib\site-packages\django\db\utils.py first seen with mtime 1773145196.0555813
File C:\Users\user\AppData\Local\Programs\Python\Python312\Lib\socket.py first seen with mtime 1738656312.0
File C:\Users\user\AppData\Local\Programs\Python\Python312\Lib\email\_encoded_words.py first seen with mtime 1738656312.0
File C:\mypython3\django\Lib\site-packages\django\core\exceptions.py first seen with mtime 1773145195.9806347
File C:\mypython3\django\Lib\site-packages\django\__init__.py first seen with mtime 1773145193.0611882
File C:\mypython3\django\Lib\site-packages\django\contrib\admin\utils.py first seen with mtime 1773145193.5046785
File C:\mypython3\django\Lib\site-packages\django\core\cache\backends\base.py first seen with mtime 1773145195.9867523
File C:\mypython3\django\Lib\site-packages\django\template\backends\__init__.py first seen with mtime 1773145196.2559953
File C:\mypython3\django\Lib\site-packages\django\core\signals.py first seen with mtime 1773145195.9817367
File C:\mypython3\django\Lib\site-packages\django\contrib\auth\base_user.py first seen with mtime 1773145194.2031653
File C:\Users\user\AppData\Local\Programs\Python\Python312\Lib\_compat_pickle.py first seen with mtime 1738656312.0
File C:\mypython3\django\Lib\site-packages\django\urls\base.py first seen with mtime 1773145196.2768354
File C:\Users\user\AppData\Local\Programs\Python\Python312\Lib\json\decoder.py first seen with mtime 1738656312.0
File C:\Users\user\AppData\Local\Programs\Python\Python312\Lib\re\_compiler.py first seen with mtime 1738656312.0
File C:\Users\user\AppData\Local\Programs\Python\Python312\Lib\sqlite3\__init__.py first seen with mtime 1738656312.0
File C:\mypython3\django\Lib\site-packages\django\contrib\staticfiles\apps.py first seen with mtime 1773145195.966913
File C:\mypython3\django\Lib\site-packages\sqlparse\engine\filter_stack.py first seen with mtime 1773145192.8452957
File C:\Users\user\AppData\Local\Programs\Python\Python312\Lib\email\policy.py first seen with mtime 1738656312.0
File C:\mypython3\django\Lib\site-packages\django\db\models\fields\proxy.py first seen with mtime 1773145196.1428242
File C:\Users\user\AppData\Local\Programs\Python\Python312\Lib\datetime.py first seen with mtime 1738656312.0
File C:\mypython3\django\Lib\site-packages\django\contrib\admin\filters.py first seen with mtime 1773145193.498147
File C:\mypython3\django\Lib\site-packages\django\dispatch\__init__.py first seen with mtime 1773145196.1578827
File C:\mypython3\django\Lib\site-packages\sqlparse\engine\grouping.py first seen with mtime 1773145192.8464475
File C:\mypython3\django\Lib\site-packages\django\contrib\contenttypes\fields.py first seen with mtime 1773145194.4131591
File C:\Users\user\AppData\Local\Programs\Python\Python312\Lib\asyncio\trsock.py first seen with mtime 1738656312.0
File C:\Users\user\AppData\Local\Programs\Python\Python312\Lib\importlib\__init__.py first seen with mtime 1738656312.0
File C:\Users\user\AppData\Local\Programs\Python\Python312\Lib\string.py first seen with mtime 1738656312.0
File C:\mypython3\django\Lib\site-packages\django\contrib\admin\decorators.py first seen with mtime 1773145193.4971223
File C:\mypython3\django\Lib\site-packages\django\core\__init__.py first seen with mtime 1773145195.978595
File C:\Users\user\AppData\Local\Programs\Python\Python312\Lib\re\_constants.py first seen with mtime 1738656312.0
File C:\Users\user\AppData\Local\Programs\Python\Python312\Lib\_compression.py first seen with mtime 1738656312.0
File C:\mypython3\django\Lib\site-packages\django\contrib\contenttypes\apps.py first seen with mtime 1773145194.4121568
File C:\Users\user\AppData\Local\Programs\Python\Python312\Lib\encodings\utf_8_sig.py first seen with mtime 1738656312.0
File C:\mypython3\django\Lib\site-packages\django\contrib\messages\storage\base.py first seen with mtime 1773145195.216087
File C:\mypython3\django\Lib\site-packages\django\utils\autoreload.py first seen with mtime 1773145196.2862146
File C:\mypython3\django\Lib\site-packages\django\db\backends\sqlite3\client.py first seen with mtime 1773145196.1084104
File C:\mypython3\django\Scripts\hello_django\hello_django\__init__.py first seen with mtime 1773146754.8790936
File C:\mypython3\django\Lib\site-packages\django\db\models\functions\window.py first seen with mtime 1773145196.15149
File C:\Users\user\AppData\Local\Programs\Python\Python312\Lib\getpass.py first seen with mtime 1738656312.0
File C:\mypython3\django\Lib\site-packages\sqlparse\exceptions.py first seen with mtime 1773145192.8387983
File C:\mypython3\django\Lib\site-packages\django\contrib\sessions\middleware.py first seen with mtime 1773145195.562503
File C:\Users\user\AppData\Local\Programs\Python\Python312\Lib\traceback.py first seen with mtime 1738656314.0
File C:\Users\user\AppData\Local\Programs\Python\Python312\Lib\email\headerregistry.py first seen with mtime 1738656312.0
File C:\mypython3\django\Lib\site-packages\django\template\backends\base.py first seen with mtime 1773145196.256998
File C:\Users\user\AppData\Local\Programs\Python\Python312\Lib\asyncio\constants.py first seen with mtime 1738656312.0
File C:\Users\user\AppData\Local\Programs\Python\Python312\Lib\uuid.py first seen with mtime 1738656314.0
File C:\mypython3\django\Lib\site-packages\django\urls\resolvers.py first seen with mtime 1773145196.2802548
File C:\mypython3\django\Lib\site-packages\django\db\models\functions\json.py first seen with mtime 1773145196.14814
File C:\mypython3\django\Lib\site-packages\django\views\decorators\csrf.py first seen with mtime 1773145196.325538
File C:\Users\user\AppData\Local\Programs\Python\Python312\Lib\asyncio\sslproto.py first seen with mtime 1738656312.0
File C:\Users\user\AppData\Local\Programs\Python\Python312\Lib\ssl.py first seen with mtime 1738656312.0
File C:\mypython3\django\Lib\site-packages\django\template\loaders\cached.py first seen with mtime 1773145196.2619398
File C:\mypython3\django\Lib\site-packages\django\db\migrations\operations\base.py first seen with mtime 1773145196.1241107
File C:\mypython3\django\Lib\site-packages\django\contrib\admin\checks.py first seen with mtime 1773145193.4961762
File C:\mypython3\django\Lib\site-packages\django\template\engine.py first seen with mtime 1773145196.2499743
File C:\mypython3\django\Lib\site-packages\django\contrib\messages\storage\__init__.py first seen with mtime 1773145195.2149706
File C:\Users\user\AppData\Local\Programs\Python\Python312\DLLs\_lzma.pyd first seen with mtime 1738656366.0
File C:\Users\user\AppData\Local\Programs\Python\Python312\Lib\threading.py first seen with mtime 1738656314.0
File C:\Users\user\AppData\Local\Programs\Python\Python312\Lib\warnings.py first seen with mtime 1738656314.0
File C:\mypython3\django\Lib\site-packages\django\core\checks\security\base.py first seen with mtime 1773145196.0020945
File C:\mypython3\django\Lib\site-packages\django\templatetags\tz.py first seen with mtime 1773145196.2678335
File C:\Users\user\AppData\Local\Programs\Python\Python312\Lib\sysconfig.py first seen with mtime 1738656312.0
File C:\Users\user\AppData\Local\Programs\Python\Python312\Lib\ipaddress.py first seen with mtime 1738656312.0
File C:\Users\user\AppData\Local\Programs\Python\Python312\Lib\logging\config.py first seen with mtime 1738656312.0
File C:\Users\user\AppData\Local\Programs\Python\Python312\Lib\keyword.py first seen with mtime 1738656312.0
File C:\mypython3\django\Lib\site-packages\sqlparse\filters\__init__.py first seen with mtime 1773145192.848455
File C:\mypython3\django\Lib\site-packages\django\apps\__init__.py first seen with mtime 1773145193.0633047
File C:\Users\user\AppData\Local\Programs\Python\Python312\Lib\queue.py first seen with mtime 1738656312.0
File C:\mypython3\django\Lib\site-packages\django\utils\translation\reloader.py first seen with mtime 1773145196.3137293
File C:\mypython3\django\Lib\site-packages\django\template\utils.py first seen with mtime 1773145196.2546358
File C:\mypython3\django\Lib\site-packages\django\db\models\deletion.py first seen with mtime 1773145196.130504
File C:\mypython3\django\Lib\site-packages\django\utils\duration.py first seen with mtime 1773145196.2962735
File C:\Users\user\AppData\Local\Programs\Python\Python312\Lib\gzip.py first seen with mtime 1738656312.0
File C:\mypython3\django\Lib\site-packages\django\core\checks\translation.py first seen with mtime 1773145195.999038
File C:\mypython3\django\Lib\site-packages\django\urls\__init__.py first seen with mtime 1773145196.2758312
File C:\Users\user\AppData\Local\Programs\Python\Python312\Lib\email\contentmanager.py first seen with mtime 1738656312.0
File C:\Users\user\AppData\Local\Programs\Python\Python312\Lib\dataclasses.py first seen with mtime 1738656312.0
File C:\mypython3\django\Lib\site-packages\django\core\checks\compatibility\django_4_0.py first seen with mtime 1773145196.0010917
File C:\mypython3\django\Lib\site-packages\django\db\models\sql\where.py first seen with mtime 1773145196.1578827
File C:\Users\user\AppData\Local\Programs\Python\Python312\Lib\hashlib.py first seen with mtime 1738656312.0
File C:\mypython3\django\Lib\site-packages\sqlparse\filters\output.py first seen with mtime 1773145192.8499115
File C:\Users\user\AppData\Local\Programs\Python\Python312\Lib\zoneinfo\_common.py first seen with mtime 1738656314.0
File C:\mypython3\django\Scripts\hello_django\manage.py first seen with mtime 1773146754.8730004
File C:\mypython3\django\Lib\site-packages\django\db\models\constants.py first seen with mtime 1773145196.1291237
File C:\mypython3\django\Lib\site-packages\django\core\files\storage\filesystem.py first seen with mtime 1773145196.011807
File C:\mypython3\django\Lib\site-packages\django\db\backends\sqlite3\base.py first seen with mtime 1773145196.1074038
File C:\mypython3\django\Lib\site-packages\django\http\multipartparser.py first seen with mtime 1773145196.2300172
File C:\mypython3\django\Lib\site-packages\django\urls\exceptions.py first seen with mtime 1773145196.2792509
File C:\Users\user\AppData\Local\Programs\Python\Python312\Lib\textwrap.py first seen with mtime 1738656314.0
File C:\mypython3\django\Lib\site-packages\django\core\checks\commands.py first seen with mtime 1773145195.9946108
File C:\mypython3\django\Lib\site-packages\django\utils\regex_helper.py first seen with mtime 1773145196.306123
File C:\mypython3\django\Lib\site-packages\django\utils\crypto.py first seen with mtime 1773145196.289754
File C:\mypython3\django\Lib\site-packages\django\core\signing.py first seen with mtime 1773145195.9827394
File C:\Users\user\AppData\Local\Programs\Python\Python312\Lib\pathlib.py first seen with mtime 1738656312.0
File C:\mypython3\django\Lib\site-packages\django\utils\decorators.py first seen with mtime 1773145196.2951896
File C:\mypython3\django\Lib\site-packages\django\urls\conf.py first seen with mtime 1773145196.2778685
File C:\Users\user\AppData\Local\Programs\Python\Python312\Lib\fnmatch.py first seen with mtime 1738656312.0
File C:\mypython3\django\Lib\site-packages\django\template\loaders\base.py first seen with mtime 1773145196.2619398
File C:\mypython3\django\Lib\site-packages\django\db\models\functions\comparison.py first seen with mtime 1773145196.14814
File C:\Users\user\AppData\Local\Programs\Python\Python312\Lib\types.py first seen with mtime 1738656314.0
File C:\mypython3\django\Lib\site-packages\django\core\checks\async_checks.py first seen with mtime 1773145195.993607
File C:\mypython3\django\Lib\site-packages\django\db\backends\__init__.py first seen with mtime 1773145196.056584
File C:\Users\user\AppData\Local\Programs\Python\Python312\Lib\_markupbase.py first seen with mtime 1738656312.0
File C:\Users\user\AppData\Local\Programs\Python\Python312\Lib\shutil.py first seen with mtime 1738656312.0
File C:\mypython3\django\Lib\site-packages\django\contrib\messages\apps.py first seen with mtime 1773145195.2114909
File C:\mypython3\django\Lib\site-packages\sqlparse\formatter.py first seen with mtime 1773145192.8398044
File C:\Users\user\AppData\Local\Programs\Python\Python312\DLLs\_socket.pyd first seen with mtime 1738656366.0
File C:\mypython3\django\Lib\site-packages\django\template\response.py first seen with mtime 1773145196.2546358
File C:\Users\user\AppData\Local\Programs\Python\Python312\Lib\email\base64mime.py first seen with mtime 1738656312.0
File C:\mypython3\django\Lib\site-packages\django\core\serializers\base.py first seen with mtime 1773145196.049322
File C:\mypython3\django\Lib\site-packages\django\utils\formats.py first seen with mtime 1773145196.297287
File C:\Users\user\AppData\Local\Programs\Python\Python312\Lib\glob.py first seen with mtime 1738656312.0
File C:\Users\user\AppData\Local\Programs\Python\Python312\Lib\ast.py first seen with mtime 1738656312.0
File C:\mypython3\django\Lib\site-packages\django\views\decorators\common.py first seen with mtime 1773145196.3230605
File C:\mypython3\django\Lib\site-packages\django\core\management\commands\runserver.py first seen with mtime 1773145196.0401168
File C:\Users\user\AppData\Local\Programs\Python\Python312\Lib\zoneinfo\_tzpath.py first seen with mtime 1738656314.0
File C:\mypython3\django\Lib\site-packages\django\utils\html.py first seen with mtime 1773145196.3005579
File C:\Users\user\AppData\Local\Programs\Python\Python312\Lib\email\mime\nonmultipart.py first seen with mtime 1738656312.0
File C:\mypython3\django\Lib\site-packages\django\utils\timezone.py first seen with mtime 1773145196.3096595
File C:\Users\user\AppData\Local\Programs\Python\Python312\DLLs\_wmi.pyd first seen with mtime 1738656366.0
File C:\Users\user\AppData\Local\Programs\Python\Python312\DLLs\_hashlib.pyd first seen with mtime 1738656366.0
File C:\mypython3\django\Lib\site-packages\django\db\models\sql\subqueries.py first seen with mtime 1773145196.15688
File C:\Users\user\AppData\Local\Programs\Python\Python312\Lib\asyncio\futures.py first seen with mtime 1738656312.0
File C:\mypython3\django\Lib\site-packages\django\shortcuts.py first seen with mtime 1773145193.0633047
File C:\Users\user\AppData\Local\Programs\Python\Python312\Lib\asyncio\protocols.py first seen with mtime 1738656312.0
File C:\mypython3\django\Lib\site-packages\django\forms\boundfield.py first seen with mtime 1773145196.1608996
File C:\mypython3\django\Lib\site-packages\django\db\models\sql\__init__.py first seen with mtime 1773145196.152493
File C:\mypython3\django\Lib\site-packages\django\db\models\options.py first seen with mtime 1773145196.1347816
File C:\Users\user\AppData\Local\Programs\Python\Python312\Lib\http\__init__.py first seen with mtime 1738656312.0
File C:\mypython3\django\Lib\site-packages\django\db\models\constraints.py first seen with mtime 1773145196.130504
File C:\mypython3\django\Lib\site-packages\django\views\debug.py first seen with mtime 1773145196.3185208
File C:\Users\user\AppData\Local\Programs\Python\Python312\Lib\dis.py first seen with mtime 1738656312.0
File C:\mypython3\django\Lib\site-packages\django\views\decorators\cache.py first seen with mtime 1773145196.3217947
File C:\mypython3\django\Lib\site-packages\django\middleware\__init__.py first seen with mtime 1773145196.2320373
File C:\mypython3\django\Lib\site-packages\django\contrib\admin\widgets.py first seen with mtime 1773145193.5056791
File C:\mypython3\django\Lib\site-packages\django\db\models\fields\related.py first seen with mtime 1773145196.143908
File C:\mypython3\django\Lib\site-packages\django\core\files\storage\__init__.py first seen with mtime 1773145196.0107872
File C:\mypython3\django\Lib\site-packages\django\http\__init__.py first seen with mtime 1773145196.2290022
File C:\mypython3\django\Lib\site-packages\django\core\checks\security\sessions.py first seen with mtime 1773145196.0041006
File C:\Users\user\AppData\Local\Programs\Python\Python312\Lib\email\feedparser.py first seen with mtime 1738656312.0
File C:\mypython3\django\Lib\site-packages\django\db\models\fields\mixins.py first seen with mtime 1773145196.141822
File C:\mypython3\django\Lib\site-packages\django\contrib\admin\actions.py first seen with mtime 1773145193.4940405
File C:\mypython3\django\Lib\site-packages\django\contrib\admin\options.py first seen with mtime 1773145193.5018322
File C:\mypython3\django\Lib\site-packages\django\db\migrations\__init__.py first seen with mtime 1773145196.1140866
File C:\Users\user\AppData\Local\Programs\Python\Python312\Lib\urllib\response.py first seen with mtime 1738656314.0
File C:\Users\user\AppData\Local\Programs\Python\Python312\Lib\ctypes\__init__.py first seen with mtime 1738656312.0
File C:\mypython3\django\Lib\site-packages\django\views\generic\base.py first seen with mtime 1773145196.3288577
File C:\mypython3\django\Lib\site-packages\_virtualenv.py first seen with mtime 1773145102.794879
File C:\mypython3\django\Lib\site-packages\django\utils\translation\trans_real.py first seen with mtime 1773145196.3164568
File C:\Users\user\AppData\Local\Programs\Python\Python312\DLLs\_zoneinfo.pyd first seen with mtime 1738656366.0
File C:\mypython3\django\Lib\site-packages\django\conf\locale\__init__.py first seen with mtime 1773145193.0745852
File C:\mypython3\django\Lib\site-packages\django\contrib\auth\admin.py first seen with mtime 1773145194.2009065
File C:\mypython3\django\Lib\site-packages\django\db\backends\base\features.py first seen with mtime 1773145196.0615973
File C:\Users\user\AppData\Local\Programs\Python\Python312\Lib\urllib\__init__.py first seen with mtime 1738656314.0
File C:\mypython3\django\Lib\site-packages\django\utils\text.py first seen with mtime 1773145196.308205
File C:\mypython3\django\Lib\site-packages\django\db\backends\sqlite3\features.py first seen with mtime 1773145196.1094236
File C:\mypython3\django\Lib\site-packages\django\views\decorators\__init__.py first seen with mtime 1773145196.3217947
File C:\Users\user\AppData\Local\Programs\Python\Python312\Lib\concurrent\futures\thread.py first seen with mtime 1738656312.0
File C:\Users\user\AppData\Local\Programs\Python\Python312\Lib\encodings\utf_8.py first seen with mtime 1738656312.0
File C:\mypython3\django\Lib\site-packages\django\contrib\staticfiles\utils.py first seen with mtime 1773145195.9714255
File C:\mypython3\django\Lib\site-packages\django\contrib\admin\helpers.py first seen with mtime 1773145193.4997232
File C:\mypython3\django\Lib\site-packages\django\core\management\base.py first seen with mtime 1773145196.0260246
File C:\mypython3\django\Lib\site-packages\django\core\servers\__init__.py first seen with mtime 1773145196.053576
File C:\Users\user\AppData\Local\Programs\Python\Python312\Lib\html\parser.py first seen with mtime 1738656312.0
File C:\mypython3\django\Lib\site-packages\django\core\mail\message.py first seen with mtime 1773145196.0191846
File C:\mypython3\django\Lib\site-packages\django\core\cache\backends\__init__.py first seen with mtime 1773145195.9857483
File C:\mypython3\django\Lib\site-packages\django\contrib\contenttypes\checks.py first seen with mtime 1773145194.4121568
File C:\mypython3\django\Lib\site-packages\django\contrib\admin\views\__init__.py first seen with mtime 1773145193.999184
File C:\mypython3\django\Lib\site-packages\django\contrib\sessions\apps.py first seen with mtime 1773145195.5604944
File C:\mypython3\django\Lib\site-packages\django\db\backends\base\__init__.py first seen with mtime 1773145196.0595918
File C:\mypython3\django\Lib\site-packages\django\forms\__init__.py first seen with mtime 1773145196.1608996
File C:\Users\user\AppData\Local\Programs\Python\Python312\Lib\heapq.py first seen with mtime 1738656312.0
File C:\Users\user\AppData\Local\Programs\Python\Python312\DLLs\_queue.pyd first seen with mtime 1738656366.0
File C:\mypython3\django\Lib\site-packages\django\core\files\storage\mixins.py first seen with mtime 1773145196.0138185
File C:\Users\user\AppData\Local\Programs\Python\Python312\Lib\asyncio\mixins.py first seen with mtime 1738656312.0
File C:\mypython3\django\Scripts\hello_django\myhello\models.py first seen with mtime 1773209089.9959147
File C:\mypython3\django\Lib\site-packages\django\utils\log.py first seen with mtime 1773145196.3038268
File C:\Users\user\AppData\Local\Programs\Python\Python312\Lib\base64.py first seen with mtime 1738656312.0
File C:\Users\user\AppData\Local\Programs\Python\Python312\Lib\__future__.py first seen with mtime 1738656312.0
File C:\mypython3\django\Lib\site-packages\django\contrib\auth\management\__init__.py first seen with mtime 1773145194.3959832
File C:\Users\user\AppData\Local\Programs\Python\Python312\DLLs\_sqlite3.pyd first seen with mtime 1738656366.0
File C:\mypython3\django\Lib\site-packages\django\core\validators.py first seen with mtime 1773145195.9827394
File C:\Users\user\AppData\Local\Programs\Python\Python312\Lib\numbers.py first seen with mtime 1738656312.0
File C:\mypython3\django\Lib\site-packages\django\contrib\auth\decorators.py first seen with mtime 1773145194.2058501
File C:\mypython3\django\Lib\site-packages\django\contrib\staticfiles\management\__init__.py first seen with mtime 1773145195.972909
File C:\mypython3\django\Lib\site-packages\asgiref\current_thread_executor.py first seen with mtime 1773145192.9433763
File C:\Users\user\AppData\Local\Programs\Python\Python312\Lib\urllib\request.py first seen with mtime 1738656314.0
File C:\Users\user\AppData\Local\Programs\Python\Python312\Lib\tokenize.py first seen with mtime 1738656314.0
File C:\Users\user\AppData\Local\Programs\Python\Python312\Lib\asyncio\locks.py first seen with mtime 1738656312.0
File C:\mypython3\django\Lib\site-packages\django\db\models\functions\datetime.py first seen with mtime 1773145196.14814
File C:\mypython3\django\Lib\site-packages\django\core\files\storage\base.py first seen with mtime 1773145196.0107872
File C:\mypython3\django\Lib\site-packages\django\template\loader.py first seen with mtime 1773145196.252318
File C:\mypython3\django\Lib\site-packages\django\db\backends\base\schema.py first seen with mtime 1773145196.0646853
File C:\mypython3\django\Lib\site-packages\django\contrib\auth\backends.py first seen with mtime 1773145194.202163
File C:\mypython3\django\Lib\site-packages\django\http\response.py first seen with mtime 1773145196.2320373
File C:\mypython3\django\Lib\site-packages\django\template\loaders\app_directories.py first seen with mtime 1773145196.2604578
File C:\Users\user\AppData\Local\Programs\Python\Python312\Lib\hmac.py first seen with mtime 1738656312.0
File C:\mypython3\django\Lib\site-packages\django\core\serializers\python.py first seen with mtime 1773145196.051571
File C:\mypython3\django\Lib\site-packages\django\templatetags\__init__.py first seen with mtime 1773145196.2641056
File C:\Users\user\AppData\Local\Programs\Python\Python312\Lib\email\__init__.py first seen with mtime 1738656312.0
File C:\mypython3\django\Lib\site-packages\django\views\generic\dates.py first seen with mtime 1773145196.3303373
File C:\Users\user\AppData\Local\Programs\Python\Python312\Lib\locale.py first seen with mtime 1738656312.0
File C:\Users\user\AppData\Local\Programs\Python\Python312\DLLs\_decimal.pyd first seen with mtime 1738656366.0
File C:\mypython3\django\Lib\site-packages\django\core\files\uploadedfile.py first seen with mtime 1773145196.0081103
File C:\mypython3\django\Lib\site-packages\django\template\context.py first seen with mtime 1773145196.247962
File C:\mypython3\django\Lib\site-packages\django\views\generic\detail.py first seen with mtime 1773145196.3303373
File C:\mypython3\django\Lib\site-packages\django\templatetags\static.py first seen with mtime 1773145196.2664125
File C:\Users\user\AppData\Local\Programs\Python\Python312\Lib\concurrent\futures\__init__.py first seen with mtime 1738656312.0
File C:\mypython3\django\Lib\site-packages\django\db\migrations\operations\fields.py first seen with mtime 1773145196.125113
File C:\mypython3\django\Lib\site-packages\django\db\models\fields\files.py first seen with mtime 1773145196.1398132
File C:\mypython3\django\Lib\site-packages\django\contrib\admin\sites.py first seen with mtime 1773145193.5029588
File C:\Users\user\AppData\Local\Programs\Python\Python312\Lib\typing.py first seen with mtime 1738656314.0
File C:\mypython3\django\Lib\site-packages\django\views\__init__.py first seen with mtime 1773145196.31751
File C:\Users\user\AppData\Local\Programs\Python\Python312\Lib\asyncio\selector_events.py first seen with mtime 1738656312.0
File C:\Users\user\AppData\Local\Programs\Python\Python312\Lib\asyncio\exceptions.py first seen with mtime 1738656312.0
File C:\mypython3\django\Lib\site-packages\django\contrib\staticfiles\__init__.py first seen with mtime 1773145195.966913
File C:\mypython3\django\Lib\site-packages\sqlparse\engine\statement_splitter.py first seen with mtime 1773145192.8474536
File C:\mypython3\django\Lib\site-packages\django\utils\dateformat.py first seen with mtime 1773145196.2914486
File C:\mypython3\django\Lib\site-packages\django\utils\copy.py first seen with mtime 1773145196.2887466
File C:\mypython3\django\Lib\site-packages\django\utils\connection.py first seen with mtime 1773145196.2887466
File C:\mypython3\django\Lib\site-packages\django\utils\encoding.py first seen with mtime 1773145196.2962735
File C:\mypython3\django\Lib\site-packages\sqlparse\keywords.py first seen with mtime 1773145192.8408105
File C:\mypython3\django\Lib\site-packages\django\core\files\storage\handler.py first seen with mtime 1773145196.0128129
File C:\mypython3\django\Lib\site-packages\django\contrib\contenttypes\models.py first seen with mtime 1773145194.414056
File C:\mypython3\django\Lib\site-packages\django\contrib\admin\views\main.py first seen with mtime 1773145194.0013695
File C:\mypython3\django\Lib\site-packages\django\db\models\indexes.py first seen with mtime 1773145196.132712
File C:\mypython3\django\Lib\site-packages\django\db\backends\base\operations.py first seen with mtime 1773145196.0636237
File C:\mypython3\django\Lib\site-packages\django\utils\deprecation.py first seen with mtime 1773145196.2951896
File C:\Users\user\AppData\Local\Programs\Python\Python312\Lib\wsgiref\headers.py first seen with mtime 1738656314.0
File C:\mypython3\django\Lib\site-packages\django\core\handlers\wsgi.py first seen with mtime 1773145196.0171359
File C:\mypython3\django\Lib\site-packages\django\contrib\sessions\__init__.py first seen with mtime 1773145195.5604944
File C:\Users\user\AppData\Local\Programs\Python\Python312\Lib\opcode.py first seen with mtime 1738656312.0
File C:\mypython3\django\Lib\site-packages\django\core\files\move.py first seen with mtime 1773145196.0071077
File C:\mypython3\django\Lib\site-packages\django\utils\ipv6.py first seen with mtime 1773145196.3027143
File C:\Users\user\AppData\Local\Programs\Python\Python312\Lib\encodings\__init__.py first seen with mtime 1738656312.0
File C:\mypython3\django\Lib\site-packages\django\contrib\admin\templatetags\admin_modify.py first seen with mtime 1773145193.9964445
File C:\mypython3\django\Lib\site-packages\django\contrib\auth\signals.py first seen with mtime 1773145194.2097628
File C:\mypython3\django\Lib\site-packages\django\db\models\sql\query.py first seen with mtime 1773145196.1555007
File C:\Users\user\AppData\Local\Programs\Python\Python312\Lib\email\parser.py first seen with mtime 1738656312.0
File C:\Users\user\AppData\Local\Programs\Python\Python312\Lib\email\_policybase.py first seen with mtime 1738656312.0
File C:\mypython3\django\Lib\site-packages\django\views\static.py first seen with mtime 1773145196.3207896
File C:\mypython3\django\Lib\site-packages\django\apps\registry.py first seen with mtime 1773145193.0654418
File C:\mypython3\django\Lib\site-packages\django\core\handlers\asgi.py first seen with mtime 1773145196.0159414
File C:\Users\user\AppData\Local\Programs\Python\Python312\Lib\email\mime\multipart.py first seen with mtime 1738656312.0
File C:\mypython3\django\Lib\site-packages\django\core\files\storage\memory.py first seen with mtime 1773145196.0128129
File C:\mypython3\django\Lib\site-packages\django\views\defaults.py first seen with mtime 1773145196.3195925
File C:\mypython3\django\Lib\site-packages\django\core\serializers\__init__.py first seen with mtime 1773145196.049322
File C:\mypython3\django\Lib\site-packages\django\db\models\fields\generated.py first seen with mtime 1773145196.1398132
File C:\mypython3\django\Lib\site-packages\django\middleware\common.py first seen with mtime 1773145196.2340477
File C:\mypython3\django\Lib\site-packages\django\contrib\messages\middleware.py first seen with mtime 1773145195.212948
File C:\mypython3\django\Lib\site-packages\django\middleware\clickjacking.py first seen with mtime 1773145196.2330432
Watching for file changes with StatReloader
Waiting for apps ready_event.
Apps ready_event triggered. Sending autoreload_started signal.
Watching dir C:\mypython3\django\Scripts\hello_django\locale with glob **/*.mo.
Watching dir C:\mypython3\django\Scripts\hello_django\myhello\locale with glob **/*.mo.
File C:\mypython3\django\Lib\site-packages\sqlparse\formatter.py first seen with mtime 1773145192.8398044
File C:\Users\user\AppData\Local\Programs\Python\Python312\Lib\asyncio\transports.py first seen with mtime 1738656312.0
File C:\Users\user\AppData\Local\Programs\Python\Python312\Lib\asyncio\tasks.py first seen with mtime 1738656312.0
File C:\Users\user\AppData\Local\Programs\Python\Python312\Lib\concurrent\futures\_base.py first seen with mtime 1738656312.0
File C:\Users\user\AppData\Local\Programs\Python\Python312\DLLs\_ctypes.pyd first seen with mtime 1738656366.0
File C:\mypython3\django\Lib\site-packages\asgiref\__init__.py first seen with mtime 1773145192.9425004
File C:\mypython3\django\Lib\site-packages\django\contrib\auth\decorators.py first seen with mtime 1773145194.2058501
File C:\mypython3\django\Lib\site-packages\sqlparse\lexer.py first seen with mtime 1773145192.8408105
File C:\Users\user\AppData\Local\Programs\Python\Python312\Lib\encodings\utf_8_sig.py first seen with mtime 1738656312.0
File C:\mypython3\django\Scripts\hello_django\manage.py first seen with mtime 1773146754.8730004
File C:\mypython3\django\Lib\site-packages\django\apps\__init__.py first seen with mtime 1773145193.0633047
File C:\Users\user\AppData\Local\Programs\Python\Python312\Lib\zoneinfo\__init__.py first seen with mtime 1738656314.0
File C:\mypython3\django\Lib\site-packages\django\db\migrations\operations\__init__.py first seen with mtime 1773145196.1231077
File C:\Users\user\AppData\Local\Programs\Python\Python312\DLLs\_socket.pyd first seen with mtime 1738656366.0
File C:\mypython3\django\Lib\site-packages\django\views\i18n.py first seen with mtime 1773145196.3195925
File C:\mypython3\django\Lib\site-packages\django\utils\hashable.py first seen with mtime 1773145196.2994263
File C:\Users\user\AppData\Local\Programs\Python\Python312\Lib\ipaddress.py first seen with mtime 1738656312.0
File C:\mypython3\django\Lib\site-packages\django\contrib\admin\views\main.py first seen with mtime 1773145194.0013695
File C:\mypython3\django\Lib\site-packages\django\contrib\auth\templatetags\__init__.py first seen with mtime 1773145194.4091442
File C:\mypython3\django\Lib\site-packages\django\contrib\contenttypes\admin.py first seen with mtime 1773145194.411154
File C:\Users\user\AppData\Local\Programs\Python\Python312\Lib\logging\__init__.py first seen with mtime 1738656312.0
File C:\mypython3\django\Lib\site-packages\django\template\smartif.py first seen with mtime 1773145196.2546358
File C:\mypython3\django\Lib\site-packages\django\db\migrations\migration.py first seen with mtime 1773145196.1180944
File C:\mypython3\django\Lib\site-packages\django\db\models\constants.py first seen with mtime 1773145196.1291237
File C:\mypython3\django\Scripts\hello_django\myhello\models.py first seen with mtime 1773209089.9959147
File C:\Users\user\AppData\Local\Programs\Python\Python312\Lib\asyncio\windows_events.py first seen with mtime 1738656312.0
File C:\mypython3\django\Lib\site-packages\django\shortcuts.py first seen with mtime 1773145193.0633047
File C:\mypython3\django\Lib\site-packages\django\contrib\auth\views.py first seen with mtime 1773145194.212838
File C:\Users\user\AppData\Local\Programs\Python\Python312\Lib\sysconfig.py first seen with mtime 1738656312.0
File C:\mypython3\django\Lib\site-packages\django\contrib\staticfiles\finders.py first seen with mtime 1773145195.9689355
File C:\mypython3\django\Lib\site-packages\django\db\models\fields\related_lookups.py first seen with mtime 1773145196.1449113
File C:\Users\user\AppData\Local\Programs\Python\Python312\Lib\mimetypes.py first seen with mtime 1738656312.0
File C:\mypython3\django\Lib\site-packages\django\db\backends\base\introspection.py first seen with mtime 1773145196.0626051
File C:\Users\user\AppData\Local\Programs\Python\Python312\Lib\asyncio\timeouts.py first seen with mtime 1738656312.0
File C:\mypython3\django\Lib\site-packages\django\db\backends\sqlite3\_functions.py first seen with mtime 1773145196.1074038
File C:\Users\user\AppData\Local\Programs\Python\Python312\Lib\re\_casefix.py first seen with mtime 1738656312.0
File C:\mypython3\django\Lib\site-packages\django\core\mail\utils.py first seen with mtime 1773145196.0191846
File C:\Users\user\AppData\Local\Programs\Python\Python312\Lib\hmac.py first seen with mtime 1738656312.0
File C:\mypython3\django\Lib\site-packages\django\core\handlers\__init__.py first seen with mtime 1773145196.0148456
File C:\mypython3\django\Lib\site-packages\django\db\backends\base\base.py first seen with mtime 1773145196.0595918
File C:\mypython3\django\Lib\site-packages\django\__init__.py first seen with mtime 1773145193.0611882
File C:\mypython3\django\Lib\site-packages\django\db\models\fields\__init__.py first seen with mtime 1773145196.1388083
File C:\mypython3\django\Lib\site-packages\django\core\checks\commands.py first seen with mtime 1773145195.9946108
File C:\mypython3\django\Lib\site-packages\django\db\transaction.py first seen with mtime 1773145196.0555813
File C:\Users\user\AppData\Local\Programs\Python\Python312\DLLs\_zoneinfo.pyd first seen with mtime 1738656366.0
File C:\mypython3\django\Lib\site-packages\django\forms\formsets.py first seen with mtime 1773145196.1629066
File C:\Users\user\AppData\Local\Programs\Python\Python312\Lib\quopri.py first seen with mtime 1738656312.0
File C:\mypython3\django\Lib\site-packages\django\core\serializers\json.py first seen with mtime 1773145196.0503986
File C:\mypython3\django\Lib\site-packages\django\db\backends\base\__init__.py first seen with mtime 1773145196.0595918
File C:\Users\user\AppData\Local\Programs\Python\Python312\Lib\email\charset.py first seen with mtime 1738656312.0
File C:\Users\user\AppData\Local\Programs\Python\Python312\Lib\secrets.py first seen with mtime 1738656312.0
File C:\Users\user\AppData\Local\Programs\Python\Python312\Lib\struct.py first seen with mtime 1738656312.0
File C:\mypython3\django\Lib\site-packages\django\db\backends\sqlite3\base.py first seen with mtime 1773145196.1074038
File C:\Users\user\AppData\Local\Programs\Python\Python312\Lib\enum.py first seen with mtime 1738656312.0
File C:\Users\user\AppData\Local\Programs\Python\Python312\Lib\asyncio\coroutines.py first seen with mtime 1738656312.0
File C:\Users\user\AppData\Local\Programs\Python\Python312\Lib\nturl2path.py first seen with mtime 1738656312.0
File C:\mypython3\django\Scripts\hello_django\hello_django\urls.py first seen with mtime 1773210014.6663246
File C:\mypython3\django\Lib\site-packages\django\contrib\admin\apps.py first seen with mtime 1773145193.4951673
File C:\mypython3\django\Lib\site-packages\django\contrib\admin\utils.py first seen with mtime 1773145193.5046785
File C:\mypython3\django\Lib\site-packages\django\views\static.py first seen with mtime 1773145196.3207896
File C:\mypython3\django\Lib\site-packages\django\db\models\fields\composite.py first seen with mtime 1773145196.1388083
File C:\mypython3\django\Lib\site-packages\django\db\backends\__init__.py first seen with mtime 1773145196.056584
File C:\mypython3\django\Lib\site-packages\django\utils\cache.py first seen with mtime 1773145196.2874978
File C:\Users\user\AppData\Local\Programs\Python\Python312\Lib\asyncio\base_tasks.py first seen with mtime 1738656312.0
File C:\Users\user\AppData\Local\Programs\Python\Python312\Lib\calendar.py first seen with mtime 1738656312.0
File C:\Users\user\AppData\Local\Programs\Python\Python312\Lib\typing.py first seen with mtime 1738656314.0
File C:\Users\user\AppData\Local\Programs\Python\Python312\Lib\asyncio\exceptions.py first seen with mtime 1738656312.0
File C:\Users\user\AppData\Local\Programs\Python\Python312\Lib\asyncio\taskgroups.py first seen with mtime 1738656312.0
File C:\Users\user\AppData\Local\Programs\Python\Python312\Lib\logging\handlers.py first seen with mtime 1738656312.0
File C:\mypython3\django\Lib\site-packages\django\db\backends\base\features.py first seen with mtime 1773145196.0615973
File C:\Users\user\AppData\Local\Programs\Python\Python312\DLLs\_hashlib.pyd first seen with mtime 1738656366.0
File C:\mypython3\django\Lib\site-packages\django\utils\connection.py first seen with mtime 1773145196.2887466
File C:\mypython3\django\Lib\site-packages\django\utils\deconstruct.py first seen with mtime 1773145196.2939546
File C:\Users\user\AppData\Local\Programs\Python\Python312\DLLs\_lzma.pyd first seen with mtime 1738656366.0
File C:\mypython3\django\Lib\site-packages\django\views\decorators\common.py first seen with mtime 1773145196.3230605
File C:\Users\user\AppData\Local\Programs\Python\Python312\Lib\dataclasses.py first seen with mtime 1738656312.0
File C:\mypython3\django\Lib\site-packages\asgiref\local.py first seen with mtime 1773145192.9444926
File C:\mypython3\django\Lib\site-packages\django\template\loaders\base.py first seen with mtime 1773145196.2619398
File C:\mypython3\django\Lib\site-packages\django\conf\urls\__init__.py first seen with mtime 1773145193.4895015
File C:\mypython3\django\Lib\site-packages\django\core\handlers\base.py first seen with mtime 1773145196.0159414
File C:\Users\user\AppData\Local\Programs\Python\Python312\Lib\shutil.py first seen with mtime 1738656312.0
File C:\mypython3\django\Lib\site-packages\django\core\checks\caches.py first seen with mtime 1773145195.993607
File C:\mypython3\django\Lib\site-packages\django\views\decorators\__init__.py first seen with mtime 1773145196.3217947
File C:\mypython3\django\Lib\site-packages\django\db\models\functions\datetime.py first seen with mtime 1773145196.14814
File C:\mypython3\django\Lib\site-packages\django\dispatch\__init__.py first seen with mtime 1773145196.1578827
File C:\mypython3\django\Lib\site-packages\django\db\models\expressions.py first seen with mtime 1773145196.1317077
File C:\Users\user\AppData\Local\Programs\Python\Python312\Lib\http\server.py first seen with mtime 1738656312.0
File C:\Users\user\AppData\Local\Programs\Python\Python312\Lib\json\__init__.py first seen with mtime 1738656312.0
File C:\mypython3\django\Lib\site-packages\django\conf\locale\__init__.py first seen with mtime 1773145193.0745852
File C:\Users\user\AppData\Local\Programs\Python\Python312\Lib\email\mime\__init__.py first seen with mtime 1738656312.0
File C:\mypython3\django\Lib\site-packages\sqlparse\filters\reindent.py first seen with mtime 1773145192.8509643
File C:\mypython3\django\Lib\site-packages\django\contrib\auth\apps.py first seen with mtime 1773145194.202163
File C:\mypython3\django\Lib\site-packages\django\utils\http.py first seen with mtime 1773145196.3016546
File C:\mypython3\django\Lib\site-packages\django\views\generic\detail.py first seen with mtime 1773145196.3303373
File C:\Users\user\AppData\Local\Programs\Python\Python312\Lib\glob.py first seen with mtime 1738656312.0
File C:\Users\user\AppData\Local\Programs\Python\Python312\Lib\uuid.py first seen with mtime 1738656314.0
File C:\mypython3\django\Scripts\hello_django\myhello\urls.py first seen with mtime 1773209482.785228
File C:\mypython3\django\Lib\site-packages\django\contrib\staticfiles\handlers.py first seen with mtime 1773145195.9689355
File C:\Users\user\AppData\Local\Programs\Python\Python312\Lib\json\scanner.py first seen with mtime 1738656312.0
File C:\mypython3\django\Lib\site-packages\django\contrib\contenttypes\fields.py first seen with mtime 1773145194.4131591
File C:\mypython3\django\Lib\site-packages\django\db\migrations\utils.py first seen with mtime 1773145196.1221051
File C:\Users\user\AppData\Local\Programs\Python\Python312\Lib\email\mime\text.py first seen with mtime 1738656312.0
File C:\Users\user\AppData\Local\Programs\Python\Python312\Lib\html\entities.py first seen with mtime 1738656312.0
File C:\mypython3\django\Lib\site-packages\sqlparse\engine\grouping.py first seen with mtime 1773145192.8464475
File C:\Users\user\AppData\Local\Programs\Python\Python312\Lib\_markupbase.py first seen with mtime 1738656312.0
File C:\Users\user\AppData\Local\Programs\Python\Python312\Lib\email\_encoded_words.py first seen with mtime 1738656312.0
File C:\mypython3\django\Lib\site-packages\django\db\models\base.py first seen with mtime 1773145196.128121
File C:\Users\user\AppData\Local\Programs\Python\Python312\DLLs\_ssl.pyd first seen with mtime 1738656366.0
File C:\Users\user\AppData\Local\Programs\Python\Python312\Lib\html\parser.py first seen with mtime 1738656312.0
File C:\mypython3\django\Lib\site-packages\django\views\generic\edit.py first seen with mtime 1773145196.3316674
File C:\Users\user\AppData\Local\Programs\Python\Python312\Lib\signal.py first seen with mtime 1738656312.0
File C:\mypython3\django\Lib\site-packages\django\core\management\base.py first seen with mtime 1773145196.0260246
File C:\mypython3\django\Lib\site-packages\django\contrib\contenttypes\management\__init__.py first seen with mtime 1773145194.610613
File C:\Users\user\AppData\Local\Programs\Python\Python312\Lib\email\mime\message.py first seen with mtime 1738656312.0
File C:\mypython3\django\Lib\site-packages\django\contrib\messages\storage\base.py first seen with mtime 1773145195.216087
File C:\mypython3\django\Lib\site-packages\django\template\utils.py first seen with mtime 1773145196.2546358
File C:\mypython3\django\Lib\site-packages\django\contrib\auth\hashers.py first seen with mtime 1773145194.207342
File C:\mypython3\django\Lib\site-packages\django\db\backends\sqlite3\__init__.py first seen with mtime 1773145196.1062877
File C:\Users\user\AppData\Local\Programs\Python\Python312\Lib\urllib\response.py first seen with mtime 1738656314.0
File C:\mypython3\django\Lib\site-packages\django\contrib\admin\helpers.py first seen with mtime 1773145193.4997232
File C:\mypython3\django\Lib\site-packages\django\contrib\admin\templatetags\base.py first seen with mtime 1773145193.9981663
File C:\Users\user\AppData\Local\Programs\Python\Python312\Lib\socketserver.py first seen with mtime 1738656312.0
File C:\Users\user\AppData\Local\Programs\Python\Python312\Lib\pprint.py first seen with mtime 1738656312.0
File C:\mypython3\django\Lib\site-packages\django\contrib\auth\backends.py first seen with mtime 1773145194.202163
File C:\mypython3\django\Lib\site-packages\django\core\files\storage\__init__.py first seen with mtime 1773145196.0107872
File C:\mypython3\django\Lib\site-packages\django\contrib\auth\checks.py first seen with mtime 1773145194.2036693
File C:\mypython3\django\Lib\site-packages\django\core\files\uploadedfile.py first seen with mtime 1773145196.0081103
File C:\mypython3\django\Lib\site-packages\django\templatetags\i18n.py first seen with mtime 1773145196.2654092
File C:\mypython3\django\Lib\site-packages\django\db\backends\base\client.py first seen with mtime 1773145196.0605943
File C:\mypython3\django\Scripts\hello_django\myhello\__init__.py first seen with mtime 1773209089.9994023
File C:\mypython3\django\Lib\site-packages\django\apps\registry.py first seen with mtime 1773145193.0654418
File C:\Users\user\AppData\Local\Programs\Python\Python312\Lib\__future__.py first seen with mtime 1738656312.0
File C:\Users\user\AppData\Local\Programs\Python\Python312\Lib\threading.py first seen with mtime 1738656314.0
File C:\mypython3\django\Lib\site-packages\django\contrib\messages\apps.py first seen with mtime 1773145195.2114909
File C:\mypython3\django\Lib\site-packages\django\db\backends\sqlite3\features.py first seen with mtime 1773145196.1094236
File C:\Users\user\AppData\Local\Programs\Python\Python312\DLLs\_wmi.pyd first seen with mtime 1738656366.0
File C:\mypython3\django\Lib\site-packages\django\http\multipartparser.py first seen with mtime 1773145196.2300172
File C:\mypython3\django\Lib\site-packages\django\views\debug.py first seen with mtime 1773145196.3185208
File C:\Users\user\AppData\Local\Programs\Python\Python312\Lib\multiprocessing\process.py first seen with mtime 1738656312.0
File C:\Users\user\AppData\Local\Programs\Python\Python312\Lib\fnmatch.py first seen with mtime 1738656312.0
File C:\mypython3\django\Lib\site-packages\django\template\backends\__init__.py first seen with mtime 1773145196.2559953
File C:\Users\user\AppData\Local\Programs\Python\Python312\Lib\functools.py first seen with mtime 1738656312.0
File C:\mypython3\django\Lib\site-packages\django\contrib\admin\filters.py first seen with mtime 1773145193.498147
File C:\Users\user\AppData\Local\Programs\Python\Python312\Lib\asyncio\constants.py first seen with mtime 1738656312.0
File C:\mypython3\django\Lib\site-packages\django\db\models\sql\constants.py first seen with mtime 1773145196.1544979
File C:\mypython3\django\Lib\site-packages\django\contrib\auth\middleware.py first seen with mtime 1773145194.207342
File C:\Users\user\AppData\Local\Programs\Python\Python312\Lib\asyncio\__init__.py first seen with mtime 1738656312.0
File C:\mypython3\django\Lib\site-packages\sqlparse\exceptions.py first seen with mtime 1773145192.8387983
File C:\mypython3\django\Lib\site-packages\django\template\loader_tags.py first seen with mtime 1773145196.2536273
File C:\mypython3\django\Lib\site-packages\django\views\decorators\csp.py first seen with mtime 1773145196.3242855
File C:\Users\user\AppData\Local\Programs\Python\Python312\Lib\numbers.py first seen with mtime 1738656312.0
File C:\mypython3\django\Lib\site-packages\django\contrib\sessions\__init__.py first seen with mtime 1773145195.5604944
File C:\Users\user\AppData\Local\Programs\Python\Python312\Lib\tempfile.py first seen with mtime 1738656312.0
File C:\Users\user\AppData\Local\Programs\Python\Python312\Lib\concurrent\__init__.py first seen with mtime 1738656312.0
File C:\mypython3\django\Lib\site-packages\django\db\models\sql\__init__.py first seen with mtime 1773145196.152493
File C:\mypython3\django\Lib\site-packages\django\db\models\indexes.py first seen with mtime 1773145196.132712
File C:\mypython3\django\Lib\site-packages\django\db\backends\sqlite3\operations.py first seen with mtime 1773145196.110429
File C:\mypython3\django\Lib\site-packages\django\db\models\fields\mixins.py first seen with mtime 1773145196.141822
File C:\mypython3\django\Lib\site-packages\django\core\cache\utils.py first seen with mtime 1773145195.9857483
File C:\mypython3\django\Lib\site-packages\django\utils\duration.py first seen with mtime 1773145196.2962735
File C:\Users\user\AppData\Local\Programs\Python\Python312\Lib\encodings\aliases.py first seen with mtime 1738656312.0
File C:\Users\user\AppData\Local\Programs\Python\Python312\Lib\re\_compiler.py first seen with mtime 1738656312.0
File C:\Users\user\AppData\Local\Programs\Python\Python312\Lib\importlib\__init__.py first seen with mtime 1738656312.0
File C:\Users\user\AppData\Local\Programs\Python\Python312\Lib\encodings\utf_8.py first seen with mtime 1738656312.0
File C:\mypython3\django\Lib\site-packages\django\contrib\admin\templatetags\__init__.py first seen with mtime 1773145193.9942608
File C:\mypython3\django\Lib\site-packages\django\core\checks\security\sessions.py first seen with mtime 1773145196.0041006
File C:\mypython3\django\Lib\site-packages\django\templatetags\__init__.py first seen with mtime 1773145196.2641056
File C:\mypython3\django\Lib\site-packages\django\utils\functional.py first seen with mtime 1773145196.2984064
File C:\mypython3\django\Lib\site-packages\django\contrib\auth\validators.py first seen with mtime 1773145194.211765
File C:\Users\user\AppData\Local\Programs\Python\Python312\Lib\wsgiref\simple_server.py first seen with mtime 1738656314.0
File C:\mypython3\django\Lib\site-packages\django\core\handlers\asgi.py first seen with mtime 1773145196.0159414
File C:\mypython3\django\Lib\site-packages\django\utils\version.py first seen with mtime 1773145196.3117063
File C:\Users\user\AppData\Local\Programs\Python\Python312\Lib\locale.py first seen with mtime 1738656312.0
File C:\mypython3\django\Lib\site-packages\django\forms\boundfield.py first seen with mtime 1773145196.1608996
File C:\mypython3\django\Lib\site-packages\django\template\base.py first seen with mtime 1773145196.2468977
File C:\Users\user\AppData\Local\Programs\Python\Python312\Lib\asyncio\queues.py first seen with mtime 1738656312.0
File C:\mypython3\django\Lib\site-packages\django\http\__init__.py first seen with mtime 1773145196.2290022
File C:\mypython3\django\Lib\site-packages\django\core\checks\messages.py first seen with mtime 1773145195.996686
File C:\mypython3\django\Lib\site-packages\django\utils\numberformat.py first seen with mtime 1773145196.306123
File C:\mypython3\django\Lib\site-packages\django\core\validators.py first seen with mtime 1773145195.9827394
File C:\Users\user\AppData\Local\Programs\Python\Python312\Lib\asyncio\runners.py first seen with mtime 1738656312.0
File C:\Users\user\AppData\Local\Programs\Python\Python312\DLLs\_queue.pyd first seen with mtime 1738656366.0
File C:\mypython3\django\Lib\site-packages\django\contrib\admin\templatetags\admin_modify.py first seen with mtime 1773145193.9964445
File C:\mypython3\django\Lib\site-packages\django\db\models\aggregates.py first seen with mtime 1773145196.127118
File C:\Users\user\AppData\Local\Programs\Python\Python312\Lib\asyncio\subprocess.py first seen with mtime 1738656312.0
File C:\Users\user\AppData\Local\Programs\Python\Python312\Lib\base64.py first seen with mtime 1738656312.0
File C:\Users\user\AppData\Local\Programs\Python\Python312\Lib\ctypes\wintypes.py first seen with mtime 1738656312.0
File C:\Users\user\AppData\Local\Programs\Python\Python312\Lib\asyncio\format_helpers.py first seen with mtime 1738656312.0
File C:\mypython3\django\Lib\site-packages\django\urls\conf.py first seen with mtime 1773145196.2778685
File C:\Users\user\AppData\Local\Programs\Python\Python312\Lib\keyword.py first seen with mtime 1738656312.0
File C:\Users\user\AppData\Local\Programs\Python\Python312\Lib\bisect.py first seen with mtime 1738656312.0
File C:\mypython3\django\Lib\site-packages\django\contrib\contenttypes\models.py first seen with mtime 1773145194.414056
File C:\Users\user\AppData\Local\Programs\Python\Python312\Lib\multiprocessing\__init__.py first seen with mtime 1738656312.0
File C:\Users\user\AppData\Local\Programs\Python\Python312\Lib\concurrent\futures\__init__.py first seen with mtime 1738656312.0
File C:\Users\user\AppData\Local\Programs\Python\Python312\Lib\asyncio\staggered.py first seen with mtime 1738656312.0
File C:\Users\user\AppData\Local\Programs\Python\Python312\Lib\gettext.py first seen with mtime 1738656312.0
File C:\mypython3\django\Lib\site-packages\django\forms\forms.py first seen with mtime 1773145196.1629066
File C:\Users\user\AppData\Local\Programs\Python\Python312\Lib\zoneinfo\_tzpath.py first seen with mtime 1738656314.0
File C:\Users\user\AppData\Local\Programs\Python\Python312\Lib\email\base64mime.py first seen with mtime 1738656312.0
File C:\mypython3\django\Lib\site-packages\django\contrib\messages\constants.py first seen with mtime 1773145195.2114909
File C:\mypython3\django\Lib\site-packages\django\contrib\auth\password_validation.py first seen with mtime 1773145194.2097628
File C:\mypython3\django\Lib\site-packages\django\contrib\staticfiles\views.py first seen with mtime 1773145195.972909
File C:\mypython3\django\Lib\site-packages\django\core\cache\__init__.py first seen with mtime 1773145195.9847455
File C:\mypython3\django\Lib\site-packages\sqlparse\filters\tokens.py first seen with mtime 1773145192.8523216
File C:\mypython3\django\Lib\site-packages\django\contrib\messages\api.py first seen with mtime 1773145195.2104838
File C:\mypython3\django\Lib\site-packages\django\middleware\security.py first seen with mtime 1773145196.2384107
File C:\mypython3\django\Lib\site-packages\django\middleware\__init__.py first seen with mtime 1773145196.2320373
File C:\mypython3\django\Lib\site-packages\django\contrib\sessions\base_session.py first seen with mtime 1773145195.561499
File C:\mypython3\django\Scripts\hello_django\hello_django\settings.py first seen with mtime 1773210093.7927594
File C:\mypython3\django\Lib\site-packages\django\db\migrations\exceptions.py first seen with mtime 1773145196.1150866
File C:\mypython3\django\Lib\site-packages\sqlparse\keywords.py first seen with mtime 1773145192.8408105
File C:\Users\user\AppData\Local\Programs\Python\Python312\Lib\ssl.py first seen with mtime 1738656312.0
File C:\mypython3\django\Lib\site-packages\django\contrib\admin\decorators.py first seen with mtime 1773145193.4971223
File C:\mypython3\django\Lib\site-packages\django\core\servers\__init__.py first seen with mtime 1773145196.053576
File C:\Users\user\AppData\Local\Programs\Python\Python312\Lib\email\errors.py first seen with mtime 1738656312.0
File C:\mypython3\django\Lib\site-packages\django\views\decorators\cache.py first seen with mtime 1773145196.3217947
File C:\mypython3\django\Lib\site-packages\django\core\management\commands\runserver.py first seen with mtime 1773145196.0401168
File C:\mypython3\django\Lib\site-packages\django\template\library.py first seen with mtime 1773145196.252318
File C:\mypython3\django\Lib\site-packages\django\db\backends\base\validation.py first seen with mtime 1773145196.0737398
File C:\mypython3\django\Lib\site-packages\django\template\__init__.py first seen with mtime 1773145196.245047
File C:\mypython3\django\Lib\site-packages\django\contrib\contenttypes\views.py first seen with mtime 1773145194.415163
File C:\mypython3\django\Lib\site-packages\django\utils\html.py first seen with mtime 1773145196.3005579
File C:\Users\user\AppData\Local\Programs\Python\Python312\Lib\asyncio\base_events.py first seen with mtime 1738656312.0
File C:\Users\user\AppData\Local\Programs\Python\Python312\Lib\logging\config.py first seen with mtime 1738656312.0
File C:\Users\user\AppData\Local\Programs\Python\Python312\Lib\email\utils.py first seen with mtime 1738656312.0
File C:\Users\user\AppData\Local\Programs\Python\Python312\Lib\types.py first seen with mtime 1738656314.0
File C:\mypython3\django\Lib\site-packages\django\utils\dateformat.py first seen with mtime 1773145196.2914486
File C:\Users\user\AppData\Local\Programs\Python\Python312\Lib\statistics.py first seen with mtime 1738656312.0
File C:\mypython3\django\Lib\site-packages\django\dispatch\dispatcher.py first seen with mtime 1773145196.1588857
File C:\mypython3\django\Lib\site-packages\django\contrib\contenttypes\checks.py first seen with mtime 1773145194.4121568
File C:\Users\user\AppData\Local\Programs\Python\Python312\Lib\asyncio\mixins.py first seen with mtime 1738656312.0
File C:\mypython3\django\Lib\site-packages\django\contrib\messages\storage\__init__.py first seen with mtime 1773145195.2149706
File C:\mypython3\django\Lib\site-packages\django\contrib\contenttypes\apps.py first seen with mtime 1773145194.4121568
File C:\mypython3\django\Lib\site-packages\django\core\signing.py first seen with mtime 1773145195.9827394
File C:\mypython3\django\Lib\site-packages\sqlparse\utils.py first seen with mtime 1773145192.8442674
File C:\Users\user\AppData\Local\Programs\Python\Python312\Lib\email\parser.py first seen with mtime 1738656312.0
File C:\mypython3\django\Lib\site-packages\django\utils\timezone.py first seen with mtime 1773145196.3096595
File C:\mypython3\django\Lib\site-packages\django\db\migrations\operations\base.py first seen with mtime 1773145196.1241107
File C:\mypython3\django\Lib\site-packages\django\core\cache\backends\base.py first seen with mtime 1773145195.9867523
File C:\Users\user\AppData\Local\Programs\Python\Python312\Lib\traceback.py first seen with mtime 1738656314.0
File C:\Users\user\AppData\Local\Programs\Python\Python312\Lib\email\_policybase.py first seen with mtime 1738656312.0
File C:\mypython3\django\Lib\site-packages\django\db\backends\ddl_references.py first seen with mtime 1773145196.057587
File C:\mypython3\django\Lib\site-packages\django\db\backends\sqlite3\introspection.py first seen with mtime 1773145196.110429
File C:\mypython3\django\Lib\site-packages\django\db\models\constraints.py first seen with mtime 1773145196.130504
File C:\Users\user\AppData\Local\Programs\Python\Python312\Lib\asyncio\log.py first seen with mtime 1738656312.0
File C:\mypython3\django\Lib\site-packages\django\utils\translation\reloader.py first seen with mtime 1773145196.3137293
File C:\Users\user\AppData\Local\Programs\Python\Python312\Lib\gzip.py first seen with mtime 1738656312.0
File C:\mypython3\django\Lib\site-packages\django\db\utils.py first seen with mtime 1773145196.0555813
File C:\Users\user\AppData\Local\Programs\Python\Python312\Lib\email\policy.py first seen with mtime 1738656312.0
File C:\mypython3\django\Lib\site-packages\django\contrib\admin\checks.py first seen with mtime 1773145193.4961762
File C:\Users\user\AppData\Local\Programs\Python\Python312\Lib\linecache.py first seen with mtime 1738656312.0
File C:\Users\user\AppData\Local\Programs\Python\Python312\Lib\_weakrefset.py first seen with mtime 1738656312.0
File C:\mypython3\django\Lib\site-packages\django\contrib\sessions\middleware.py first seen with mtime 1773145195.562503
File C:\mypython3\django\Lib\site-packages\django\middleware\cache.py first seen with mtime 1773145196.2330432
File C:\mypython3\django\Lib\site-packages\django\contrib\auth\__init__.py first seen with mtime 1773145194.2009065
File C:\mypython3\django\Lib\site-packages\django\core\checks\security\base.py first seen with mtime 1773145196.0020945
File C:\mypython3\django\Lib\site-packages\sqlparse\sql.py first seen with mtime 1773145192.8428211
File C:\mypython3\django\Lib\site-packages\django\utils\formats.py first seen with mtime 1773145196.297287
File C:\mypython3\django\Lib\site-packages\django\core\files\storage\handler.py first seen with mtime 1773145196.0128129
File C:\mypython3\django\Lib\site-packages\django\contrib\sites\shortcuts.py first seen with mtime 1773145195.7729342
File C:\Users\user\AppData\Local\Programs\Python\Python312\Lib\asyncio\proactor_events.py first seen with mtime 1738656312.0
File C:\mypython3\django\Lib\site-packages\django\contrib\admin\widgets.py first seen with mtime 1773145193.5056791
File C:\mypython3\django\Lib\site-packages\django\core\files\storage\filesystem.py first seen with mtime 1773145196.011807
File C:\mypython3\django\Lib\site-packages\sqlparse\filters\right_margin.py first seen with mtime 1773145192.8509643
File C:\mypython3\django\Lib\site-packages\django\db\models\fields\proxy.py first seen with mtime 1773145196.1428242
File C:\mypython3\django\Lib\site-packages\django\core\__init__.py first seen with mtime 1773145195.978595
File C:\mypython3\django\Lib\site-packages\django\db\models\fields\json.py first seen with mtime 1773145196.141822
File C:\Users\user\AppData\Local\Programs\Python\Python312\Lib\multiprocessing\reduction.py first seen with mtime 1738656312.0
File C:\Users\user\AppData\Local\Programs\Python\Python312\Lib\sqlite3\__init__.py first seen with mtime 1738656312.0
File C:\mypython3\django\Scripts\hello_django\myhello\apps.py first seen with mtime 1773209089.9947636
File C:\Users\user\AppData\Local\Programs\Python\Python312\Lib\urllib\error.py first seen with mtime 1738656314.0
File C:\mypython3\django\Lib\site-packages\django\template\engine.py first seen with mtime 1773145196.2499743
File C:\Users\user\AppData\Local\Programs\Python\Python312\Lib\contextlib.py first seen with mtime 1738656312.0
File C:\mypython3\django\Lib\site-packages\django\contrib\auth\management\__init__.py first seen with mtime 1773145194.3959832
File C:\mypython3\django\Lib\site-packages\django\utils\dates.py first seen with mtime 1773145196.292947
File C:\mypython3\django\Lib\site-packages\django\core\files\base.py first seen with mtime 1773145196.0051029
File C:\mypython3\django\Lib\site-packages\django\contrib\auth\models.py first seen with mtime 1773145194.209344
File C:\Users\user\AppData\Local\Programs\Python\Python312\DLLs\unicodedata.pyd first seen with mtime 1738656366.0
File C:\mypython3\django\Lib\site-packages\django\core\mail\__init__.py first seen with mtime 1773145196.0181444
File C:\mypython3\django\Lib\site-packages\django\contrib\messages\__init__.py first seen with mtime 1773145195.2094755
File C:\mypython3\django\Lib\site-packages\django\db\migrations\__init__.py first seen with mtime 1773145196.1140866
File C:\Users\user\AppData\Local\Programs\Python\Python312\Lib\asyncio\locks.py first seen with mtime 1738656312.0
File C:\mypython3\django\Lib\site-packages\django\core\files\move.py first seen with mtime 1773145196.0071077
File C:\mypython3\django\Lib\site-packages\django\db\models\fields\tuple_lookups.py first seen with mtime 1773145196.1460817
File C:\mypython3\django\Lib\site-packages\django\template\loaders\__init__.py first seen with mtime 1773145196.2604578
File C:\mypython3\django\Lib\site-packages\django\db\models\query.py first seen with mtime 1773145196.1357875
File C:\mypython3\django\Lib\site-packages\django\template\loaders\filesystem.py first seen with mtime 1773145196.2629397
File C:\Users\user\AppData\Local\Programs\Python\Python312\Lib\asyncio\windows_utils.py first seen with mtime 1738656312.0
File C:\mypython3\django\Lib\site-packages\django\conf\global_settings.py first seen with mtime 1773145193.0678706
File C:\Users\user\AppData\Local\Programs\Python\Python312\Lib\urllib\request.py first seen with mtime 1738656314.0
File C:\mypython3\django\Lib\site-packages\django\contrib\contenttypes\__init__.py first seen with mtime 1773145194.411154
File C:\Users\user\AppData\Local\Programs\Python\Python312\Lib\email\contentmanager.py first seen with mtime 1738656312.0
File C:\Users\user\AppData\Local\Programs\Python\Python312\Lib\re\__init__.py first seen with mtime 1738656312.0
File C:\mypython3\django\Lib\site-packages\django\contrib\admin\templatetags\admin_list.py first seen with mtime 1773145193.9954436
File C:\mypython3\django\Lib\site-packages\django\core\checks\async_checks.py first seen with mtime 1773145195.993607
File C:\Users\user\AppData\Local\Programs\Python\Python312\Lib\ctypes\__init__.py first seen with mtime 1738656312.0
File C:\mypython3\django\Lib\site-packages\django\db\models\functions\mixins.py first seen with mtime 1773145196.1504881
File C:\Users\user\AppData\Local\Programs\Python\Python312\Lib\operator.py first seen with mtime 1738656312.0
File C:\Users\user\AppData\Local\Programs\Python\Python312\Lib\email\_header_value_parser.py first seen with mtime 1738656312.0
File C:\mypython3\django\Lib\site-packages\django\contrib\auth\forms.py first seen with mtime 1773145194.2068572
File C:\Users\user\AppData\Local\Programs\Python\Python312\Lib\opcode.py first seen with mtime 1738656312.0
File C:\mypython3\django\Lib\site-packages\django\db\backends\sqlite3\client.py first seen with mtime 1773145196.1084104
File C:\Users\user\AppData\Local\Programs\Python\Python312\Lib\http\client.py first seen with mtime 1738656312.0
File C:\Users\user\AppData\Local\Programs\Python\Python312\DLLs\_decimal.pyd first seen with mtime 1738656366.0
File C:\mypython3\django\Lib\site-packages\_virtualenv.py first seen with mtime 1773145102.794879
File C:\mypython3\django\Lib\site-packages\django\views\generic\dates.py first seen with mtime 1773145196.3303373
File C:\mypython3\django\Lib\site-packages\django\utils\text.py first seen with mtime 1773145196.308205
File C:\Users\user\AppData\Local\Programs\Python\Python312\Lib\email\headerregistry.py first seen with mtime 1738656312.0
File C:\mypython3\django\Lib\site-packages\django\forms\renderers.py first seen with mtime 1773145196.1649306
File C:\mypython3\django\Lib\site-packages\django\contrib\sites\__init__.py first seen with mtime 1773145195.7663884
File C:\Users\user\AppData\Local\Programs\Python\Python312\Lib\warnings.py first seen with mtime 1738656314.0
File C:\mypython3\django\Lib\site-packages\django\core\signals.py first seen with mtime 1773145195.9817367
File C:\mypython3\django\Lib\site-packages\django\utils\tree.py first seen with mtime 1773145196.3107
File C:\mypython3\django\Lib\site-packages\sqlparse\engine\filter_stack.py first seen with mtime 1773145192.8452957
File C:\mypython3\django\Lib\site-packages\django\urls\resolvers.py first seen with mtime 1773145196.2802548
File C:\mypython3\django\Lib\site-packages\django\core\management\__init__.py first seen with mtime 1773145196.0260246
File C:\mypython3\django\Lib\site-packages\django\contrib\admin\sites.py first seen with mtime 1773145193.5029588
File C:\mypython3\django\Lib\site-packages\django\utils\copy.py first seen with mtime 1773145196.2887466
File C:\mypython3\django\Lib\site-packages\django\core\checks\compatibility\__init__.py first seen with mtime 1773145196.0000894
File C:\mypython3\django\Lib\site-packages\django\db\models\manager.py first seen with mtime 1773145196.133716
File C:\mypython3\django\Lib\site-packages\django\db\models\enums.py first seen with mtime 1773145196.1317077
File C:\Users\user\AppData\Local\Programs\Python\Python312\Lib\copy.py first seen with mtime 1738656312.0
File C:\mypython3\django\Lib\site-packages\django\core\cache\backends\__init__.py first seen with mtime 1773145195.9857483
File C:\mypython3\django\Lib\site-packages\django\db\backends\sqlite3\schema.py first seen with mtime 1773145196.113003
File C:\mypython3\django\Lib\site-packages\django\core\checks\model_checks.py first seen with mtime 1773145195.996686
File C:\mypython3\django\Lib\site-packages\django\db\models\functions\json.py first seen with mtime 1773145196.14814
File C:\mypython3\django\Lib\site-packages\django\core\files\storage\mixins.py first seen with mtime 1773145196.0138185
File C:\mypython3\django\Lib\site-packages\django\db\models\sql\subqueries.py first seen with mtime 1773145196.15688
File C:\mypython3\django\Lib\site-packages\django\utils\termcolors.py first seen with mtime 1773145196.308205
File C:\mypython3\django\Lib\site-packages\django\core\checks\security\csrf.py first seen with mtime 1773145196.003097
File C:\Users\user\AppData\Local\Programs\Python\Python312\Lib\ast.py first seen with mtime 1738656312.0
File C:\Users\user\AppData\Local\Programs\Python\Python312\Lib\email\feedparser.py first seen with mtime 1738656312.0
File C:\Users\user\AppData\Local\Programs\Python\Python312\Lib\asyncio\protocols.py first seen with mtime 1738656312.0
File C:\Users\user\AppData\Local\Programs\Python\Python312\DLLs\_uuid.pyd first seen with mtime 1738656366.0
File C:\mypython3\django\Lib\site-packages\django\utils\_os.py first seen with mtime 1773145196.2823725
File C:\Users\user\AppData\Local\Programs\Python\Python312\Lib\wsgiref\handlers.py first seen with mtime 1738656314.0
File C:\mypython3\django\Lib\site-packages\django\core\cache\backends\filebased.py first seen with mtime 1773145195.9891803
File C:\mypython3\django\Lib\site-packages\django\core\checks\compatibility\django_4_0.py first seen with mtime 1773145196.0010917
File C:\Users\user\AppData\Local\Programs\Python\Python312\Lib\html\__init__.py first seen with mtime 1738656312.0
File C:\mypython3\django\Lib\site-packages\sqlparse\filters\output.py first seen with mtime 1773145192.8499115
File C:\mypython3\django\Lib\site-packages\django\contrib\admin\templatetags\admin_urls.py first seen with mtime 1773145193.9976585
File C:\mypython3\django\Lib\site-packages\django\contrib\__init__.py first seen with mtime 1773145193.4910147
File C:\mypython3\django\Lib\site-packages\django\db\models\lookups.py first seen with mtime 1773145196.133716
File C:\mypython3\django\Lib\site-packages\django\contrib\admin\models.py first seen with mtime 1773145193.5007255
File C:\mypython3\django\Lib\site-packages\django\template\autoreload.py first seen with mtime 1773145196.246394
File C:\mypython3\django\Lib\site-packages\django\utils\inspect.py first seen with mtime 1773145196.3016546
File C:\mypython3\django\Lib\site-packages\django\core\exceptions.py first seen with mtime 1773145195.9806347
File C:\mypython3\django\Lib\site-packages\asgiref\sync.py first seen with mtime 1773145192.946536
File C:\mypython3\django\Lib\site-packages\django\views\generic\base.py first seen with mtime 1773145196.3288577
File C:\mypython3\django\Lib\site-packages\sqlparse\filters\aligned_indent.py first seen with mtime 1773145192.848455
File C:\mypython3\django\Lib\site-packages\django\db\__init__.py first seen with mtime 1773145196.054579
File C:\mypython3\django\Lib\site-packages\django\core\files\storage\base.py first seen with mtime 1773145196.0107872
File C:\Users\user\AppData\Local\Programs\Python\Python312\Lib\fractions.py first seen with mtime 1738656312.0
File C:\mypython3\django\Lib\site-packages\django\urls\__init__.py first seen with mtime 1773145196.2758312
File C:\mypython3\django\Lib\site-packages\django\template\context.py first seen with mtime 1773145196.247962
File C:\mypython3\django\Lib\site-packages\django\utils\__init__.py first seen with mtime 1773145196.281257
File C:\Users\user\AppData\Local\Programs\Python\Python312\Lib\encodings\cp950.py first seen with mtime 1738656312.0
File C:\mypython3\django\Lib\site-packages\django\template\backends\base.py first seen with mtime 1773145196.256998
File C:\mypython3\django\Lib\site-packages\django\db\models\fields\generated.py first seen with mtime 1773145196.1398132
File C:\Users\user\AppData\Local\Programs\Python\Python312\Lib\bz2.py first seen with mtime 1738656312.0
File C:\Users\user\AppData\Local\Programs\Python\Python312\Lib\string.py first seen with mtime 1738656312.0
File C:\Users\user\AppData\Local\Programs\Python\Python312\Lib\platform.py first seen with mtime 1738656312.0
File C:\Users\user\AppData\Local\Programs\Python\Python312\Lib\_compat_pickle.py first seen with mtime 1738656312.0
File C:\mypython3\django\Lib\site-packages\django\core\files\locks.py first seen with mtime 1773145196.006105
File C:\mypython3\django\Lib\site-packages\django\db\models\functions\text.py first seen with mtime 1773145196.15149
File C:\mypython3\django\Lib\site-packages\django\db\models\fields\reverse_related.py first seen with mtime 1773145196.1460817
File C:\mypython3\django\Lib\site-packages\django\utils\crypto.py first seen with mtime 1773145196.289754
File C:\Users\user\AppData\Local\Programs\Python\Python312\Lib\email\quoprimime.py first seen with mtime 1738656312.0
File C:\Users\user\AppData\Local\Programs\Python\Python312\Lib\json\encoder.py first seen with mtime 1738656312.0
File C:\mypython3\django\Lib\site-packages\django\core\files\utils.py first seen with mtime 1773145196.00958
File C:\mypython3\django\Lib\site-packages\django\template\loader.py first seen with mtime 1773145196.252318
File C:\mypython3\django\Lib\site-packages\django\core\handlers\wsgi.py first seen with mtime 1773145196.0171359
File C:\mypython3\django\Lib\site-packages\django\contrib\sites\requests.py first seen with mtime 1773145195.7729342
File C:\mypython3\django\Lib\site-packages\django\template\defaultfilters.py first seen with mtime 1773145196.2489684
File C:\mypython3\django\Lib\site-packages\django\db\models\functions\window.py first seen with mtime 1773145196.15149
File C:\mypython3\django\Lib\site-packages\django\contrib\contenttypes\forms.py first seen with mtime 1773145194.414056
File C:\mypython3\django\Lib\site-packages\django\views\__init__.py first seen with mtime 1773145196.31751
File C:\mypython3\django\Lib\site-packages\django\db\migrations\operations\models.py first seen with mtime 1773145196.125113
File C:\mypython3\django\Lib\site-packages\django\urls\base.py first seen with mtime 1773145196.2768354
File C:\Users\user\AppData\Local\Programs\Python\Python312\Lib\json\decoder.py first seen with mtime 1738656312.0
File C:\mypython3\django\Lib\site-packages\django\db\models\fields\related.py first seen with mtime 1773145196.143908
File C:\mypython3\django\Lib\site-packages\django\utils\encoding.py first seen with mtime 1773145196.2962735
File C:\mypython3\django\Lib\site-packages\django\utils\decorators.py first seen with mtime 1773145196.2951896
File C:\Users\user\AppData\Local\Programs\Python\Python312\Lib\asyncio\sslproto.py first seen with mtime 1738656312.0
File C:\Users\user\AppData\Local\Programs\Python\Python312\Lib\encodings\__init__.py first seen with mtime 1738656312.0
File C:\mypython3\django\Lib\site-packages\django\http\request.py first seen with mtime 1773145196.231031
File C:\mypython3\django\Lib\site-packages\django\db\models\utils.py first seen with mtime 1773145196.137802
File C:\mypython3\django\Lib\site-packages\django\db\backends\utils.py first seen with mtime 1773145196.058589
File C:\Users\user\AppData\Local\Programs\Python\Python312\Lib\dis.py first seen with mtime 1738656312.0
File C:\Users\user\AppData\Local\Programs\Python\Python312\Lib\random.py first seen with mtime 1738656312.0
File C:\mypython3\django\Lib\site-packages\django\db\models\fields\related_descriptors.py first seen with mtime 1773145196.1449113
File C:\Users\user\AppData\Local\Programs\Python\Python312\Lib\concurrent\futures\thread.py first seen with mtime 1738656312.0
File C:\mypython3\django\Lib\site-packages\django\contrib\sessions\models.py first seen with mtime 1773145195.5635092
File C:\Users\user\AppData\Local\Programs\Python\Python312\Lib\email\_parseaddr.py first seen with mtime 1738656312.0
File C:\Users\user\AppData\Local\Programs\Python\Python312\Lib\importlib\_abc.py first seen with mtime 1738656312.0
File C:\Users\user\AppData\Local\Programs\Python\Python312\Lib\email\__init__.py first seen with mtime 1738656312.0
File C:\mypython3\django\Lib\site-packages\django\core\serializers\__init__.py first seen with mtime 1773145196.049322
File C:\Users\user\AppData\Local\Programs\Python\Python312\Lib\email\encoders.py first seen with mtime 1738656312.0
File C:\Users\user\AppData\Local\Programs\Python\Python312\Lib\asyncio\threads.py first seen with mtime 1738656312.0
File C:\mypython3\django\Lib\site-packages\django\views\decorators\debug.py first seen with mtime 1773145196.325538
File C:\mypython3\django\Lib\site-packages\sqlparse\engine\__init__.py first seen with mtime 1773145192.8452957
File C:\mypython3\django\Lib\site-packages\django\middleware\csrf.py first seen with mtime 1773145196.236068
File C:\mypython3\django\Lib\site-packages\sqlparse\filters\others.py first seen with mtime 1773145192.8499115
File C:\Users\user\AppData\Local\Programs\Python\Python312\Lib\weakref.py first seen with mtime 1738656314.0
File C:\mypython3\django\Lib\site-packages\django\http\cookie.py first seen with mtime 1773145196.2290022
File C:\Users\user\AppData\Local\Programs\Python\Python312\Lib\wsgiref\__init__.py first seen with mtime 1738656314.0
File C:\Users\user\AppData\Local\Programs\Python\Python312\Lib\multiprocessing\context.py first seen with mtime 1738656312.0
File C:\Users\user\AppData\Local\Programs\Python\Python312\Lib\asyncio\events.py first seen with mtime 1738656312.0
File C:\mypython3\django\Lib\site-packages\django\contrib\admin\options.py first seen with mtime 1773145193.5018322
File C:\Users\user\AppData\Local\Programs\Python\Python312\Lib\email\header.py first seen with mtime 1738656312.0
File C:\mypython3\django\Lib\site-packages\django\views\generic\list.py first seen with mtime 1773145196.3316674
File C:\mypython3\django\Lib\site-packages\django\urls\converters.py first seen with mtime 1773145196.2778685
File C:\mypython3\django\Scripts\hello_django\myhello\admin.py first seen with mtime 1773209089.9926696
File C:\Users\user\AppData\Local\Programs\Python\Python312\Lib\zoneinfo\_common.py first seen with mtime 1738656314.0
File C:\mypython3\django\Lib\site-packages\django\core\checks\__init__.py first seen with mtime 1773145195.9926045
File C:\Users\user\AppData\Local\Programs\Python\Python312\Lib\urllib\parse.py first seen with mtime 1738656314.0
File C:\mypython3\django\Lib\site-packages\sqlparse\tokens.py first seen with mtime 1773145192.8428211
File C:\mypython3\django\Lib\site-packages\django\template\exceptions.py first seen with mtime 1773145196.2509928
File C:\mypython3\django\Lib\site-packages\django\templatetags\l10n.py first seen with mtime 1773145196.2664125
File C:\Users\user\AppData\Local\Programs\Python\Python312\Lib\graphlib.py first seen with mtime 1738656312.0
File C:\Users\user\AppData\Local\Programs\Python\Python312\Lib\difflib.py first seen with mtime 1738656312.0
File C:\mypython3\django\Lib\site-packages\django\db\models\sql\query.py first seen with mtime 1773145196.1555007
File C:\mypython3\django\Lib\site-packages\django\utils\choices.py first seen with mtime 1773145196.2874978
File C:\mypython3\django\Lib\site-packages\django\views\defaults.py first seen with mtime 1773145196.3195925
File C:\Users\user\AppData\Local\Programs\Python\Python312\Lib\re\_parser.py first seen with mtime 1738656312.0
File C:\mypython3\django\Lib\site-packages\django\core\checks\templates.py first seen with mtime 1773145195.9976888
File C:\Users\user\AppData\Local\Programs\Python\Python312\Lib\wsgiref\util.py first seen with mtime 1738656314.0
File C:\mypython3\django\Lib\site-packages\django\templatetags\cache.py first seen with mtime 1773145196.2654092
File C:\mypython3\django\Lib\site-packages\django\core\servers\basehttp.py first seen with mtime 1773145196.053576
File C:\Users\user\AppData\Local\Programs\Python\Python312\Lib\hashlib.py first seen with mtime 1738656312.0
File C:\mypython3\django\Lib\site-packages\django\contrib\sessions\backends\base.py first seen with mtime 1773145195.5655143
File C:\mypython3\django\Lib\site-packages\django\contrib\admin\exceptions.py first seen with mtime 1773145193.498147
File C:\mypython3\django\Lib\site-packages\django\db\migrations\operations\special.py first seen with mtime 1773145196.1261158
File C:\Users\user\AppData\Local\Programs\Python\Python312\Lib\email\mime\nonmultipart.py first seen with mtime 1738656312.0
File C:\mypython3\django\Lib\site-packages\django\core\mail\message.py first seen with mtime 1773145196.0191846
File C:\mypython3\django\Lib\site-packages\django\utils\translation\trans_real.py first seen with mtime 1773145196.3164568
File C:\mypython3\django\Lib\site-packages\sqlparse\filters\__init__.py first seen with mtime 1773145192.848455
File C:\Users\user\AppData\Local\Programs\Python\Python312\DLLs\_sqlite3.pyd first seen with mtime 1738656366.0
File C:\Users\user\AppData\Local\Programs\Python\Python312\Lib\copyreg.py first seen with mtime 1738656312.0
File C:\mypython3\django\Lib\site-packages\django\db\backends\base\schema.py first seen with mtime 1773145196.0646853
File C:\Users\user\AppData\Local\Programs\Python\Python312\Lib\asyncio\trsock.py first seen with mtime 1738656312.0
File C:\mypython3\django\Lib\site-packages\django\db\models\functions\__init__.py first seen with mtime 1773145196.1471357
File C:\mypython3\django\Lib\site-packages\django\db\migrations\state.py first seen with mtime 1773145196.121103
File C:\mypython3\django\Lib\site-packages\django\db\models\sql\datastructures.py first seen with mtime 1773145196.1544979
File C:\mypython3\django\Lib\site-packages\django\db\models\sql\where.py first seen with mtime 1773145196.1578827
File C:\Users\user\AppData\Local\Programs\Python\Python312\Lib\subprocess.py first seen with mtime 1738656312.0
File C:\mypython3\django\Lib\site-packages\django\db\backends\base\operations.py first seen with mtime 1773145196.0636237
File C:\mypython3\django\Lib\site-packages\django\db\models\query_utils.py first seen with mtime 1773145196.1357875
File C:\mypython3\django\Lib\site-packages\django\core\serializers\python.py first seen with mtime 1773145196.051571
File C:\mypython3\django\Lib\site-packages\django\utils\ipv6.py first seen with mtime 1773145196.3027143
File C:\Users\user\AppData\Local\Programs\Python\Python312\Lib\sqlite3\dbapi2.py first seen with mtime 1738656312.0
File C:\Users\user\AppData\Local\Programs\Python\Python312\Lib\asyncio\base_futures.py first seen with mtime 1738656312.0
File C:\Users\user\AppData\Local\Programs\Python\Python312\Lib\re\_constants.py first seen with mtime 1738656312.0
File C:\mypython3\django\Lib\site-packages\django\db\backends\sqlite3\creation.py first seen with mtime 1773145196.1094236
File C:\Users\user\AppData\Local\Programs\Python\Python312\Lib\email\mime\multipart.py first seen with mtime 1738656312.0
File C:\mypython3\django\Lib\site-packages\django\core\checks\database.py first seen with mtime 1773145195.9956176
File C:\Users\user\AppData\Local\Programs\Python\Python312\Lib\asyncio\selector_events.py first seen with mtime 1738656312.0
File C:\mypython3\django\Lib\site-packages\sqlparse\cli.py first seen with mtime 1773145192.837533
File C:\Users\user\AppData\Local\Programs\Python\Python312\Lib\http\cookies.py first seen with mtime 1738656312.0
File C:\mypython3\django\Lib\site-packages\django\urls\utils.py first seen with mtime 1773145196.2802548
File C:\mypython3\django\Lib\site-packages\django\apps\config.py first seen with mtime 1773145193.0643098
File C:\Users\user\AppData\Local\Programs\Python\Python312\Lib\tokenize.py first seen with mtime 1738656314.0
File C:\mypython3\django\Lib\site-packages\django\core\serializers\base.py first seen with mtime 1773145196.049322
File C:\mypython3\django\Lib\site-packages\django\contrib\staticfiles\utils.py first seen with mtime 1773145195.9714255
File C:\mypython3\django\Lib\site-packages\django\utils\deprecation.py first seen with mtime 1773145196.2951896
File C:\Users\user\AppData\Local\Programs\Python\Python312\Lib\urllib\__init__.py first seen with mtime 1738656314.0
File C:\Users\user\AppData\Local\Programs\Python\Python312\Lib\reprlib.py first seen with mtime 1738656312.0
File C:\Users\user\AppData\Local\Programs\Python\Python312\Lib\selectors.py first seen with mtime 1738656312.0
File C:\Users\user\AppData\Local\Programs\Python\Python312\Lib\email\mime\base.py first seen with mtime 1738656312.0
File C:\Users\user\AppData\Local\Programs\Python\Python312\Lib\datetime.py first seen with mtime 1738656312.0
File C:\mypython3\django\Scripts\hello_django\hello_django\__init__.py first seen with mtime 1773146754.8790936
File C:\Users\user\AppData\Local\Programs\Python\Python312\Lib\email\iterators.py first seen with mtime 1738656312.0
File C:\Users\user\AppData\Local\Programs\Python\Python312\Lib\contextvars.py first seen with mtime 1738656312.0
File C:\Users\user\AppData\Local\Programs\Python\Python312\Lib\pathlib.py first seen with mtime 1738656312.0
File C:\mypython3\django\Lib\site-packages\django\utils\dateparse.py first seen with mtime 1773145196.2914486
File C:\Users\user\AppData\Local\Programs\Python\Python312\DLLs\select.pyd first seen with mtime 1738656366.0
File C:\mypython3\django\Lib\site-packages\django\core\checks\registry.py first seen with mtime 1773145195.9976888
File C:\mypython3\django\Lib\site-packages\django\template\response.py first seen with mtime 1773145196.2546358
File C:\mypython3\django\Lib\site-packages\django\db\migrations\operations\fields.py first seen with mtime 1773145196.125113
File C:\mypython3\django\Lib\site-packages\django\contrib\sessions\apps.py first seen with mtime 1773145195.5604944
File C:\mypython3\django\Lib\site-packages\django\utils\safestring.py first seen with mtime 1773145196.3072007
File C:\mypython3\django\Lib\site-packages\django\utils\timesince.py first seen with mtime 1773145196.3096595
File C:\mypython3\django\Lib\site-packages\django\core\management\color.py first seen with mtime 1773145196.0270288
File C:\mypython3\django\Lib\site-packages\django\db\backends\signals.py first seen with mtime 1773145196.057587
File C:\mypython3\django\Lib\site-packages\django\contrib\auth\base_user.py first seen with mtime 1773145194.2031653
File C:\mypython3\django\Lib\site-packages\django\utils\regex_helper.py first seen with mtime 1773145196.306123
File C:\Users\user\AppData\Local\Programs\Python\Python312\DLLs\_overlapped.pyd first seen with mtime 1738656366.0
File C:\mypython3\django\Lib\site-packages\django\contrib\admin\views\autocomplete.py first seen with mtime 1773145194.000275
File C:\mypython3\django\Lib\site-packages\django\contrib\auth\admin.py first seen with mtime 1773145194.2009065
File C:\mypython3\django\Lib\site-packages\django\contrib\admin\actions.py first seen with mtime 1773145193.4940405
File C:\Users\user\AppData\Local\Programs\Python\Python312\DLLs\_asyncio.pyd first seen with mtime 1738656366.0
File C:\mypython3\django\Lib\site-packages\django\core\management\commands\__init__.py first seen with mtime 1773145196.0303128
File C:\mypython3\django\Lib\site-packages\django\utils\asyncio.py first seen with mtime 1773145196.284721
File C:\mypython3\django\Lib\site-packages\django\templatetags\static.py first seen with mtime 1773145196.2664125
File C:\mypython3\django\Lib\site-packages\django\db\models\signals.py first seen with mtime 1773145196.1367948
File C:\mypython3\django\Lib\site-packages\sqlparse\engine\statement_splitter.py first seen with mtime 1773145192.8474536
File C:\Users\user\AppData\Local\Programs\Python\Python312\Lib\collections\__init__.py first seen with mtime 1738656312.0
File C:\mypython3\django\Lib\site-packages\django\db\models\__init__.py first seen with mtime 1773145196.127118
File C:\mypython3\django\Lib\site-packages\django\db\models\options.py first seen with mtime 1773145196.1347816
File C:\mypython3\django\Lib\site-packages\django\urls\exceptions.py first seen with mtime 1773145196.2792509
File C:\mypython3\django\Lib\site-packages\django\forms\fields.py first seen with mtime 1773145196.1619065
File C:\mypython3\django\Lib\site-packages\django\core\files\images.py first seen with mtime 1773145196.006105
File C:\mypython3\django\Lib\site-packages\django\db\models\functions\math.py first seen with mtime 1773145196.1494844
File C:\mypython3\django\Lib\site-packages\django\template\loaders\cached.py first seen with mtime 1773145196.2619398
File C:\mypython3\django\Lib\site-packages\django\core\paginator.py first seen with mtime 1773145195.9806347
File C:\Users\user\AppData\Local\Programs\Python\Python312\Lib\asyncio\streams.py first seen with mtime 1738656312.0
File C:\mypython3\django\Lib\site-packages\django\utils\translation\__init__.py first seen with mtime 1773145196.3137293
File C:\Users\user\AppData\Local\Programs\Python\Python312\Lib\collections\abc.py first seen with mtime 1738656312.0
File C:\mypython3\django\Lib\site-packages\django\contrib\staticfiles\management\__init__.py first seen with mtime 1773145195.972909
File C:\mypython3\django\Lib\site-packages\django\utils\module_loading.py first seen with mtime 1773145196.3050413
File C:\Users\user\AppData\Local\Programs\Python\Python312\Lib\token.py first seen with mtime 1738656314.0
File C:\mypython3\django\Lib\site-packages\asgiref\current_thread_executor.py first seen with mtime 1773145192.9433763
File C:\Users\user\AppData\Local\Programs\Python\Python312\Lib\decimal.py first seen with mtime 1738656312.0
File C:\mypython3\django\Lib\site-packages\django\contrib\admin\__init__.py first seen with mtime 1773145193.4930222
File C:\Users\user\AppData\Local\Programs\Python\Python312\Lib\pkgutil.py first seen with mtime 1738656312.0
File C:\mypython3\django\Lib\site-packages\django\core\wsgi.py first seen with mtime 1773145195.9837432
File C:\Users\user\AppData\Local\Programs\Python\Python312\Lib\pickle.py first seen with mtime 1738656312.0
File C:\Users\user\AppData\Local\Programs\Python\Python312\Lib\socket.py first seen with mtime 1738656312.0
File C:\Users\user\AppData\Local\Programs\Python\Python312\Lib\_compression.py first seen with mtime 1738656312.0
File C:\mypython3\django\Lib\site-packages\django\contrib\staticfiles\management\commands\__init__.py first seen with mtime 1773145195.9739394
File C:\mypython3\django\Lib\site-packages\django\template\defaulttags.py first seen with mtime 1773145196.2499743
File C:\mypython3\django\Lib\site-packages\django\forms\models.py first seen with mtime 1773145196.1639163
File C:\mypython3\django\Lib\site-packages\django\db\models\deletion.py first seen with mtime 1773145196.130504
File C:\Users\user\AppData\Local\Programs\Python\Python312\Lib\argparse.py first seen with mtime 1738656312.0
File C:\mypython3\django\Lib\site-packages\django\template\backends\django.py first seen with mtime 1773145196.256998
File C:\mypython3\django\Lib\site-packages\django\templatetags\tz.py first seen with mtime 1773145196.2678335
File C:\mypython3\django\Lib\site-packages\django\core\files\__init__.py first seen with mtime 1773145196.0051029
File C:\mypython3\django\Lib\site-packages\django\views\generic\__init__.py first seen with mtime 1773145196.3288577
File C:\mypython3\django\Lib\site-packages\django\utils\log.py first seen with mtime 1773145196.3038268
File C:\mypython3\django\Lib\site-packages\django\forms\utils.py first seen with mtime 1773145196.165933
File C:\mypython3\django\Lib\site-packages\sqlparse\__init__.py first seen with mtime 1773145192.8363185
File C:\mypython3\django\Lib\site-packages\django\utils\autoreload.py first seen with mtime 1773145196.2862146
File C:\mypython3\django\Lib\site-packages\django\contrib\admin\views\__init__.py first seen with mtime 1773145193.999184
File C:\mypython3\django\Lib\site-packages\django\core\checks\files.py first seen with mtime 1773145195.9956176
File C:\Users\user\AppData\Local\Programs\Python\Python312\Lib\lzma.py first seen with mtime 1738656312.0
File C:\mypython3\django\Lib\site-packages\django\contrib\messages\utils.py first seen with mtime 1773145195.2139518
File C:\mypython3\django\Lib\site-packages\django\contrib\staticfiles\checks.py first seen with mtime 1773145195.9679174
File C:\mypython3\django\Lib\site-packages\django\forms\__init__.py first seen with mtime 1773145196.1608996
File C:\Users\user\AppData\Local\Programs\Python\Python312\Lib\queue.py first seen with mtime 1738656312.0
File C:\mypython3\django\Lib\site-packages\django\utils\datastructures.py first seen with mtime 1773145196.2914486
File C:\mypython3\django\Lib\site-packages\django\contrib\staticfiles\__init__.py first seen with mtime 1773145195.966913
File C:\Users\user\AppData\Local\Programs\Python\Python312\Lib\email\message.py first seen with mtime 1738656312.0
File C:\Users\user\AppData\Local\Programs\Python\Python312\Lib\heapq.py first seen with mtime 1738656312.0
File C:\Users\user\AppData\Local\Programs\Python\Python312\Lib\wsgiref\headers.py first seen with mtime 1738656314.0
File C:\mypython3\django\Lib\site-packages\django\contrib\staticfiles\management\commands\runserver.py first seen with mtime 1773145195.976585
File C:\mypython3\django\Lib\site-packages\django\core\checks\security\__init__.py first seen with mtime 1773145196.0020945
File C:\mypython3\django\Lib\site-packages\django\core\checks\translation.py first seen with mtime 1773145195.999038
File C:\Users\user\AppData\Local\Programs\Python\Python312\Lib\textwrap.py first seen with mtime 1738656314.0
File C:\mypython3\django\Lib\site-packages\django\contrib\auth\tokens.py first seen with mtime 1773145194.2107623
File C:\mypython3\django\Lib\site-packages\django\db\models\functions\comparison.py first seen with mtime 1773145196.14814
File C:\mypython3\django\Lib\site-packages\django\contrib\sessions\backends\__init__.py first seen with mtime 1773145195.5645118
File C:\mypython3\django\Lib\site-packages\django\contrib\admin\templatetags\log.py first seen with mtime 1773145193.999184
File C:\Users\user\AppData\Local\Programs\Python\Python312\Lib\asyncio\base_subprocess.py first seen with mtime 1738656312.0
File C:\mypython3\django\Lib\site-packages\django\views\decorators\csrf.py first seen with mtime 1773145196.325538
File C:\mypython3\django\Lib\site-packages\django\template\loaders\app_directories.py first seen with mtime 1773145196.2604578
File C:\mypython3\django\Lib\site-packages\django\core\files\temp.py first seen with mtime 1773145196.0071077
File C:\Users\user\AppData\Local\Programs\Python\Python312\DLLs\_bz2.pyd first seen with mtime 1738656366.0
File C:\Users\user\AppData\Local\Programs\Python\Python312\Lib\ctypes\_endian.py first seen with mtime 1738656312.0
File C:\mypython3\django\Lib\site-packages\django\contrib\staticfiles\apps.py first seen with mtime 1773145195.966913
File C:\mypython3\django\Lib\site-packages\django\conf\__init__.py first seen with mtime 1773145193.0665152
File C:\mypython3\django\Lib\site-packages\django\core\files\storage\memory.py first seen with mtime 1773145196.0128129
File C:\mypython3\django\Lib\site-packages\django\contrib\auth\signals.py first seen with mtime 1773145194.2097628
File C:\Users\user\AppData\Local\Programs\Python\Python312\Lib\http\__init__.py first seen with mtime 1738656312.0
File C:\mypython3\django\Lib\site-packages\django\core\files\uploadhandler.py first seen with mtime 1773145196.00958
File C:\mypython3\django\Lib\site-packages\django\contrib\auth\templatetags\auth.py first seen with mtime 1773145194.4101508
File C:\mypython3\django\Lib\site-packages\django\core\checks\urls.py first seen with mtime 1773145196.0000894
File C:\mypython3\django\Lib\site-packages\django\http\response.py first seen with mtime 1773145196.2320373
File C:\mypython3\django\Lib\site-packages\django\core\handlers\exception.py first seen with mtime 1773145196.0171359
File C:\Users\user\AppData\Local\Programs\Python\Python312\Lib\asyncio\futures.py first seen with mtime 1738656312.0
File C:\mypython3\django\Lib\site-packages\django\db\backends\base\creation.py first seen with mtime 1773145196.0605943
File C:\mypython3\django\Lib\site-packages\django\utils\lorem_ipsum.py first seen with mtime 1773145196.3050413
File C:\Users\user\AppData\Local\Programs\Python\Python312\Lib\getpass.py first seen with mtime 1738656312.0
File C:\Users\user\AppData\Local\Programs\Python\Python312\Lib\inspect.py first seen with mtime 1738656312.0
File C:\mypython3\django\Lib\site-packages\django\db\models\fields\files.py first seen with mtime 1773145196.1398132
File C:\mypython3\django\Lib\site-packages\django\forms\widgets.py first seen with mtime 1773145196.1669354
File C:\Users\user\AppData\Local\Programs\Python\Python312\Lib\email\generator.py first seen with mtime 1738656312.0
File C:\mypython3\django\Lib\site-packages\django\contrib\messages\middleware.py first seen with mtime 1773145195.212948
File C:\mypython3\django\Lib\site-packages\django\contrib\sessions\exceptions.py first seen with mtime 1773145195.561499
File C:\mypython3\django\Lib\site-packages\django\middleware\common.py first seen with mtime 1773145196.2340477
File C:\mypython3\django\Lib\site-packages\django\middleware\clickjacking.py first seen with mtime 1773145196.2330432
Watching for file changes with StatReloader
Waiting for apps ready_event.
Apps ready_event triggered. Sending autoreload_started signal.
Watching dir C:\mypython3\django\Scripts\hello_django\locale with glob **/*.mo.
Watching dir C:\mypython3\django\Scripts\hello_django\myhello\locale with glob **/*.mo.
File C:\mypython3\django\Lib\site-packages\django\__init__.py first seen with mtime 1773145193.0611882
File C:\mypython3\django\Lib\site-packages\django\templatetags\__init__.py first seen with mtime 1773145196.2641056
File C:\Users\user\AppData\Local\Programs\Python\Python312\Lib\asyncio\exceptions.py first seen with mtime 1738656312.0
File C:\mypython3\django\Lib\site-packages\django\core\checks\registry.py first seen with mtime 1773145195.9976888
File C:\mypython3\django\Lib\site-packages\django\middleware\cache.py first seen with mtime 1773145196.2330432
File C:\Users\user\AppData\Local\Programs\Python\Python312\Lib\pkgutil.py first seen with mtime 1738656312.0
File C:\mypython3\django\Lib\site-packages\django\utils\asyncio.py first seen with mtime 1773145196.284721
File C:\mypython3\django\Lib\site-packages\django\core\handlers\exception.py first seen with mtime 1773145196.0171359
File C:\Users\user\AppData\Local\Programs\Python\Python312\DLLs\_bz2.pyd first seen with mtime 1738656366.0
File C:\Users\user\AppData\Local\Programs\Python\Python312\Lib\wsgiref\simple_server.py first seen with mtime 1738656314.0
File C:\mypython3\django\Lib\site-packages\django\db\models\fields\reverse_related.py first seen with mtime 1773145196.1460817
File C:\Users\user\AppData\Local\Programs\Python\Python312\Lib\zoneinfo\_common.py first seen with mtime 1738656314.0
File C:\mypython3\django\Lib\site-packages\django\db\backends\base\operations.py first seen with mtime 1773145196.0636237
File C:\Users\user\AppData\Local\Programs\Python\Python312\Lib\getpass.py first seen with mtime 1738656312.0
File C:\mypython3\django\Lib\site-packages\django\contrib\admin\apps.py first seen with mtime 1773145193.4951673
File C:\mypython3\django\Lib\site-packages\django\template\base.py first seen with mtime 1773145196.2468977
File C:\mypython3\django\Lib\site-packages\django\contrib\sessions\backends\__init__.py first seen with mtime 1773145195.5645118
File C:\Users\user\AppData\Local\Programs\Python\Python312\Lib\encodings\utf_8_sig.py first seen with mtime 1738656312.0
File C:\Users\user\AppData\Local\Programs\Python\Python312\Lib\asyncio\coroutines.py first seen with mtime 1738656312.0
File C:\mypython3\django\Lib\site-packages\django\contrib\auth\forms.py first seen with mtime 1773145194.2068572
File C:\Users\user\AppData\Local\Programs\Python\Python312\Lib\dis.py first seen with mtime 1738656312.0
File C:\mypython3\django\Lib\site-packages\django\core\cache\__init__.py first seen with mtime 1773145195.9847455
File C:\Users\user\AppData\Local\Programs\Python\Python312\Lib\http\client.py first seen with mtime 1738656312.0
File C:\mypython3\django\Lib\site-packages\sqlparse\sql.py first seen with mtime 1773145192.8428211
File C:\mypython3\django\Lib\site-packages\django\db\migrations\operations\__init__.py first seen with mtime 1773145196.1231077
File C:\mypython3\django\Lib\site-packages\django\db\backends\sqlite3\base.py first seen with mtime 1773145196.1074038
File C:\Users\user\AppData\Local\Programs\Python\Python312\Lib\asyncio\format_helpers.py first seen with mtime 1738656312.0
File C:\mypython3\django\Lib\site-packages\django\core\checks\async_checks.py first seen with mtime 1773145195.993607
File C:\mypython3\django\Lib\site-packages\django\contrib\auth\decorators.py first seen with mtime 1773145194.2058501
File C:\mypython3\django\Lib\site-packages\django\db\models\deletion.py first seen with mtime 1773145196.130504
File C:\mypython3\django\Lib\site-packages\django\db\backends\base\creation.py first seen with mtime 1773145196.0605943
File C:\mypython3\django\Lib\site-packages\django\contrib\messages\__init__.py first seen with mtime 1773145195.2094755
File C:\mypython3\django\Lib\site-packages\django\utils\log.py first seen with mtime 1773145196.3038268
File C:\mypython3\django\Lib\site-packages\django\contrib\contenttypes\models.py first seen with mtime 1773145194.414056
File C:\mypython3\django\Lib\site-packages\django\db\models\functions\comparison.py first seen with mtime 1773145196.14814
File C:\mypython3\django\Lib\site-packages\django\contrib\staticfiles\__init__.py first seen with mtime 1773145195.966913
File C:\mypython3\django\Lib\site-packages\django\core\files\storage\base.py first seen with mtime 1773145196.0107872
File C:\Users\user\AppData\Local\Programs\Python\Python312\Lib\tokenize.py first seen with mtime 1738656314.0
File C:\mypython3\django\Lib\site-packages\django\core\checks\commands.py first seen with mtime 1773145195.9946108
File C:\Users\user\AppData\Local\Programs\Python\Python312\Lib\urllib\error.py first seen with mtime 1738656314.0
File C:\mypython3\django\Lib\site-packages\django\contrib\contenttypes\apps.py first seen with mtime 1773145194.4121568
File C:\Users\user\AppData\Local\Programs\Python\Python312\Lib\wsgiref\headers.py first seen with mtime 1738656314.0
File C:\mypython3\django\Lib\site-packages\django\db\models\fields\related_descriptors.py first seen with mtime 1773145196.1449113
File C:\mypython3\django\Lib\site-packages\django\core\management\commands\__init__.py first seen with mtime 1773145196.0303128
File C:\mypython3\django\Lib\site-packages\django\db\migrations\operations\special.py first seen with mtime 1773145196.1261158
File C:\mypython3\django\Scripts\hello_django\myhello\admin.py first seen with mtime 1773209089.9926696
File C:\mypython3\django\Lib\site-packages\django\core\handlers\base.py first seen with mtime 1773145196.0159414
File C:\Users\user\AppData\Local\Programs\Python\Python312\Lib\_compat_pickle.py first seen with mtime 1738656312.0
File C:\mypython3\django\Lib\site-packages\django\db\backends\sqlite3\_functions.py first seen with mtime 1773145196.1074038
File C:\Users\user\AppData\Local\Programs\Python\Python312\Lib\logging\config.py first seen with mtime 1738656312.0
File C:\Users\user\AppData\Local\Programs\Python\Python312\Lib\__future__.py first seen with mtime 1738656312.0
File C:\mypython3\django\Lib\site-packages\django\contrib\admin\actions.py first seen with mtime 1773145193.4940405
File C:\Users\user\AppData\Local\Programs\Python\Python312\Lib\socketserver.py first seen with mtime 1738656312.0
File C:\mypython3\django\Lib\site-packages\django\core\cache\utils.py first seen with mtime 1773145195.9857483
File C:\mypython3\django\Lib\site-packages\django\contrib\admin\helpers.py first seen with mtime 1773145193.4997232
File C:\Users\user\AppData\Local\Programs\Python\Python312\Lib\platform.py first seen with mtime 1738656312.0
File C:\Users\user\AppData\Local\Programs\Python\Python312\Lib\secrets.py first seen with mtime 1738656312.0
File C:\mypython3\django\Lib\site-packages\django\core\signals.py first seen with mtime 1773145195.9817367
File C:\mypython3\django\Lib\site-packages\django\views\generic\__init__.py first seen with mtime 1773145196.3288577
File C:\Users\user\AppData\Local\Programs\Python\Python312\Lib\multiprocessing\process.py first seen with mtime 1738656312.0
File C:\mypython3\django\Lib\site-packages\django\views\generic\detail.py first seen with mtime 1773145196.3303373
File C:\Users\user\AppData\Local\Programs\Python\Python312\Lib\nturl2path.py first seen with mtime 1738656312.0
File C:\Users\user\AppData\Local\Programs\Python\Python312\Lib\_compression.py first seen with mtime 1738656312.0
File C:\mypython3\django\Lib\site-packages\django\utils\deconstruct.py first seen with mtime 1773145196.2939546
File C:\mypython3\django\Lib\site-packages\sqlparse\filters\reindent.py first seen with mtime 1773145192.8509643
File C:\Users\user\AppData\Local\Programs\Python\Python312\Lib\email\iterators.py first seen with mtime 1738656312.0
File C:\mypython3\django\Lib\site-packages\django\template\defaultfilters.py first seen with mtime 1773145196.2489684
File C:\mypython3\django\Lib\site-packages\django\core\checks\__init__.py first seen with mtime 1773145195.9926045
File C:\mypython3\django\Lib\site-packages\django\db\models\fields\proxy.py first seen with mtime 1773145196.1428242
File C:\mypython3\django\Lib\site-packages\django\utils\deprecation.py first seen with mtime 1773145196.2951896
File C:\mypython3\django\Lib\site-packages\django\db\models\sql\__init__.py first seen with mtime 1773145196.152493
File C:\Users\user\AppData\Local\Programs\Python\Python312\Lib\sqlite3\__init__.py first seen with mtime 1738656312.0
File C:\mypython3\django\Lib\site-packages\django\utils\encoding.py first seen with mtime 1773145196.2962735
File C:\mypython3\django\Lib\site-packages\django\db\models\fields\files.py first seen with mtime 1773145196.1398132
File C:\mypython3\django\Lib\site-packages\django\core\files\storage\memory.py first seen with mtime 1773145196.0128129
File C:\Users\user\AppData\Local\Programs\Python\Python312\Lib\keyword.py first seen with mtime 1738656312.0
File C:\mypython3\django\Lib\site-packages\django\core\management\commands\runserver.py first seen with mtime 1773145196.0401168
File C:\mypython3\django\Lib\site-packages\django\contrib\staticfiles\management\__init__.py first seen with mtime 1773145195.972909
File C:\mypython3\django\Lib\site-packages\django\utils\module_loading.py first seen with mtime 1773145196.3050413
File C:\mypython3\django\Lib\site-packages\django\contrib\auth\signals.py first seen with mtime 1773145194.2097628
File C:\Users\user\AppData\Local\Programs\Python\Python312\DLLs\_zoneinfo.pyd first seen with mtime 1738656366.0
File C:\mypython3\django\Lib\site-packages\django\db\models\sql\where.py first seen with mtime 1773145196.1578827
File C:\mypython3\django\Lib\site-packages\django\contrib\auth\templatetags\auth.py first seen with mtime 1773145194.4101508
File C:\mypython3\django\Lib\site-packages\django\contrib\admin\sites.py first seen with mtime 1773145193.5029588
File C:\mypython3\django\Lib\site-packages\django\contrib\admin\utils.py first seen with mtime 1773145193.5046785
File C:\Users\user\AppData\Local\Programs\Python\Python312\Lib\tempfile.py first seen with mtime 1738656312.0
File C:\mypython3\django\Lib\site-packages\django\template\defaulttags.py first seen with mtime 1773145196.2499743
File C:\mypython3\django\Lib\site-packages\sqlparse\utils.py first seen with mtime 1773145192.8442674
File C:\Users\user\AppData\Local\Programs\Python\Python312\Lib\textwrap.py first seen with mtime 1738656314.0
File C:\mypython3\django\Lib\site-packages\django\contrib\admin\exceptions.py first seen with mtime 1773145193.498147
File C:\mypython3\django\Lib\site-packages\django\db\models\manager.py first seen with mtime 1773145196.133716
File C:\mypython3\django\Lib\site-packages\django\utils\tree.py first seen with mtime 1773145196.3107
File C:\Users\user\AppData\Local\Programs\Python\Python312\Lib\copyreg.py first seen with mtime 1738656312.0
File C:\mypython3\django\Lib\site-packages\django\db\backends\base\schema.py first seen with mtime 1773145196.0646853
File C:\Users\user\AppData\Local\Programs\Python\Python312\Lib\sysconfig.py first seen with mtime 1738656312.0
File C:\mypython3\django\Lib\site-packages\django\core\files\uploadedfile.py first seen with mtime 1773145196.0081103
File C:\mypython3\django\Lib\site-packages\sqlparse\filters\others.py first seen with mtime 1773145192.8499115
File C:\Users\user\AppData\Local\Programs\Python\Python312\Lib\token.py first seen with mtime 1738656314.0
File C:\mypython3\django\Lib\site-packages\django\core\signing.py first seen with mtime 1773145195.9827394
File C:\mypython3\django\Lib\site-packages\django\db\models\indexes.py first seen with mtime 1773145196.132712
File C:\Users\user\AppData\Local\Programs\Python\Python312\Lib\logging\handlers.py first seen with mtime 1738656312.0
File C:\mypython3\django\Lib\site-packages\django\db\models\functions\text.py first seen with mtime 1773145196.15149
File C:\Users\user\AppData\Local\Programs\Python\Python312\Lib\asyncio\windows_events.py first seen with mtime 1738656312.0
File C:\mypython3\django\Lib\site-packages\django\core\checks\security\__init__.py first seen with mtime 1773145196.0020945
File C:\mypython3\django\Lib\site-packages\django\db\models\sql\datastructures.py first seen with mtime 1773145196.1544979
File C:\mypython3\django\Lib\site-packages\django\db\backends\base\client.py first seen with mtime 1773145196.0605943
File C:\Users\user\AppData\Local\Programs\Python\Python312\Lib\ctypes\wintypes.py first seen with mtime 1738656312.0
File C:\mypython3\django\Lib\site-packages\django\urls\exceptions.py first seen with mtime 1773145196.2792509
File C:\mypython3\django\Lib\site-packages\sqlparse\tokens.py first seen with mtime 1773145192.8428211
File C:\mypython3\django\Lib\site-packages\django\contrib\admin\decorators.py first seen with mtime 1773145193.4971223
File C:\mypython3\django\Lib\site-packages\django\core\files\uploadhandler.py first seen with mtime 1773145196.00958
File C:\Users\user\AppData\Local\Programs\Python\Python312\Lib\email\utils.py first seen with mtime 1738656312.0
File C:\mypython3\django\Lib\site-packages\django\contrib\auth\admin.py first seen with mtime 1773145194.2009065
File C:\mypython3\django\Lib\site-packages\django\contrib\sessions\apps.py first seen with mtime 1773145195.5604944
File C:\mypython3\django\Lib\site-packages\django\template\autoreload.py first seen with mtime 1773145196.246394
File C:\mypython3\django\Lib\site-packages\asgiref\sync.py first seen with mtime 1773145192.946536
File C:\mypython3\django\Lib\site-packages\django\template\utils.py first seen with mtime 1773145196.2546358
File C:\Users\user\AppData\Local\Programs\Python\Python312\Lib\socket.py first seen with mtime 1738656312.0
File C:\mypython3\django\Lib\site-packages\django\core\files\utils.py first seen with mtime 1773145196.00958
File C:\Users\user\AppData\Local\Programs\Python\Python312\Lib\contextlib.py first seen with mtime 1738656312.0
File C:\mypython3\django\Lib\site-packages\django\db\backends\base\base.py first seen with mtime 1773145196.0595918
File C:\Users\user\AppData\Local\Programs\Python\Python312\Lib\email\mime\base.py first seen with mtime 1738656312.0
File C:\Users\user\AppData\Local\Programs\Python\Python312\Lib\copy.py first seen with mtime 1738656312.0
File C:\Users\user\AppData\Local\Programs\Python\Python312\Lib\re\_casefix.py first seen with mtime 1738656312.0
File C:\Users\user\AppData\Local\Programs\Python\Python312\Lib\email\__init__.py first seen with mtime 1738656312.0
File C:\Users\user\AppData\Local\Programs\Python\Python312\Lib\re\_compiler.py first seen with mtime 1738656312.0
File C:\Users\user\AppData\Local\Programs\Python\Python312\Lib\gzip.py first seen with mtime 1738656312.0
File C:\Users\user\AppData\Local\Programs\Python\Python312\Lib\ctypes\_endian.py first seen with mtime 1738656312.0
File C:\mypython3\django\Lib\site-packages\django\template\loader.py first seen with mtime 1773145196.252318
File C:\mypython3\django\Lib\site-packages\sqlparse\filters\__init__.py first seen with mtime 1773145192.848455
File C:\mypython3\django\Lib\site-packages\django\core\paginator.py first seen with mtime 1773145195.9806347
File C:\Users\user\AppData\Local\Programs\Python\Python312\Lib\asyncio\runners.py first seen with mtime 1738656312.0
File C:\mypython3\django\Lib\site-packages\django\db\models\expressions.py first seen with mtime 1773145196.1317077
File C:\mypython3\django\Lib\site-packages\sqlparse\filters\output.py first seen with mtime 1773145192.8499115
File C:\mypython3\django\Lib\site-packages\sqlparse\filters\right_margin.py first seen with mtime 1773145192.8509643
File C:\Users\user\AppData\Local\Programs\Python\Python312\DLLs\unicodedata.pyd first seen with mtime 1738656366.0
File C:\mypython3\django\Lib\site-packages\django\core\files\locks.py first seen with mtime 1773145196.006105
File C:\mypython3\django\Lib\site-packages\django\contrib\auth\models.py first seen with mtime 1773145194.209344
File C:\mypython3\django\Lib\site-packages\django\template\backends\django.py first seen with mtime 1773145196.256998
File C:\mypython3\django\Lib\site-packages\django\utils\inspect.py first seen with mtime 1773145196.3016546
File C:\Users\user\AppData\Local\Programs\Python\Python312\Lib\email\generator.py first seen with mtime 1738656312.0
File C:\mypython3\django\Scripts\hello_django\hello_django\__init__.py first seen with mtime 1773146754.8790936
File C:\mypython3\django\Lib\site-packages\django\contrib\staticfiles\handlers.py first seen with mtime 1773145195.9689355
File C:\Users\user\AppData\Local\Programs\Python\Python312\Lib\locale.py first seen with mtime 1738656312.0
File C:\Users\user\AppData\Local\Programs\Python\Python312\Lib\asyncio\base_futures.py first seen with mtime 1738656312.0
File C:\mypython3\django\Lib\site-packages\sqlparse\engine\filter_stack.py first seen with mtime 1773145192.8452957
File C:\mypython3\django\Lib\site-packages\django\templatetags\cache.py first seen with mtime 1773145196.2654092
File C:\mypython3\django\Lib\site-packages\django\views\decorators\csrf.py first seen with mtime 1773145196.325538
File C:\Users\user\AppData\Local\Programs\Python\Python312\Lib\base64.py first seen with mtime 1738656312.0
File C:\mypython3\django\Lib\site-packages\django\views\generic\dates.py first seen with mtime 1773145196.3303373
File C:\Users\user\AppData\Local\Programs\Python\Python312\Lib\shutil.py first seen with mtime 1738656312.0
File C:\Users\user\AppData\Local\Programs\Python\Python312\Lib\statistics.py first seen with mtime 1738656312.0
File C:\mypython3\django\Lib\site-packages\django\template\__init__.py first seen with mtime 1773145196.245047
File C:\mypython3\django\Lib\site-packages\django\utils\http.py first seen with mtime 1773145196.3016546
File C:\Users\user\AppData\Local\Programs\Python\Python312\DLLs\_ssl.pyd first seen with mtime 1738656366.0
File C:\mypython3\django\Lib\site-packages\django\contrib\messages\constants.py first seen with mtime 1773145195.2114909
File C:\mypython3\django\Lib\site-packages\django\utils\numberformat.py first seen with mtime 1773145196.306123
File C:\mypython3\django\Lib\site-packages\_virtualenv.py first seen with mtime 1773145102.794879
File C:\Users\user\AppData\Local\Programs\Python\Python312\Lib\asyncio\trsock.py first seen with mtime 1738656312.0
File C:\mypython3\django\Lib\site-packages\django\contrib\sessions\backends\base.py first seen with mtime 1773145195.5655143
File C:\mypython3\django\Lib\site-packages\django\core\__init__.py first seen with mtime 1773145195.978595
File C:\mypython3\django\Lib\site-packages\django\core\cache\backends\base.py first seen with mtime 1773145195.9867523
File C:\Users\user\AppData\Local\Programs\Python\Python312\Lib\ipaddress.py first seen with mtime 1738656312.0
File C:\mypython3\django\Lib\site-packages\django\core\mail\utils.py first seen with mtime 1773145196.0191846
File C:\Users\user\AppData\Local\Programs\Python\Python312\Lib\hashlib.py first seen with mtime 1738656312.0
File C:\Users\user\AppData\Local\Programs\Python\Python312\Lib\ssl.py first seen with mtime 1738656312.0
File C:\mypython3\django\Lib\site-packages\django\db\models\fields\generated.py first seen with mtime 1773145196.1398132
File C:\mypython3\django\Lib\site-packages\django\contrib\contenttypes\management\__init__.py first seen with mtime 1773145194.610613
File C:\mypython3\django\Lib\site-packages\django\db\models\functions\mixins.py first seen with mtime 1773145196.1504881
File C:\Users\user\AppData\Local\Programs\Python\Python312\Lib\zoneinfo\__init__.py first seen with mtime 1738656314.0
File C:\Users\user\AppData\Local\Programs\Python\Python312\Lib\encodings\__init__.py first seen with mtime 1738656312.0
File C:\mypython3\django\Scripts\hello_django\myhello\apps.py first seen with mtime 1773209089.9947636
File C:\mypython3\django\Lib\site-packages\django\db\models\signals.py first seen with mtime 1773145196.1367948
File C:\Users\user\AppData\Local\Programs\Python\Python312\Lib\asyncio\staggered.py first seen with mtime 1738656312.0
File C:\Users\user\AppData\Local\Programs\Python\Python312\Lib\operator.py first seen with mtime 1738656312.0
File C:\Users\user\AppData\Local\Programs\Python\Python312\Lib\asyncio\locks.py first seen with mtime 1738656312.0
File C:\mypython3\django\Lib\site-packages\sqlparse\filters\tokens.py first seen with mtime 1773145192.8523216
File C:\mypython3\django\Lib\site-packages\django\views\generic\base.py first seen with mtime 1773145196.3288577
File C:\Users\user\AppData\Local\Programs\Python\Python312\Lib\http\__init__.py first seen with mtime 1738656312.0
File C:\mypython3\django\Lib\site-packages\django\core\checks\compatibility\__init__.py first seen with mtime 1773145196.0000894
File C:\Users\user\AppData\Local\Programs\Python\Python312\Lib\collections\__init__.py first seen with mtime 1738656312.0
File C:\mypython3\django\Lib\site-packages\django\core\checks\security\sessions.py first seen with mtime 1773145196.0041006
File C:\Users\user\AppData\Local\Programs\Python\Python312\Lib\mimetypes.py first seen with mtime 1738656312.0
File C:\Users\user\AppData\Local\Programs\Python\Python312\Lib\html\__init__.py first seen with mtime 1738656312.0
File C:\mypython3\django\Lib\site-packages\django\db\backends\__init__.py first seen with mtime 1773145196.056584
File C:\Users\user\AppData\Local\Programs\Python\Python312\Lib\email\quoprimime.py first seen with mtime 1738656312.0
File C:\mypython3\django\Lib\site-packages\django\core\files\base.py first seen with mtime 1773145196.0051029
File C:\mypython3\django\Lib\site-packages\django\views\generic\list.py first seen with mtime 1773145196.3316674
File C:\Users\user\AppData\Local\Programs\Python\Python312\Lib\fractions.py first seen with mtime 1738656312.0
File C:\Users\user\AppData\Local\Programs\Python\Python312\Lib\ast.py first seen with mtime 1738656312.0
File C:\mypython3\django\Lib\site-packages\django\middleware\__init__.py first seen with mtime 1773145196.2320373
File C:\mypython3\django\Lib\site-packages\django\forms\fields.py first seen with mtime 1773145196.1619065
File C:\mypython3\django\Lib\site-packages\django\contrib\admin\templatetags\admin_urls.py first seen with mtime 1773145193.9976585
File C:\Users\user\AppData\Local\Programs\Python\Python312\Lib\struct.py first seen with mtime 1738656312.0
File C:\mypython3\django\Lib\site-packages\django\db\models\functions\__init__.py first seen with mtime 1773145196.1471357
File C:\mypython3\django\Lib\site-packages\django\contrib\auth\backends.py first seen with mtime 1773145194.202163
File C:\Users\user\AppData\Local\Programs\Python\Python312\Lib\sqlite3\dbapi2.py first seen with mtime 1738656312.0
File C:\Users\user\AppData\Local\Programs\Python\Python312\Lib\email\contentmanager.py first seen with mtime 1738656312.0
File C:\mypython3\django\Lib\site-packages\django\contrib\messages\storage\__init__.py first seen with mtime 1773145195.2149706
File C:\mypython3\django\Lib\site-packages\django\db\backends\base\features.py first seen with mtime 1773145196.0615973
File C:\mypython3\django\Lib\site-packages\django\contrib\sessions\__init__.py first seen with mtime 1773145195.5604944
File C:\Users\user\AppData\Local\Programs\Python\Python312\Lib\datetime.py first seen with mtime 1738656312.0
File C:\Users\user\AppData\Local\Programs\Python\Python312\Lib\concurrent\futures\_base.py first seen with mtime 1738656312.0
File C:\Users\user\AppData\Local\Programs\Python\Python312\Lib\reprlib.py first seen with mtime 1738656312.0
File C:\mypython3\django\Lib\site-packages\django\contrib\sites\shortcuts.py first seen with mtime 1773145195.7729342
File C:\Users\user\AppData\Local\Programs\Python\Python312\Lib\email\policy.py first seen with mtime 1738656312.0
File C:\Users\user\AppData\Local\Programs\Python\Python312\Lib\encodings\utf_8.py first seen with mtime 1738656312.0
File C:\mypython3\django\Lib\site-packages\django\core\servers\basehttp.py first seen with mtime 1773145196.053576
File C:\Users\user\AppData\Local\Programs\Python\Python312\Lib\email\encoders.py first seen with mtime 1738656312.0
File C:\mypython3\django\Lib\site-packages\django\templatetags\l10n.py first seen with mtime 1773145196.2664125
File C:\mypython3\django\Lib\site-packages\django\contrib\sessions\middleware.py first seen with mtime 1773145195.562503
File C:\Users\user\AppData\Local\Programs\Python\Python312\Lib\graphlib.py first seen with mtime 1738656312.0
File C:\Users\user\AppData\Local\Programs\Python\Python312\Lib\http\cookies.py first seen with mtime 1738656312.0
File C:\Users\user\AppData\Local\Programs\Python\Python312\Lib\asyncio\subprocess.py first seen with mtime 1738656312.0
File C:\mypython3\django\Lib\site-packages\django\utils\choices.py first seen with mtime 1773145196.2874978
File C:\Users\user\AppData\Local\Programs\Python\Python312\Lib\asyncio\log.py first seen with mtime 1738656312.0
File C:\Users\user\AppData\Local\Programs\Python\Python312\Lib\asyncio\windows_utils.py first seen with mtime 1738656312.0
File C:\mypython3\django\Lib\site-packages\django\template\loader_tags.py first seen with mtime 1773145196.2536273
File C:\mypython3\django\Lib\site-packages\django\db\models\functions\json.py first seen with mtime 1773145196.14814
File C:\mypython3\django\Lib\site-packages\django\urls\utils.py first seen with mtime 1773145196.2802548
File C:\Users\user\AppData\Local\Programs\Python\Python312\Lib\string.py first seen with mtime 1738656312.0
File C:\mypython3\django\Lib\site-packages\django\contrib\auth\middleware.py first seen with mtime 1773145194.207342
File C:\Users\user\AppData\Local\Programs\Python\Python312\Lib\email\_policybase.py first seen with mtime 1738656312.0
File C:\mypython3\django\Lib\site-packages\django\core\management\base.py first seen with mtime 1773145196.0260246
File C:\mypython3\django\Lib\site-packages\django\contrib\admin\checks.py first seen with mtime 1773145193.4961762
File C:\mypython3\django\Lib\site-packages\django\views\decorators\cache.py first seen with mtime 1773145196.3217947
File C:\mypython3\django\Lib\site-packages\asgiref\current_thread_executor.py first seen with mtime 1773145192.9433763
File C:\Users\user\AppData\Local\Programs\Python\Python312\Lib\urllib\response.py first seen with mtime 1738656314.0
File C:\Users\user\AppData\Local\Programs\Python\Python312\Lib\asyncio\taskgroups.py first seen with mtime 1738656312.0
File C:\mypython3\django\Lib\site-packages\django\contrib\messages\apps.py first seen with mtime 1773145195.2114909
File C:\Users\user\AppData\Local\Programs\Python\Python312\Lib\zoneinfo\_tzpath.py first seen with mtime 1738656314.0
File C:\Users\user\AppData\Local\Programs\Python\Python312\Lib\importlib\__init__.py first seen with mtime 1738656312.0
File C:\Users\user\AppData\Local\Programs\Python\Python312\Lib\heapq.py first seen with mtime 1738656312.0
File C:\mypython3\django\Lib\site-packages\django\db\models\aggregates.py first seen with mtime 1773145196.127118
File C:\mypython3\django\Scripts\hello_django\hello_django\urls.py first seen with mtime 1773210014.6663246
File C:\Users\user\AppData\Local\Programs\Python\Python312\Lib\multiprocessing\context.py first seen with mtime 1738656312.0
File C:\mypython3\django\Lib\site-packages\django\core\files\__init__.py first seen with mtime 1773145196.0051029
File C:\Users\user\AppData\Local\Programs\Python\Python312\Lib\signal.py first seen with mtime 1738656312.0
File C:\Users\user\AppData\Local\Programs\Python\Python312\Lib\enum.py first seen with mtime 1738656312.0
File C:\Users\user\AppData\Local\Programs\Python\Python312\Lib\_weakrefset.py first seen with mtime 1738656312.0
File C:\mypython3\django\Lib\site-packages\django\core\checks\security\csrf.py first seen with mtime 1773145196.003097
File C:\mypython3\django\Lib\site-packages\django\contrib\sessions\exceptions.py first seen with mtime 1773145195.561499
File C:\Users\user\AppData\Local\Programs\Python\Python312\Lib\asyncio\tasks.py first seen with mtime 1738656312.0
File C:\mypython3\django\Lib\site-packages\django\contrib\auth\templatetags\__init__.py first seen with mtime 1773145194.4091442
File C:\Users\user\AppData\Local\Programs\Python\Python312\Lib\weakref.py first seen with mtime 1738656314.0
File C:\Users\user\AppData\Local\Programs\Python\Python312\Lib\asyncio\threads.py first seen with mtime 1738656312.0
File C:\Users\user\AppData\Local\Programs\Python\Python312\Lib\asyncio\futures.py first seen with mtime 1738656312.0
File C:\mypython3\django\Lib\site-packages\django\utils\formats.py first seen with mtime 1773145196.297287
File C:\mypython3\django\Lib\site-packages\django\views\generic\edit.py first seen with mtime 1773145196.3316674
File C:\Users\user\AppData\Local\Programs\Python\Python312\Lib\lzma.py first seen with mtime 1738656312.0
File C:\Users\user\AppData\Local\Programs\Python\Python312\Lib\email\mime\nonmultipart.py first seen with mtime 1738656312.0
File C:\mypython3\django\Lib\site-packages\django\utils\dateparse.py first seen with mtime 1773145196.2914486
File C:\Users\user\AppData\Local\Programs\Python\Python312\Lib\traceback.py first seen with mtime 1738656314.0
File C:\mypython3\django\Lib\site-packages\django\db\models\enums.py first seen with mtime 1773145196.1317077
File C:\mypython3\django\Lib\site-packages\django\contrib\contenttypes\views.py first seen with mtime 1773145194.415163
File C:\Users\user\AppData\Local\Programs\Python\Python312\DLLs\_ctypes.pyd first seen with mtime 1738656366.0
File C:\Users\user\AppData\Local\Programs\Python\Python312\Lib\re\_constants.py first seen with mtime 1738656312.0
File C:\mypython3\django\Lib\site-packages\django\db\models\sql\constants.py first seen with mtime 1773145196.1544979
File C:\Users\user\AppData\Local\Programs\Python\Python312\Lib\pprint.py first seen with mtime 1738656312.0
File C:\mypython3\django\Lib\site-packages\django\utils\duration.py first seen with mtime 1773145196.2962735
File C:\Users\user\AppData\Local\Programs\Python\Python312\Lib\asyncio\streams.py first seen with mtime 1738656312.0
File C:\mypython3\django\Lib\site-packages\django\apps\config.py first seen with mtime 1773145193.0643098
File C:\mypython3\django\Lib\site-packages\django\db\models\fields\tuple_lookups.py first seen with mtime 1773145196.1460817
File C:\Users\user\AppData\Local\Programs\Python\Python312\Lib\asyncio\transports.py first seen with mtime 1738656312.0
File C:\mypython3\django\Lib\site-packages\sqlparse\filters\aligned_indent.py first seen with mtime 1773145192.848455
File C:\mypython3\django\Lib\site-packages\django\utils\text.py first seen with mtime 1773145196.308205
File C:\mypython3\django\Lib\site-packages\django\urls\base.py first seen with mtime 1773145196.2768354
File C:\mypython3\django\Lib\site-packages\django\contrib\admin\templatetags\base.py first seen with mtime 1773145193.9981663
File C:\mypython3\django\Lib\site-packages\django\template\loaders\app_directories.py first seen with mtime 1773145196.2604578
File C:\mypython3\django\Lib\site-packages\django\template\engine.py first seen with mtime 1773145196.2499743
File C:\Users\user\AppData\Local\Programs\Python\Python312\Lib\multiprocessing\reduction.py first seen with mtime 1738656312.0
File C:\mypython3\django\Lib\site-packages\django\db\backends\ddl_references.py first seen with mtime 1773145196.057587
File C:\mypython3\django\Lib\site-packages\django\conf\locale\__init__.py first seen with mtime 1773145193.0745852
File C:\Users\user\AppData\Local\Programs\Python\Python312\Lib\asyncio\base_tasks.py first seen with mtime 1738656312.0
File C:\mypython3\django\Lib\site-packages\django\views\i18n.py first seen with mtime 1773145196.3195925
File C:\mypython3\django\Lib\site-packages\django\core\serializers\__init__.py first seen with mtime 1773145196.049322
File C:\mypython3\django\Lib\site-packages\django\db\models\fields\related_lookups.py first seen with mtime 1773145196.1449113
File C:\mypython3\django\Lib\site-packages\django\core\checks\translation.py first seen with mtime 1773145195.999038
File C:\mypython3\django\Lib\site-packages\django\utils\regex_helper.py first seen with mtime 1773145196.306123
File C:\mypython3\django\Lib\site-packages\django\contrib\sessions\models.py first seen with mtime 1773145195.5635092
File C:\mypython3\django\Lib\site-packages\django\core\checks\urls.py first seen with mtime 1773145196.0000894
File C:\mypython3\django\Lib\site-packages\django\utils\translation\reloader.py first seen with mtime 1773145196.3137293
File C:\mypython3\django\Lib\site-packages\django\views\__init__.py first seen with mtime 1773145196.31751
File C:\mypython3\django\Lib\site-packages\django\db\models\functions\datetime.py first seen with mtime 1773145196.14814
File C:\mypython3\django\Lib\site-packages\django\db\backends\base\__init__.py first seen with mtime 1773145196.0595918
File C:\mypython3\django\Lib\site-packages\django\core\checks\messages.py first seen with mtime 1773145195.996686
File C:\mypython3\django\Lib\site-packages\django\db\models\sql\subqueries.py first seen with mtime 1773145196.15688
File C:\mypython3\django\Lib\site-packages\django\core\checks\compatibility\django_4_0.py first seen with mtime 1773145196.0010917
File C:\Users\user\AppData\Local\Programs\Python\Python312\Lib\email\_encoded_words.py first seen with mtime 1738656312.0
File C:\Users\user\AppData\Local\Programs\Python\Python312\Lib\asyncio\sslproto.py first seen with mtime 1738656312.0
File C:\mypython3\django\Lib\site-packages\django\contrib\contenttypes\__init__.py first seen with mtime 1773145194.411154
File C:\Users\user\AppData\Local\Programs\Python\Python312\Lib\concurrent\__init__.py first seen with mtime 1738656312.0
File C:\Users\user\AppData\Local\Programs\Python\Python312\DLLs\_socket.pyd first seen with mtime 1738656366.0
File C:\mypython3\django\Lib\site-packages\django\core\serializers\python.py first seen with mtime 1773145196.051571
File C:\mypython3\django\Lib\site-packages\django\contrib\messages\api.py first seen with mtime 1773145195.2104838
File C:\mypython3\django\Lib\site-packages\django\core\servers\__init__.py first seen with mtime 1773145196.053576
File C:\Users\user\AppData\Local\Programs\Python\Python312\Lib\hmac.py first seen with mtime 1738656312.0
File C:\Users\user\AppData\Local\Programs\Python\Python312\Lib\random.py first seen with mtime 1738656312.0
File C:\Users\user\AppData\Local\Programs\Python\Python312\Lib\asyncio\queues.py first seen with mtime 1738656312.0
File C:\mypython3\django\Lib\site-packages\django\http\request.py first seen with mtime 1773145196.231031
File C:\Users\user\AppData\Local\Programs\Python\Python312\Lib\encodings\cp950.py first seen with mtime 1738656312.0
File C:\mypython3\django\Lib\site-packages\django\apps\__init__.py first seen with mtime 1773145193.0633047
File C:\mypython3\django\Lib\site-packages\django\contrib\staticfiles\utils.py first seen with mtime 1773145195.9714255
File C:\Users\user\AppData\Local\Programs\Python\Python312\DLLs\_queue.pyd first seen with mtime 1738656366.0
File C:\mypython3\django\Lib\site-packages\django\contrib\admin\filters.py first seen with mtime 1773145193.498147
File C:\mypython3\django\Lib\site-packages\django\templatetags\i18n.py first seen with mtime 1773145196.2654092
File C:\mypython3\django\Lib\site-packages\django\core\checks\database.py first seen with mtime 1773145195.9956176
File C:\mypython3\django\Lib\site-packages\django\db\models\query.py first seen with mtime 1773145196.1357875
File C:\Users\user\AppData\Local\Programs\Python\Python312\Lib\multiprocessing\__init__.py first seen with mtime 1738656312.0
File C:\mypython3\django\Lib\site-packages\django\db\models\base.py first seen with mtime 1773145196.128121
File C:\mypython3\django\Lib\site-packages\django\contrib\staticfiles\management\commands\__init__.py first seen with mtime 1773145195.9739394
File C:\mypython3\django\Lib\site-packages\django\db\backends\sqlite3\operations.py first seen with mtime 1773145196.110429
File C:\mypython3\django\Lib\site-packages\django\template\loaders\filesystem.py first seen with mtime 1773145196.2629397
File C:\mypython3\django\Lib\site-packages\sqlparse\engine\__init__.py first seen with mtime 1773145192.8452957
File C:\Users\user\AppData\Local\Programs\Python\Python312\Lib\opcode.py first seen with mtime 1738656312.0
File C:\Users\user\AppData\Local\Programs\Python\Python312\Lib\ctypes\__init__.py first seen with mtime 1738656312.0
File C:\Users\user\AppData\Local\Programs\Python\Python312\Lib\fnmatch.py first seen with mtime 1738656312.0
File C:\mypython3\django\Scripts\hello_django\hello_django\settings.py first seen with mtime 1773210093.7927594
File C:\Users\user\AppData\Local\Programs\Python\Python312\Lib\email\mime\__init__.py first seen with mtime 1738656312.0
File C:\mypython3\django\Lib\site-packages\django\contrib\admin\__init__.py first seen with mtime 1773145193.4930222
File C:\mypython3\django\Lib\site-packages\sqlparse\keywords.py first seen with mtime 1773145192.8408105
File C:\mypython3\django\Lib\site-packages\django\contrib\contenttypes\admin.py first seen with mtime 1773145194.411154
File C:\mypython3\django\Lib\site-packages\django\contrib\contenttypes\forms.py first seen with mtime 1773145194.414056
File C:\mypython3\django\Lib\site-packages\django\contrib\admin\templatetags\admin_list.py first seen with mtime 1773145193.9954436
File C:\mypython3\django\Lib\site-packages\django\core\management\color.py first seen with mtime 1773145196.0270288
File C:\mypython3\django\Lib\site-packages\django\db\models\constraints.py first seen with mtime 1773145196.130504
File C:\mypython3\django\Lib\site-packages\django\db\models\fields\composite.py first seen with mtime 1773145196.1388083
File C:\Users\user\AppData\Local\Programs\Python\Python312\Lib\pickle.py first seen with mtime 1738656312.0
File C:\Users\user\AppData\Local\Programs\Python\Python312\Lib\concurrent\futures\thread.py first seen with mtime 1738656312.0
File C:\mypython3\django\Lib\site-packages\django\core\checks\templates.py first seen with mtime 1773145195.9976888
File C:\mypython3\django\Lib\site-packages\django\db\models\sql\query.py first seen with mtime 1773145196.1555007
File C:\mypython3\django\Lib\site-packages\django\core\checks\security\base.py first seen with mtime 1773145196.0020945
File C:\mypython3\django\Lib\site-packages\django\core\files\storage\__init__.py first seen with mtime 1773145196.0107872
File C:\Users\user\AppData\Local\Programs\Python\Python312\Lib\inspect.py first seen with mtime 1738656312.0
File C:\mypython3\django\Lib\site-packages\django\urls\conf.py first seen with mtime 1773145196.2778685
File C:\mypython3\django\Lib\site-packages\django\views\decorators\csp.py first seen with mtime 1773145196.3242855
File C:\mypython3\django\Lib\site-packages\django\templatetags\tz.py first seen with mtime 1773145196.2678335
File C:\mypython3\django\Lib\site-packages\django\core\cache\backends\filebased.py first seen with mtime 1773145195.9891803
File C:\mypython3\django\Lib\site-packages\django\core\checks\files.py first seen with mtime 1773145195.9956176
File C:\mypython3\django\Lib\site-packages\django\core\files\storage\handler.py first seen with mtime 1773145196.0128129
File C:\mypython3\django\Lib\site-packages\django\core\files\move.py first seen with mtime 1773145196.0071077
File C:\mypython3\django\Lib\site-packages\django\db\backends\base\validation.py first seen with mtime 1773145196.0737398
File C:\mypython3\django\Lib\site-packages\django\utils\timesince.py first seen with mtime 1773145196.3096595
File C:\mypython3\django\Lib\site-packages\django\contrib\auth\checks.py first seen with mtime 1773145194.2036693
File C:\mypython3\django\Lib\site-packages\django\core\files\storage\mixins.py first seen with mtime 1773145196.0138185
File C:\mypython3\django\Lib\site-packages\django\db\models\query_utils.py first seen with mtime 1773145196.1357875
File C:\mypython3\django\Lib\site-packages\sqlparse\engine\grouping.py first seen with mtime 1773145192.8464475
File C:\Users\user\AppData\Local\Programs\Python\Python312\Lib\html\parser.py first seen with mtime 1738656312.0
File C:\mypython3\django\Lib\site-packages\django\db\migrations\__init__.py first seen with mtime 1773145196.1140866
File C:\mypython3\django\Lib\site-packages\django\utils\autoreload.py first seen with mtime 1773145196.2862146
File C:\mypython3\django\Lib\site-packages\django\forms\formsets.py first seen with mtime 1773145196.1629066
File C:\mypython3\django\Lib\site-packages\django\db\models\fields\mixins.py first seen with mtime 1773145196.141822
File C:\Users\user\AppData\Local\Programs\Python\Python312\Lib\decimal.py first seen with mtime 1738656312.0
File C:\mypython3\django\Lib\site-packages\django\template\exceptions.py first seen with mtime 1773145196.2509928
File C:\Users\user\AppData\Local\Programs\Python\Python312\Lib\pathlib.py first seen with mtime 1738656312.0
File C:\mypython3\django\Lib\site-packages\django\template\backends\base.py first seen with mtime 1773145196.256998
File C:\mypython3\django\Lib\site-packages\django\utils\version.py first seen with mtime 1773145196.3117063
File C:\mypython3\django\Lib\site-packages\django\urls\resolvers.py first seen with mtime 1773145196.2802548
File C:\Users\user\AppData\Local\Programs\Python\Python312\DLLs\_uuid.pyd first seen with mtime 1738656366.0
File C:\mypython3\django\Lib\site-packages\django\contrib\auth\base_user.py first seen with mtime 1773145194.2031653
File C:\mypython3\django\Lib\site-packages\django\db\backends\sqlite3\client.py first seen with mtime 1773145196.1084104
File C:\Users\user\AppData\Local\Programs\Python\Python312\Lib\email\charset.py first seen with mtime 1738656312.0
File C:\mypython3\django\Lib\site-packages\django\forms\renderers.py first seen with mtime 1773145196.1649306
File C:\mypython3\django\Lib\site-packages\django\contrib\staticfiles\views.py first seen with mtime 1773145195.972909
File C:\mypython3\django\Lib\site-packages\django\core\handlers\asgi.py first seen with mtime 1773145196.0159414
File C:\mypython3\django\Lib\site-packages\sqlparse\cli.py first seen with mtime 1773145192.837533
File C:\mypython3\django\Lib\site-packages\django\contrib\messages\storage\base.py first seen with mtime 1773145195.216087
File C:\Users\user\AppData\Local\Programs\Python\Python312\Lib\email\base64mime.py first seen with mtime 1738656312.0
File C:\mypython3\django\Lib\site-packages\django\db\migrations\migration.py first seen with mtime 1773145196.1180944
File C:\Users\user\AppData\Local\Programs\Python\Python312\Lib\urllib\__init__.py first seen with mtime 1738656314.0
File C:\mypython3\django\Lib\site-packages\django\templatetags\static.py first seen with mtime 1773145196.2664125
File C:\mypython3\django\Lib\site-packages\django\http\multipartparser.py first seen with mtime 1773145196.2300172
File C:\Users\user\AppData\Local\Programs\Python\Python312\Lib\contextvars.py first seen with mtime 1738656312.0
File C:\mypython3\django\Lib\site-packages\django\contrib\auth\management\__init__.py first seen with mtime 1773145194.3959832
File C:\mypython3\django\Lib\site-packages\django\template\loaders\base.py first seen with mtime 1773145196.2619398
File C:\mypython3\django\Lib\site-packages\django\db\backends\sqlite3\introspection.py first seen with mtime 1773145196.110429
File C:\mypython3\django\Lib\site-packages\django\db\migrations\operations\fields.py first seen with mtime 1773145196.125113
File C:\mypython3\django\Lib\site-packages\django\utils\connection.py first seen with mtime 1773145196.2887466
File C:\Users\user\AppData\Local\Programs\Python\Python312\Lib\asyncio\base_events.py first seen with mtime 1738656312.0
File C:\mypython3\django\Lib\site-packages\django\template\smartif.py first seen with mtime 1773145196.2546358
File C:\mypython3\django\Lib\site-packages\django\contrib\staticfiles\management\commands\runserver.py first seen with mtime 1773145195.976585
File C:\mypython3\django\Lib\site-packages\django\db\models\utils.py first seen with mtime 1773145196.137802
File C:\mypython3\django\Lib\site-packages\django\template\loaders\__init__.py first seen with mtime 1773145196.2604578
File C:\Users\user\AppData\Local\Programs\Python\Python312\Lib\email\feedparser.py first seen with mtime 1738656312.0
File C:\Users\user\AppData\Local\Programs\Python\Python312\Lib\asyncio\base_subprocess.py first seen with mtime 1738656312.0
File C:\Users\user\AppData\Local\Programs\Python\Python312\Lib\email\mime\text.py first seen with mtime 1738656312.0
File C:\mypython3\django\Lib\site-packages\django\template\response.py first seen with mtime 1773145196.2546358
File C:\Users\user\AppData\Local\Programs\Python\Python312\Lib\urllib\parse.py first seen with mtime 1738656314.0
File C:\Users\user\AppData\Local\Programs\Python\Python312\Lib\email\mime\message.py first seen with mtime 1738656312.0
File C:\mypython3\django\Lib\site-packages\django\middleware\security.py first seen with mtime 1773145196.2384107
File C:\mypython3\django\Lib\site-packages\django\contrib\contenttypes\fields.py first seen with mtime 1773145194.4131591
File C:\mypython3\django\Lib\site-packages\django\core\management\__init__.py first seen with mtime 1773145196.0260246
File C:\mypython3\django\Lib\site-packages\django\http\cookie.py first seen with mtime 1773145196.2290022
File C:\mypython3\django\Lib\site-packages\django\db\models\functions\window.py first seen with mtime 1773145196.15149
File C:\Users\user\AppData\Local\Programs\Python\Python312\Lib\gettext.py first seen with mtime 1738656312.0
File C:\Users\user\AppData\Local\Programs\Python\Python312\Lib\argparse.py first seen with mtime 1738656312.0
File C:\mypython3\django\Lib\site-packages\django\views\decorators\debug.py first seen with mtime 1773145196.325538
File C:\Users\user\AppData\Local\Programs\Python\Python312\Lib\email\header.py first seen with mtime 1738656312.0
File C:\mypython3\django\Lib\site-packages\django\contrib\sites\__init__.py first seen with mtime 1773145195.7663884
File C:\Users\user\AppData\Local\Programs\Python\Python312\Lib\email\errors.py first seen with mtime 1738656312.0
File C:\mypython3\django\Scripts\hello_django\myhello\models.py first seen with mtime 1773209089.9959147
File C:\mypython3\django\Lib\site-packages\django\utils\__init__.py first seen with mtime 1773145196.281257
File C:\mypython3\django\Lib\site-packages\django\db\models\constants.py first seen with mtime 1773145196.1291237
File C:\mypython3\django\Lib\site-packages\django\http\response.py first seen with mtime 1773145196.2320373
File C:\mypython3\django\Lib\site-packages\django\template\backends\__init__.py first seen with mtime 1773145196.2559953
File C:\mypython3\django\Lib\site-packages\django\contrib\auth\views.py first seen with mtime 1773145194.212838
File C:\mypython3\django\Lib\site-packages\django\views\decorators\common.py first seen with mtime 1773145196.3230605
File C:\mypython3\django\Lib\site-packages\django\db\models\options.py first seen with mtime 1773145196.1347816
File C:\mypython3\django\Lib\site-packages\django\core\handlers\__init__.py first seen with mtime 1773145196.0148456
File C:\mypython3\django\Lib\site-packages\django\contrib\auth\apps.py first seen with mtime 1773145194.202163
File C:\mypython3\django\Lib\site-packages\django\views\decorators\__init__.py first seen with mtime 1773145196.3217947
File C:\mypython3\django\Lib\site-packages\django\contrib\admin\templatetags\__init__.py first seen with mtime 1773145193.9942608
File C:\mypython3\django\Lib\site-packages\django\core\files\temp.py first seen with mtime 1773145196.0071077
File C:\mypython3\django\Lib\site-packages\django\core\validators.py first seen with mtime 1773145195.9827394
File C:\mypython3\django\Lib\site-packages\django\views\debug.py first seen with mtime 1773145196.3185208
File C:\mypython3\django\Lib\site-packages\django\core\mail\__init__.py first seen with mtime 1773145196.0181444
File C:\mypython3\django\Lib\site-packages\django\utils\html.py first seen with mtime 1773145196.3005579
File C:\Users\user\AppData\Local\Programs\Python\Python312\Lib\functools.py first seen with mtime 1738656312.0
File C:\mypython3\django\Lib\site-packages\sqlparse\lexer.py first seen with mtime 1773145192.8408105
File C:\mypython3\django\Lib\site-packages\django\db\backends\base\introspection.py first seen with mtime 1773145196.0626051
File C:\Users\user\AppData\Local\Programs\Python\Python312\DLLs\_decimal.pyd first seen with mtime 1738656366.0
File C:\mypython3\django\Lib\site-packages\django\forms\widgets.py first seen with mtime 1773145196.1669354
File C:\mypython3\django\Lib\site-packages\django\db\models\fields\related.py first seen with mtime 1773145196.143908
File C:\Users\user\AppData\Local\Programs\Python\Python312\Lib\queue.py first seen with mtime 1738656312.0
File C:\Users\user\AppData\Local\Programs\Python\Python312\Lib\typing.py first seen with mtime 1738656314.0
File C:\mypython3\django\Lib\site-packages\django\utils\copy.py first seen with mtime 1773145196.2887466
File C:\Users\user\AppData\Local\Programs\Python\Python312\Lib\email\headerregistry.py first seen with mtime 1738656312.0
File C:\mypython3\django\Lib\site-packages\django\utils\cache.py first seen with mtime 1773145196.2874978
File C:\Users\user\AppData\Local\Programs\Python\Python312\Lib\wsgiref\__init__.py first seen with mtime 1738656314.0
File C:\mypython3\django\Lib\site-packages\django\db\migrations\utils.py first seen with mtime 1773145196.1221051
File C:\mypython3\django\Lib\site-packages\django\template\context.py first seen with mtime 1773145196.247962
File C:\mypython3\django\Lib\site-packages\django\utils\translation\trans_real.py first seen with mtime 1773145196.3164568
File C:\mypython3\django\Lib\site-packages\sqlparse\engine\statement_splitter.py first seen with mtime 1773145192.8474536
File C:\mypython3\django\Lib\site-packages\django\contrib\admin\templatetags\log.py first seen with mtime 1773145193.999184
File C:\mypython3\django\Lib\site-packages\django\contrib\auth\tokens.py first seen with mtime 1773145194.2107623
File C:\Users\user\AppData\Local\Programs\Python\Python312\Lib\subprocess.py first seen with mtime 1738656312.0
File C:\mypython3\django\Lib\site-packages\django\contrib\staticfiles\checks.py first seen with mtime 1773145195.9679174
File C:\Users\user\AppData\Local\Programs\Python\Python312\Lib\bz2.py first seen with mtime 1738656312.0
File C:\mypython3\django\Lib\site-packages\django\db\transaction.py first seen with mtime 1773145196.0555813
File C:\mypython3\django\Lib\site-packages\django\utils\crypto.py first seen with mtime 1773145196.289754
File C:\Users\user\AppData\Local\Programs\Python\Python312\DLLs\_sqlite3.pyd first seen with mtime 1738656366.0
File C:\Users\user\AppData\Local\Programs\Python\Python312\Lib\re\__init__.py first seen with mtime 1738656312.0
File C:\mypython3\django\Lib\site-packages\django\utils\hashable.py first seen with mtime 1773145196.2994263
File C:\Users\user\AppData\Local\Programs\Python\Python312\Lib\asyncio\proactor_events.py first seen with mtime 1738656312.0
File C:\Users\user\AppData\Local\Programs\Python\Python312\Lib\encodings\aliases.py first seen with mtime 1738656312.0
File C:\mypython3\django\Lib\site-packages\django\utils\ipv6.py first seen with mtime 1773145196.3027143
File C:\mypython3\django\Lib\site-packages\django\contrib\auth\__init__.py first seen with mtime 1773145194.2009065
File C:\mypython3\django\Lib\site-packages\django\utils\lorem_ipsum.py first seen with mtime 1773145196.3050413
File C:\Users\user\AppData\Local\Programs\Python\Python312\Lib\selectors.py first seen with mtime 1738656312.0
File C:\mypython3\django\Lib\site-packages\django\core\files\images.py first seen with mtime 1773145196.006105
File C:\Users\user\AppData\Local\Programs\Python\Python312\Lib\linecache.py first seen with mtime 1738656312.0
File C:\mypython3\django\Lib\site-packages\django\contrib\admin\templatetags\admin_modify.py first seen with mtime 1773145193.9964445
File C:\mypython3\django\Lib\site-packages\django\db\__init__.py first seen with mtime 1773145196.054579
File C:\mypython3\django\Lib\site-packages\django\urls\converters.py first seen with mtime 1773145196.2778685
File C:\mypython3\django\Lib\site-packages\asgiref\local.py first seen with mtime 1773145192.9444926
File C:\mypython3\django\Lib\site-packages\django\contrib\admin\views\main.py first seen with mtime 1773145194.0013695
File C:\mypython3\django\Lib\site-packages\django\contrib\staticfiles\apps.py first seen with mtime 1773145195.966913
File C:\Users\user\AppData\Local\Programs\Python\Python312\Lib\json\encoder.py first seen with mtime 1738656312.0
File C:\Users\user\AppData\Local\Programs\Python\Python312\Lib\asyncio\selector_events.py first seen with mtime 1738656312.0
File C:\mypython3\django\Lib\site-packages\django\db\models\__init__.py first seen with mtime 1773145196.127118
File C:\mypython3\django\Lib\site-packages\asgiref\__init__.py first seen with mtime 1773145192.9425004
File C:\mypython3\django\Lib\site-packages\django\middleware\csrf.py first seen with mtime 1773145196.236068
File C:\Users\user\AppData\Local\Programs\Python\Python312\Lib\bisect.py first seen with mtime 1738656312.0
File C:\Users\user\AppData\Local\Programs\Python\Python312\Lib\email\_header_value_parser.py first seen with mtime 1738656312.0
File C:\Users\user\AppData\Local\Programs\Python\Python312\DLLs\_hashlib.pyd first seen with mtime 1738656366.0
File C:\mypython3\django\Lib\site-packages\django\db\backends\sqlite3\schema.py first seen with mtime 1773145196.113003
File C:\mypython3\django\Lib\site-packages\django\contrib\auth\validators.py first seen with mtime 1773145194.211765
File C:\mypython3\django\Lib\site-packages\django\core\mail\message.py first seen with mtime 1773145196.0191846
File C:\Users\user\AppData\Local\Programs\Python\Python312\Lib\types.py first seen with mtime 1738656314.0
File C:\Users\user\AppData\Local\Programs\Python\Python312\Lib\email\parser.py first seen with mtime 1738656312.0
File C:\mypython3\django\Lib\site-packages\django\template\loaders\cached.py first seen with mtime 1773145196.2619398
File C:\mypython3\django\Lib\site-packages\django\utils\termcolors.py first seen with mtime 1773145196.308205
File C:\mypython3\django\Scripts\hello_django\myhello\urls.py first seen with mtime 1773210187.556298
File C:\Users\user\AppData\Local\Programs\Python\Python312\Lib\collections\abc.py first seen with mtime 1738656312.0
File C:\Users\user\AppData\Local\Programs\Python\Python312\Lib\quopri.py first seen with mtime 1738656312.0
File C:\Users\user\AppData\Local\Programs\Python\Python312\Lib\asyncio\timeouts.py first seen with mtime 1738656312.0
File C:\Users\user\AppData\Local\Programs\Python\Python312\DLLs\_wmi.pyd first seen with mtime 1738656366.0
File C:\mypython3\django\Lib\site-packages\django\core\serializers\json.py first seen with mtime 1773145196.0503986
File C:\Users\user\AppData\Local\Programs\Python\Python312\Lib\asyncio\events.py first seen with mtime 1738656312.0
File C:\Users\user\AppData\Local\Programs\Python\Python312\Lib\asyncio\constants.py first seen with mtime 1738656312.0
File C:\mypython3\django\Lib\site-packages\django\core\serializers\base.py first seen with mtime 1773145196.049322
File C:\mypython3\django\Lib\site-packages\django\db\backends\sqlite3\__init__.py first seen with mtime 1773145196.1062877
File C:\mypython3\django\Lib\site-packages\django\shortcuts.py first seen with mtime 1773145193.0633047
File C:\Users\user\AppData\Local\Programs\Python\Python312\Lib\glob.py first seen with mtime 1738656312.0
File C:\mypython3\django\Lib\site-packages\django\contrib\auth\hashers.py first seen with mtime 1773145194.207342
File C:\Users\user\AppData\Local\Programs\Python\Python312\Lib\json\decoder.py first seen with mtime 1738656312.0
File C:\mypython3\django\Lib\site-packages\django\utils\_os.py first seen with mtime 1773145196.2823725
File C:\mypython3\django\Lib\site-packages\django\forms\__init__.py first seen with mtime 1773145196.1608996
File C:\mypython3\django\Lib\site-packages\sqlparse\exceptions.py first seen with mtime 1773145192.8387983
File C:\mypython3\django\Lib\site-packages\django\urls\__init__.py first seen with mtime 1773145196.2758312
File C:\mypython3\django\Lib\site-packages\django\utils\timezone.py first seen with mtime 1773145196.3096595
File C:\mypython3\django\Lib\site-packages\django\db\migrations\operations\base.py first seen with mtime 1773145196.1241107
File C:\mypython3\django\Lib\site-packages\django\db\migrations\operations\models.py first seen with mtime 1773145196.125113
File C:\mypython3\django\Lib\site-packages\django\conf\global_settings.py first seen with mtime 1773145193.0678706
File C:\mypython3\django\Lib\site-packages\django\core\wsgi.py first seen with mtime 1773145195.9837432
File C:\Users\user\AppData\Local\Programs\Python\Python312\Lib\logging\__init__.py first seen with mtime 1738656312.0
File C:\Users\user\AppData\Local\Programs\Python\Python312\DLLs\_overlapped.pyd first seen with mtime 1738656366.0
File C:\Users\user\AppData\Local\Programs\Python\Python312\Lib\dataclasses.py first seen with mtime 1738656312.0
File C:\mypython3\django\Lib\site-packages\django\utils\translation\__init__.py first seen with mtime 1773145196.3137293
File C:\mypython3\django\Lib\site-packages\django\db\backends\signals.py first seen with mtime 1773145196.057587
File C:\mypython3\django\Lib\site-packages\django\http\__init__.py first seen with mtime 1773145196.2290022
File C:\Users\user\AppData\Local\Programs\Python\Python312\Lib\asyncio\protocols.py first seen with mtime 1738656312.0
File C:\Users\user\AppData\Local\Programs\Python\Python312\Lib\wsgiref\util.py first seen with mtime 1738656314.0
File C:\mypython3\django\Lib\site-packages\django\contrib\admin\views\__init__.py first seen with mtime 1773145193.999184
File C:\mypython3\django\Lib\site-packages\django\db\models\lookups.py first seen with mtime 1773145196.133716
File C:\Users\user\AppData\Local\Programs\Python\Python312\Lib\_markupbase.py first seen with mtime 1738656312.0
File C:\mypython3\django\Lib\site-packages\django\conf\urls\__init__.py first seen with mtime 1773145193.4895015
File C:\mypython3\django\Lib\site-packages\django\contrib\sites\requests.py first seen with mtime 1773145195.7729342
File C:\mypython3\django\Lib\site-packages\sqlparse\__init__.py first seen with mtime 1773145192.8363185
File C:\mypython3\django\Lib\site-packages\sqlparse\formatter.py first seen with mtime 1773145192.8398044
File C:\mypython3\django\Lib\site-packages\django\utils\functional.py first seen with mtime 1773145196.2984064
File C:\mypython3\django\Lib\site-packages\django\db\migrations\state.py first seen with mtime 1773145196.121103
File C:\mypython3\django\Lib\site-packages\django\db\backends\sqlite3\features.py first seen with mtime 1773145196.1094236
File C:\Users\user\AppData\Local\Programs\Python\Python312\Lib\threading.py first seen with mtime 1738656314.0
File C:\Users\user\AppData\Local\Programs\Python\Python312\Lib\difflib.py first seen with mtime 1738656312.0
File C:\mypython3\django\Lib\site-packages\django\forms\utils.py first seen with mtime 1773145196.165933
File C:\Users\user\AppData\Local\Programs\Python\Python312\DLLs\_lzma.pyd first seen with mtime 1738656366.0
File C:\mypython3\django\Lib\site-packages\django\core\checks\model_checks.py first seen with mtime 1773145195.996686
File C:\mypython3\django\Scripts\hello_django\manage.py first seen with mtime 1773146754.8730004
File C:\Users\user\AppData\Local\Programs\Python\Python312\DLLs\select.pyd first seen with mtime 1738656366.0
File C:\Users\user\AppData\Local\Programs\Python\Python312\Lib\warnings.py first seen with mtime 1738656314.0
File C:\Users\user\AppData\Local\Programs\Python\Python312\Lib\urllib\request.py first seen with mtime 1738656314.0
File C:\Users\user\AppData\Local\Programs\Python\Python312\Lib\json\scanner.py first seen with mtime 1738656312.0
File C:\mypython3\django\Lib\site-packages\django\contrib\contenttypes\checks.py first seen with mtime 1773145194.4121568
File C:\Users\user\AppData\Local\Programs\Python\Python312\DLLs\_asyncio.pyd first seen with mtime 1738656366.0
File C:\mypython3\django\Scripts\hello_django\myhello\__init__.py first seen with mtime 1773209089.9994023
File C:\mypython3\django\Lib\site-packages\django\utils\safestring.py first seen with mtime 1773145196.3072007
File C:\Users\user\AppData\Local\Programs\Python\Python312\Lib\asyncio\mixins.py first seen with mtime 1738656312.0
File C:\Users\user\AppData\Local\Programs\Python\Python312\Lib\uuid.py first seen with mtime 1738656314.0
File C:\mypython3\django\Lib\site-packages\django\contrib\admin\views\autocomplete.py first seen with mtime 1773145194.000275
File C:\mypython3\django\Lib\site-packages\django\db\models\fields\__init__.py first seen with mtime 1773145196.1388083
File C:\mypython3\django\Lib\site-packages\django\contrib\auth\password_validation.py first seen with mtime 1773145194.2097628
File C:\Users\user\AppData\Local\Programs\Python\Python312\Lib\email\_parseaddr.py first seen with mtime 1738656312.0
File C:\mypython3\django\Lib\site-packages\django\db\models\fields\json.py first seen with mtime 1773145196.141822
File C:\mypython3\django\Lib\site-packages\django\core\handlers\wsgi.py first seen with mtime 1773145196.0171359
File C:\mypython3\django\Lib\site-packages\django\apps\registry.py first seen with mtime 1773145193.0654418
File C:\Users\user\AppData\Local\Programs\Python\Python312\Lib\http\server.py first seen with mtime 1738656312.0
File C:\mypython3\django\Lib\site-packages\django\utils\dates.py first seen with mtime 1773145196.292947
File C:\Users\user\AppData\Local\Programs\Python\Python312\Lib\re\_parser.py first seen with mtime 1738656312.0
File C:\mypython3\django\Lib\site-packages\django\conf\__init__.py first seen with mtime 1773145193.0665152
File C:\mypython3\django\Lib\site-packages\django\core\exceptions.py first seen with mtime 1773145195.9806347
File C:\mypython3\django\Lib\site-packages\django\contrib\__init__.py first seen with mtime 1773145193.4910147
File C:\mypython3\django\Lib\site-packages\django\contrib\messages\utils.py first seen with mtime 1773145195.2139518
File C:\Users\user\AppData\Local\Programs\Python\Python312\Lib\asyncio\__init__.py first seen with mtime 1738656312.0
File C:\Users\user\AppData\Local\Programs\Python\Python312\Lib\wsgiref\handlers.py first seen with mtime 1738656314.0
File C:\mypython3\django\Lib\site-packages\django\db\models\functions\math.py first seen with mtime 1773145196.1494844
File C:\mypython3\django\Lib\site-packages\django\contrib\admin\options.py first seen with mtime 1773145193.5018322
File C:\Users\user\AppData\Local\Programs\Python\Python312\Lib\email\message.py first seen with mtime 1738656312.0
File C:\Users\user\AppData\Local\Programs\Python\Python312\Lib\json\__init__.py first seen with mtime 1738656312.0
File C:\Users\user\AppData\Local\Programs\Python\Python312\Lib\numbers.py first seen with mtime 1738656312.0
File C:\mypython3\django\Lib\site-packages\django\db\backends\utils.py first seen with mtime 1773145196.058589
File C:\mypython3\django\Lib\site-packages\django\template\library.py first seen with mtime 1773145196.252318
File C:\mypython3\django\Lib\site-packages\django\forms\boundfield.py first seen with mtime 1773145196.1608996
File C:\mypython3\django\Lib\site-packages\django\views\static.py first seen with mtime 1773145196.3207896
File C:\Users\user\AppData\Local\Programs\Python\Python312\Lib\importlib\_abc.py first seen with mtime 1738656312.0
File C:\mypython3\django\Lib\site-packages\django\core\files\storage\filesystem.py first seen with mtime 1773145196.011807
File C:\mypython3\django\Lib\site-packages\django\utils\datastructures.py first seen with mtime 1773145196.2914486
File C:\Users\user\AppData\Local\Programs\Python\Python312\Lib\calendar.py first seen with mtime 1738656312.0
File C:\mypython3\django\Lib\site-packages\django\utils\dateformat.py first seen with mtime 1773145196.2914486
File C:\mypython3\django\Lib\site-packages\django\contrib\sessions\base_session.py first seen with mtime 1773145195.561499
File C:\mypython3\django\Lib\site-packages\django\dispatch\__init__.py first seen with mtime 1773145196.1578827
File C:\mypython3\django\Lib\site-packages\django\contrib\admin\widgets.py first seen with mtime 1773145193.5056791
File C:\mypython3\django\Lib\site-packages\django\db\migrations\exceptions.py first seen with mtime 1773145196.1150866
File C:\mypython3\django\Lib\site-packages\django\views\defaults.py first seen with mtime 1773145196.3195925
File C:\mypython3\django\Lib\site-packages\django\db\backends\sqlite3\creation.py first seen with mtime 1773145196.1094236
File C:\mypython3\django\Lib\site-packages\django\db\utils.py first seen with mtime 1773145196.0555813
File C:\Users\user\AppData\Local\Programs\Python\Python312\Lib\concurrent\futures\__init__.py first seen with mtime 1738656312.0
File C:\mypython3\django\Lib\site-packages\django\core\checks\caches.py first seen with mtime 1773145195.993607
File C:\mypython3\django\Lib\site-packages\django\dispatch\dispatcher.py first seen with mtime 1773145196.1588857
File C:\mypython3\django\Lib\site-packages\django\forms\models.py first seen with mtime 1773145196.1639163
File C:\mypython3\django\Lib\site-packages\django\contrib\admin\models.py first seen with mtime 1773145193.5007255
File C:\Users\user\AppData\Local\Programs\Python\Python312\Lib\email\mime\multipart.py first seen with mtime 1738656312.0
File C:\mypython3\django\Lib\site-packages\django\utils\decorators.py first seen with mtime 1773145196.2951896
File C:\mypython3\django\Lib\site-packages\django\forms\forms.py first seen with mtime 1773145196.1629066
File C:\mypython3\django\Lib\site-packages\django\core\cache\backends\__init__.py first seen with mtime 1773145195.9857483
File C:\Users\user\AppData\Local\Programs\Python\Python312\Lib\html\entities.py first seen with mtime 1738656312.0
File C:\mypython3\django\Lib\site-packages\django\contrib\staticfiles\finders.py first seen with mtime 1773145195.9689355
File C:\mypython3\django\Lib\site-packages\django\contrib\messages\middleware.py first seen with mtime 1773145195.212948
File C:\mypython3\django\Lib\site-packages\django\middleware\clickjacking.py first seen with mtime 1773145196.2330432
File C:\mypython3\django\Lib\site-packages\django\middleware\common.py first seen with mtime 1773145196.2340477
Watching for file changes with StatReloader
Waiting for apps ready_event.
Apps ready_event triggered. Sending autoreload_started signal.
Watching dir C:\mypython3\django\Scripts\hello_django\locale with glob **/*.mo.
Watching dir C:\mypython3\django\Scripts\hello_django\myhello\locale with glob **/*.mo.
File C:\mypython3\django\Lib\site-packages\django\template\loader_tags.py first seen with mtime 1773145196.2536273
File C:\mypython3\django\Lib\site-packages\django\template\loader.py first seen with mtime 1773145196.252318
File C:\Users\user\AppData\Local\Programs\Python\Python312\Lib\email\mime\__init__.py first seen with mtime 1738656312.0
File C:\mypython3\django\Lib\site-packages\django\utils\translation\__init__.py first seen with mtime 1773145196.3137293
File C:\mypython3\django\Lib\site-packages\django\db\__init__.py first seen with mtime 1773145196.054579
File C:\mypython3\django\Lib\site-packages\django\contrib\staticfiles\handlers.py first seen with mtime 1773145195.9689355
File C:\Users\user\AppData\Local\Programs\Python\Python312\Lib\email\base64mime.py first seen with mtime 1738656312.0
File C:\mypython3\django\Lib\site-packages\django\template\engine.py first seen with mtime 1773145196.2499743
File C:\Users\user\AppData\Local\Programs\Python\Python312\Lib\ssl.py first seen with mtime 1738656312.0
File C:\mypython3\django\Lib\site-packages\django\core\files\storage\base.py first seen with mtime 1773145196.0107872
File C:\Users\user\AppData\Local\Programs\Python\Python312\Lib\asyncio\protocols.py first seen with mtime 1738656312.0
File C:\Users\user\AppData\Local\Programs\Python\Python312\DLLs\_ctypes.pyd first seen with mtime 1738656366.0
File C:\mypython3\django\Lib\site-packages\django\db\models\sql\__init__.py first seen with mtime 1773145196.152493
File C:\mypython3\django\Lib\site-packages\django\views\decorators\debug.py first seen with mtime 1773145196.325538
File C:\mypython3\django\Lib\site-packages\django\contrib\sessions\middleware.py first seen with mtime 1773145195.562503
File C:\Users\user\AppData\Local\Programs\Python\Python312\Lib\asyncio\base_futures.py first seen with mtime 1738656312.0
File C:\Users\user\AppData\Local\Programs\Python\Python312\Lib\json\encoder.py first seen with mtime 1738656312.0
File C:\Users\user\AppData\Local\Programs\Python\Python312\Lib\asyncio\__init__.py first seen with mtime 1738656312.0
File C:\mypython3\django\Lib\site-packages\sqlparse\lexer.py first seen with mtime 1773145192.8408105
File C:\mypython3\django\Lib\site-packages\django\utils\functional.py first seen with mtime 1773145196.2984064
File C:\mypython3\django\Lib\site-packages\django\core\paginator.py first seen with mtime 1773145195.9806347
File C:\mypython3\django\Lib\site-packages\django\contrib\messages\storage\base.py first seen with mtime 1773145195.216087
File C:\Users\user\AppData\Local\Programs\Python\Python312\Lib\lzma.py first seen with mtime 1738656312.0
File C:\Users\user\AppData\Local\Programs\Python\Python312\Lib\_weakrefset.py first seen with mtime 1738656312.0
File C:\Users\user\AppData\Local\Programs\Python\Python312\Lib\argparse.py first seen with mtime 1738656312.0
File C:\mypython3\django\Lib\site-packages\django\core\files\storage\memory.py first seen with mtime 1773145196.0128129
File C:\mypython3\django\Lib\site-packages\django\db\models\constraints.py first seen with mtime 1773145196.130504
File C:\Users\user\AppData\Local\Programs\Python\Python312\Lib\_compression.py first seen with mtime 1738656312.0
File C:\Users\user\AppData\Local\Programs\Python\Python312\Lib\datetime.py first seen with mtime 1738656312.0
File C:\mypython3\django\Lib\site-packages\django\contrib\admin\utils.py first seen with mtime 1773145193.5046785
File C:\Users\user\AppData\Local\Programs\Python\Python312\Lib\ctypes\_endian.py first seen with mtime 1738656312.0
File C:\mypython3\django\Lib\site-packages\django\utils\regex_helper.py first seen with mtime 1773145196.306123
File C:\Users\user\AppData\Local\Programs\Python\Python312\Lib\sysconfig.py first seen with mtime 1738656312.0
File C:\mypython3\django\Lib\site-packages\django\core\management\commands\runserver.py first seen with mtime 1773145196.0401168
File C:\mypython3\django\Lib\site-packages\django\urls\converters.py first seen with mtime 1773145196.2778685
File C:\mypython3\django\Lib\site-packages\django\db\backends\base\client.py first seen with mtime 1773145196.0605943
File C:\Users\user\AppData\Local\Programs\Python\Python312\DLLs\_socket.pyd first seen with mtime 1738656366.0
File C:\Users\user\AppData\Local\Programs\Python\Python312\Lib\ctypes\__init__.py first seen with mtime 1738656312.0
File C:\mypython3\django\Lib\site-packages\django\http\__init__.py first seen with mtime 1773145196.2290022
File C:\mypython3\django\Lib\site-packages\django\db\models\fields\files.py first seen with mtime 1773145196.1398132
File C:\Users\user\AppData\Local\Programs\Python\Python312\Lib\email\_policybase.py first seen with mtime 1738656312.0
File C:\Users\user\AppData\Local\Programs\Python\Python312\Lib\encodings\aliases.py first seen with mtime 1738656312.0
File C:\Users\user\AppData\Local\Programs\Python\Python312\Lib\types.py first seen with mtime 1738656314.0
File C:\mypython3\django\Lib\site-packages\django\db\backends\base\validation.py first seen with mtime 1773145196.0737398
File C:\Users\user\AppData\Local\Programs\Python\Python312\Lib\pickle.py first seen with mtime 1738656312.0
File C:\mypython3\django\Lib\site-packages\django\db\backends\sqlite3\introspection.py first seen with mtime 1773145196.110429
File C:\Users\user\AppData\Local\Programs\Python\Python312\Lib\html\entities.py first seen with mtime 1738656312.0
File C:\Users\user\AppData\Local\Programs\Python\Python312\Lib\socket.py first seen with mtime 1738656312.0
File C:\Users\user\AppData\Local\Programs\Python\Python312\Lib\importlib\__init__.py first seen with mtime 1738656312.0
File C:\mypython3\django\Lib\site-packages\sqlparse\engine\statement_splitter.py first seen with mtime 1773145192.8474536
File C:\mypython3\django\Lib\site-packages\django\views\decorators\csrf.py first seen with mtime 1773145196.325538
File C:\mypython3\django\Lib\site-packages\django\contrib\staticfiles\management\commands\runserver.py first seen with mtime 1773145195.976585
File C:\mypython3\django\Lib\site-packages\django\contrib\auth\validators.py first seen with mtime 1773145194.211765
File C:\mypython3\django\Lib\site-packages\django\middleware\cache.py first seen with mtime 1773145196.2330432
File C:\mypython3\django\Lib\site-packages\django\utils\translation\reloader.py first seen with mtime 1773145196.3137293
File C:\Users\user\AppData\Local\Programs\Python\Python312\Lib\random.py first seen with mtime 1738656312.0
File C:\Users\user\AppData\Local\Programs\Python\Python312\Lib\pkgutil.py first seen with mtime 1738656312.0
File C:\mypython3\django\Lib\site-packages\django\template\response.py first seen with mtime 1773145196.2546358
File C:\mypython3\django\Lib\site-packages\django\core\__init__.py first seen with mtime 1773145195.978595
File C:\mypython3\django\Lib\site-packages\django\db\backends\sqlite3\__init__.py first seen with mtime 1773145196.1062877
File C:\mypython3\django\Lib\site-packages\django\core\checks\database.py first seen with mtime 1773145195.9956176
File C:\mypython3\django\Lib\site-packages\django\db\migrations\utils.py first seen with mtime 1773145196.1221051
File C:\Users\user\AppData\Local\Programs\Python\Python312\Lib\asyncio\threads.py first seen with mtime 1738656312.0
File C:\Users\user\AppData\Local\Programs\Python\Python312\Lib\wsgiref\handlers.py first seen with mtime 1738656314.0
File C:\mypython3\django\Lib\site-packages\django\template\base.py first seen with mtime 1773145196.2468977
File C:\mypython3\django\Lib\site-packages\django\db\models\functions\window.py first seen with mtime 1773145196.15149
File C:\Users\user\AppData\Local\Programs\Python\Python312\Lib\multiprocessing\reduction.py first seen with mtime 1738656312.0
File C:\Users\user\AppData\Local\Programs\Python\Python312\Lib\zoneinfo\_common.py first seen with mtime 1738656314.0
File C:\mypython3\django\Lib\site-packages\django\db\backends\sqlite3\schema.py first seen with mtime 1773145196.113003
File C:\mypython3\django\Lib\site-packages\django\template\library.py first seen with mtime 1773145196.252318
File C:\Users\user\AppData\Local\Programs\Python\Python312\Lib\uuid.py first seen with mtime 1738656314.0
File C:\mypython3\django\Lib\site-packages\django\http\cookie.py first seen with mtime 1773145196.2290022
File C:\Users\user\AppData\Local\Programs\Python\Python312\Lib\asyncio\transports.py first seen with mtime 1738656312.0
File C:\mypython3\django\Lib\site-packages\django\contrib\sites\__init__.py first seen with mtime 1773145195.7663884
File C:\Users\user\AppData\Local\Programs\Python\Python312\Lib\shutil.py first seen with mtime 1738656312.0
File C:\mypython3\django\Scripts\hello_django\myhello\__init__.py first seen with mtime 1773209089.9994023
File C:\Users\user\AppData\Local\Programs\Python\Python312\Lib\fnmatch.py first seen with mtime 1738656312.0
File C:\Users\user\AppData\Local\Programs\Python\Python312\Lib\concurrent\__init__.py first seen with mtime 1738656312.0
File C:\mypython3\django\Lib\site-packages\django\contrib\admin\exceptions.py first seen with mtime 1773145193.498147
File C:\mypython3\django\Lib\site-packages\django\contrib\admin\templatetags\__init__.py first seen with mtime 1773145193.9942608
File C:\mypython3\django\Lib\site-packages\django\views\generic\list.py first seen with mtime 1773145196.3316674
File C:\mypython3\django\Lib\site-packages\django\db\models\fields\tuple_lookups.py first seen with mtime 1773145196.1460817
File C:\Users\user\AppData\Local\Programs\Python\Python312\Lib\email\headerregistry.py first seen with mtime 1738656312.0
File C:\mypython3\django\Lib\site-packages\django\utils\cache.py first seen with mtime 1773145196.2874978
File C:\mypython3\django\Lib\site-packages\django\views\__init__.py first seen with mtime 1773145196.31751
File C:\Users\user\AppData\Local\Programs\Python\Python312\Lib\asyncio\trsock.py first seen with mtime 1738656312.0
File C:\mypython3\django\Lib\site-packages\django\contrib\contenttypes\__init__.py first seen with mtime 1773145194.411154
File C:\mypython3\django\Lib\site-packages\django\template\smartif.py first seen with mtime 1773145196.2546358
File C:\Users\user\AppData\Local\Programs\Python\Python312\Lib\concurrent\futures\thread.py first seen with mtime 1738656312.0
File C:\Users\user\AppData\Local\Programs\Python\Python312\Lib\email\feedparser.py first seen with mtime 1738656312.0
File C:\mypython3\django\Lib\site-packages\django\db\models\fields\related.py first seen with mtime 1773145196.143908
File C:\mypython3\django\Lib\site-packages\django\core\validators.py first seen with mtime 1773145195.9827394
File C:\Users\user\AppData\Local\Programs\Python\Python312\DLLs\select.pyd first seen with mtime 1738656366.0
File C:\mypython3\django\Lib\site-packages\sqlparse\exceptions.py first seen with mtime 1773145192.8387983
File C:\mypython3\django\Lib\site-packages\sqlparse\filters\tokens.py first seen with mtime 1773145192.8523216
File C:\Users\user\AppData\Local\Programs\Python\Python312\Lib\selectors.py first seen with mtime 1738656312.0
File C:\mypython3\django\Lib\site-packages\django\core\files\uploadedfile.py first seen with mtime 1773145196.0081103
File C:\mypython3\django\Lib\site-packages\django\conf\global_settings.py first seen with mtime 1773145193.0678706
File C:\mypython3\django\Lib\site-packages\django\db\models\sql\constants.py first seen with mtime 1773145196.1544979
File C:\mypython3\django\Lib\site-packages\django\core\wsgi.py first seen with mtime 1773145195.9837432
File C:\Users\user\AppData\Local\Programs\Python\Python312\Lib\__future__.py first seen with mtime 1738656312.0
File C:\mypython3\django\Lib\site-packages\django\db\migrations\migration.py first seen with mtime 1773145196.1180944
File C:\mypython3\django\Lib\site-packages\django\db\models\constants.py first seen with mtime 1773145196.1291237
File C:\mypython3\django\Lib\site-packages\django\core\serializers\base.py first seen with mtime 1773145196.049322
File C:\Users\user\AppData\Local\Programs\Python\Python312\Lib\keyword.py first seen with mtime 1738656312.0
File C:\mypython3\django\Lib\site-packages\django\db\models\functions\__init__.py first seen with mtime 1773145196.1471357
File C:\Users\user\AppData\Local\Programs\Python\Python312\Lib\secrets.py first seen with mtime 1738656312.0
File C:\Users\user\AppData\Local\Programs\Python\Python312\Lib\operator.py first seen with mtime 1738656312.0
File C:\mypython3\django\Lib\site-packages\django\db\models\fields\mixins.py first seen with mtime 1773145196.141822
File C:\mypython3\django\Lib\site-packages\django\utils\__init__.py first seen with mtime 1773145196.281257
File C:\Users\user\AppData\Local\Programs\Python\Python312\Lib\linecache.py first seen with mtime 1738656312.0
File C:\mypython3\django\Lib\site-packages\django\contrib\sessions\models.py first seen with mtime 1773145195.5635092
File C:\mypython3\django\Lib\site-packages\django\contrib\contenttypes\forms.py first seen with mtime 1773145194.414056
File C:\Users\user\AppData\Local\Programs\Python\Python312\Lib\asyncio\runners.py first seen with mtime 1738656312.0
File C:\mypython3\django\Lib\site-packages\django\templatetags\tz.py first seen with mtime 1773145196.2678335
File C:\Users\user\AppData\Local\Programs\Python\Python312\Lib\email\parser.py first seen with mtime 1738656312.0
File C:\mypython3\django\Lib\site-packages\django\contrib\staticfiles\management\commands\__init__.py first seen with mtime 1773145195.9739394
File C:\mypython3\django\Lib\site-packages\django\db\migrations\operations\fields.py first seen with mtime 1773145196.125113
File C:\Users\user\AppData\Local\Programs\Python\Python312\Lib\email\_header_value_parser.py first seen with mtime 1738656312.0
File C:\mypython3\django\Lib\site-packages\django\db\models\expressions.py first seen with mtime 1773145196.1317077
File C:\Users\user\AppData\Local\Programs\Python\Python312\Lib\json\decoder.py first seen with mtime 1738656312.0
File C:\mypython3\django\Lib\site-packages\django\db\models\functions\mixins.py first seen with mtime 1773145196.1504881
File C:\mypython3\django\Lib\site-packages\_virtualenv.py first seen with mtime 1773145102.794879
File C:\mypython3\django\Lib\site-packages\django\core\checks\security\sessions.py first seen with mtime 1773145196.0041006
File C:\Users\user\AppData\Local\Programs\Python\Python312\Lib\email\charset.py first seen with mtime 1738656312.0
File C:\Users\user\AppData\Local\Programs\Python\Python312\Lib\heapq.py first seen with mtime 1738656312.0
File C:\Users\user\AppData\Local\Programs\Python\Python312\Lib\multiprocessing\process.py first seen with mtime 1738656312.0
File C:\mypython3\django\Lib\site-packages\django\core\handlers\__init__.py first seen with mtime 1773145196.0148456
File C:\mypython3\django\Lib\site-packages\django\db\models\indexes.py first seen with mtime 1773145196.132712
File C:\Users\user\AppData\Local\Programs\Python\Python312\Lib\dis.py first seen with mtime 1738656312.0
File C:\mypython3\django\Lib\site-packages\django\db\models\aggregates.py first seen with mtime 1773145196.127118
File C:\mypython3\django\Lib\site-packages\django\template\exceptions.py first seen with mtime 1773145196.2509928
File C:\mypython3\django\Lib\site-packages\django\urls\conf.py first seen with mtime 1773145196.2778685
File C:\Users\user\AppData\Local\Programs\Python\Python312\Lib\email\mime\multipart.py first seen with mtime 1738656312.0
File C:\Users\user\AppData\Local\Programs\Python\Python312\Lib\json\scanner.py first seen with mtime 1738656312.0
File C:\mypython3\django\Lib\site-packages\django\core\files\utils.py first seen with mtime 1773145196.00958
File C:\mypython3\django\Lib\site-packages\django\contrib\auth\signals.py first seen with mtime 1773145194.2097628
File C:\Users\user\AppData\Local\Programs\Python\Python312\Lib\re\_constants.py first seen with mtime 1738656312.0
File C:\Users\user\AppData\Local\Programs\Python\Python312\Lib\asyncio\base_subprocess.py first seen with mtime 1738656312.0
File C:\mypython3\django\Lib\site-packages\asgiref\__init__.py first seen with mtime 1773145192.9425004
File C:\mypython3\django\Lib\site-packages\django\contrib\messages\__init__.py first seen with mtime 1773145195.2094755
File C:\Users\user\AppData\Local\Programs\Python\Python312\Lib\wsgiref\headers.py first seen with mtime 1738656314.0
File C:\Users\user\AppData\Local\Programs\Python\Python312\Lib\http\server.py first seen with mtime 1738656312.0
File C:\Users\user\AppData\Local\Programs\Python\Python312\Lib\pathlib.py first seen with mtime 1738656312.0
File C:\mypython3\django\Lib\site-packages\django\forms\renderers.py first seen with mtime 1773145196.1649306
File C:\mypython3\django\Lib\site-packages\django\contrib\auth\middleware.py first seen with mtime 1773145194.207342
File C:\mypython3\django\Lib\site-packages\django\core\files\__init__.py first seen with mtime 1773145196.0051029
File C:\Users\user\AppData\Local\Programs\Python\Python312\Lib\re\_casefix.py first seen with mtime 1738656312.0
File C:\Users\user\AppData\Local\Programs\Python\Python312\Lib\contextlib.py first seen with mtime 1738656312.0
File C:\mypython3\django\Lib\site-packages\django\db\models\fields\related_lookups.py first seen with mtime 1773145196.1449113
File C:\Users\user\AppData\Local\Programs\Python\Python312\Lib\bz2.py first seen with mtime 1738656312.0
File C:\mypython3\django\Lib\site-packages\django\contrib\messages\api.py first seen with mtime 1773145195.2104838
File C:\Users\user\AppData\Local\Programs\Python\Python312\Lib\zoneinfo\__init__.py first seen with mtime 1738656314.0
File C:\mypython3\django\Scripts\hello_django\manage.py first seen with mtime 1773146754.8730004
File C:\mypython3\django\Lib\site-packages\django\db\utils.py first seen with mtime 1773145196.0555813
File C:\mypython3\django\Lib\site-packages\django\db\backends\__init__.py first seen with mtime 1773145196.056584
File C:\mypython3\django\Lib\site-packages\django\utils\copy.py first seen with mtime 1773145196.2887466
File C:\mypython3\django\Lib\site-packages\django\utils\datastructures.py first seen with mtime 1773145196.2914486
File C:\Users\user\AppData\Local\Programs\Python\Python312\Lib\asyncio\log.py first seen with mtime 1738656312.0
File C:\Users\user\AppData\Local\Programs\Python\Python312\Lib\pprint.py first seen with mtime 1738656312.0
File C:\Users\user\AppData\Local\Programs\Python\Python312\Lib\encodings\utf_8_sig.py first seen with mtime 1738656312.0
File C:\Users\user\AppData\Local\Programs\Python\Python312\Lib\multiprocessing\__init__.py first seen with mtime 1738656312.0
File C:\Users\user\AppData\Local\Programs\Python\Python312\Lib\concurrent\futures\__init__.py first seen with mtime 1738656312.0
File C:\mypython3\django\Lib\site-packages\django\template\context.py first seen with mtime 1773145196.247962
File C:\mypython3\django\Lib\site-packages\django\template\backends\__init__.py first seen with mtime 1773145196.2559953
File C:\mypython3\django\Lib\site-packages\sqlparse\keywords.py first seen with mtime 1773145192.8408105
File C:\Users\user\AppData\Local\Programs\Python\Python312\Lib\multiprocessing\context.py first seen with mtime 1738656312.0
File C:\mypython3\django\Lib\site-packages\django\urls\base.py first seen with mtime 1773145196.2768354
File C:\mypython3\django\Lib\site-packages\django\middleware\csrf.py first seen with mtime 1773145196.236068
File C:\Users\user\AppData\Local\Programs\Python\Python312\Lib\email\mime\message.py first seen with mtime 1738656312.0
File C:\mypython3\django\Scripts\hello_django\hello_django\__init__.py first seen with mtime 1773146754.8790936
File C:\mypython3\django\Lib\site-packages\django\core\checks\templates.py first seen with mtime 1773145195.9976888
File C:\mypython3\django\Lib\site-packages\django\contrib\auth\hashers.py first seen with mtime 1773145194.207342
File C:\mypython3\django\Lib\site-packages\django\utils\termcolors.py first seen with mtime 1773145196.308205
File C:\Users\user\AppData\Local\Programs\Python\Python312\Lib\asyncio\staggered.py first seen with mtime 1738656312.0
File C:\mypython3\django\Lib\site-packages\django\urls\exceptions.py first seen with mtime 1773145196.2792509
File C:\mypython3\django\Lib\site-packages\django\db\models\functions\text.py first seen with mtime 1773145196.15149
File C:\mypython3\django\Lib\site-packages\django\contrib\admin\templatetags\log.py first seen with mtime 1773145193.999184
File C:\mypython3\django\Lib\site-packages\django\shortcuts.py first seen with mtime 1773145193.0633047
File C:\mypython3\django\Lib\site-packages\django\db\backends\sqlite3\operations.py first seen with mtime 1773145196.110429
File C:\Users\user\AppData\Local\Programs\Python\Python312\Lib\_compat_pickle.py first seen with mtime 1738656312.0
File C:\mypython3\django\Lib\site-packages\sqlparse\engine\filter_stack.py first seen with mtime 1773145192.8452957
File C:\mypython3\django\Lib\site-packages\django\db\models\fields\json.py first seen with mtime 1773145196.141822
File C:\mypython3\django\Lib\site-packages\django\db\models\fields\proxy.py first seen with mtime 1773145196.1428242
File C:\Users\user\AppData\Local\Programs\Python\Python312\Lib\asyncio\mixins.py first seen with mtime 1738656312.0
File C:\mypython3\django\Lib\site-packages\django\contrib\messages\constants.py first seen with mtime 1773145195.2114909
File C:\mypython3\django\Lib\site-packages\django\contrib\auth\templatetags\auth.py first seen with mtime 1773145194.4101508
File C:\Users\user\AppData\Local\Programs\Python\Python312\Lib\json\__init__.py first seen with mtime 1738656312.0
File C:\mypython3\django\Lib\site-packages\django\db\models\sql\datastructures.py first seen with mtime 1773145196.1544979
File C:\mypython3\django\Lib\site-packages\django\core\serializers\__init__.py first seen with mtime 1773145196.049322
File C:\Users\user\AppData\Local\Programs\Python\Python312\Lib\threading.py first seen with mtime 1738656314.0
File C:\Users\user\AppData\Local\Programs\Python\Python312\Lib\email\utils.py first seen with mtime 1738656312.0
File C:\mypython3\django\Lib\site-packages\asgiref\local.py first seen with mtime 1773145192.9444926
File C:\Users\user\AppData\Local\Programs\Python\Python312\Lib\email\_parseaddr.py first seen with mtime 1738656312.0
File C:\Users\user\AppData\Local\Programs\Python\Python312\DLLs\_asyncio.pyd first seen with mtime 1738656366.0
File C:\mypython3\django\Lib\site-packages\django\conf\urls\__init__.py first seen with mtime 1773145193.4895015
File C:\Users\user\AppData\Local\Programs\Python\Python312\Lib\email\_encoded_words.py first seen with mtime 1738656312.0
File C:\mypython3\django\Lib\site-packages\django\contrib\sessions\apps.py first seen with mtime 1773145195.5604944
File C:\mypython3\django\Lib\site-packages\django\__init__.py first seen with mtime 1773145193.0611882
File C:\Users\user\AppData\Local\Programs\Python\Python312\Lib\statistics.py first seen with mtime 1738656312.0
File C:\mypython3\django\Lib\site-packages\django\contrib\admin\views\autocomplete.py first seen with mtime 1773145194.000275
File C:\Users\user\AppData\Local\Programs\Python\Python312\Lib\urllib\response.py first seen with mtime 1738656314.0
File C:\Users\user\AppData\Local\Programs\Python\Python312\Lib\email\generator.py first seen with mtime 1738656312.0
File C:\mypython3\django\Lib\site-packages\django\contrib\contenttypes\fields.py first seen with mtime 1773145194.4131591
File C:\mypython3\django\Lib\site-packages\django\utils\deprecation.py first seen with mtime 1773145196.2951896
File C:\mypython3\django\Lib\site-packages\django\contrib\staticfiles\apps.py first seen with mtime 1773145195.966913
File C:\mypython3\django\Lib\site-packages\django\contrib\auth\apps.py first seen with mtime 1773145194.202163
File C:\mypython3\django\Lib\site-packages\django\core\cache\utils.py first seen with mtime 1773145195.9857483
File C:\Users\user\AppData\Local\Programs\Python\Python312\Lib\sqlite3\__init__.py first seen with mtime 1738656312.0
File C:\mypython3\django\Lib\site-packages\sqlparse\filters\output.py first seen with mtime 1773145192.8499115
File C:\Users\user\AppData\Local\Programs\Python\Python312\Lib\email\mime\text.py first seen with mtime 1738656312.0
File C:\mypython3\django\Lib\site-packages\django\core\serializers\python.py first seen with mtime 1773145196.051571
File C:\Users\user\AppData\Local\Programs\Python\Python312\Lib\opcode.py first seen with mtime 1738656312.0
File C:\Users\user\AppData\Local\Programs\Python\Python312\Lib\copyreg.py first seen with mtime 1738656312.0
File C:\mypython3\django\Lib\site-packages\django\contrib\admin\checks.py first seen with mtime 1773145193.4961762
File C:\mypython3\django\Lib\site-packages\django\views\debug.py first seen with mtime 1773145196.3185208
File C:\Users\user\AppData\Local\Programs\Python\Python312\Lib\wsgiref\__init__.py first seen with mtime 1738656314.0
File C:\Users\user\AppData\Local\Programs\Python\Python312\Lib\re\__init__.py first seen with mtime 1738656312.0
File C:\mypython3\django\Lib\site-packages\django\contrib\admin\templatetags\admin_list.py first seen with mtime 1773145193.9954436
File C:\Users\user\AppData\Local\Programs\Python\Python312\Lib\ast.py first seen with mtime 1738656312.0
File C:\mypython3\django\Lib\site-packages\django\db\models\__init__.py first seen with mtime 1773145196.127118
File C:\Users\user\AppData\Local\Programs\Python\Python312\Lib\urllib\parse.py first seen with mtime 1738656314.0
File C:\mypython3\django\Lib\site-packages\django\db\migrations\state.py first seen with mtime 1773145196.121103
File C:\mypython3\django\Lib\site-packages\django\templatetags\l10n.py first seen with mtime 1773145196.2664125
File C:\Users\user\AppData\Local\Programs\Python\Python312\Lib\nturl2path.py first seen with mtime 1738656312.0
File C:\mypython3\django\Lib\site-packages\django\contrib\contenttypes\admin.py first seen with mtime 1773145194.411154
File C:\mypython3\django\Lib\site-packages\django\db\models\functions\math.py first seen with mtime 1773145196.1494844
File C:\Users\user\AppData\Local\Programs\Python\Python312\Lib\asyncio\taskgroups.py first seen with mtime 1738656312.0
File C:\mypython3\django\Lib\site-packages\django\core\checks\security\base.py first seen with mtime 1773145196.0020945
File C:\mypython3\django\Lib\site-packages\django\db\models\sql\subqueries.py first seen with mtime 1773145196.15688
File C:\mypython3\django\Lib\site-packages\django\views\defaults.py first seen with mtime 1773145196.3195925
File C:\mypython3\django\Lib\site-packages\django\core\checks\security\__init__.py first seen with mtime 1773145196.0020945
File C:\mypython3\django\Lib\site-packages\django\db\models\fields\generated.py first seen with mtime 1773145196.1398132
File C:\mypython3\django\Lib\site-packages\django\core\files\storage\mixins.py first seen with mtime 1773145196.0138185
File C:\mypython3\django\Lib\site-packages\django\db\models\deletion.py first seen with mtime 1773145196.130504
File C:\mypython3\django\Lib\site-packages\django\utils\formats.py first seen with mtime 1773145196.297287
File C:\Users\user\AppData\Local\Programs\Python\Python312\Lib\logging\config.py first seen with mtime 1738656312.0
File C:\mypython3\django\Lib\site-packages\django\contrib\admin\sites.py first seen with mtime 1773145193.5029588
File C:\mypython3\django\Lib\site-packages\django\urls\utils.py first seen with mtime 1773145196.2802548
File C:\Users\user\AppData\Local\Programs\Python\Python312\Lib\subprocess.py first seen with mtime 1738656312.0
File C:\mypython3\django\Lib\site-packages\django\utils\asyncio.py first seen with mtime 1773145196.284721
File C:\Users\user\AppData\Local\Programs\Python\Python312\DLLs\_zoneinfo.pyd first seen with mtime 1738656366.0
File C:\Users\user\AppData\Local\Programs\Python\Python312\Lib\tokenize.py first seen with mtime 1738656314.0
File C:\Users\user\AppData\Local\Programs\Python\Python312\DLLs\_uuid.pyd first seen with mtime 1738656366.0
File C:\Users\user\AppData\Local\Programs\Python\Python312\Lib\gzip.py first seen with mtime 1738656312.0
File C:\mypython3\django\Lib\site-packages\sqlparse\filters\others.py first seen with mtime 1773145192.8499115
File C:\Users\user\AppData\Local\Programs\Python\Python312\Lib\asyncio\futures.py first seen with mtime 1738656312.0
File C:\Users\user\AppData\Local\Programs\Python\Python312\Lib\_markupbase.py first seen with mtime 1738656312.0
File C:\Users\user\AppData\Local\Programs\Python\Python312\Lib\email\iterators.py first seen with mtime 1738656312.0
File C:\Users\user\AppData\Local\Programs\Python\Python312\Lib\socketserver.py first seen with mtime 1738656312.0
File C:\Users\user\AppData\Local\Programs\Python\Python312\Lib\ipaddress.py first seen with mtime 1738656312.0
File C:\mypython3\django\Lib\site-packages\django\contrib\admin\views\main.py first seen with mtime 1773145194.0013695
File C:\mypython3\django\Lib\site-packages\django\db\backends\sqlite3\base.py first seen with mtime 1773145196.1074038
File C:\mypython3\django\Lib\site-packages\sqlparse\formatter.py first seen with mtime 1773145192.8398044
File C:\Users\user\AppData\Local\Programs\Python\Python312\Lib\inspect.py first seen with mtime 1738656312.0
File C:\mypython3\django\Lib\site-packages\django\core\checks\urls.py first seen with mtime 1773145196.0000894
File C:\mypython3\django\Lib\site-packages\django\template\autoreload.py first seen with mtime 1773145196.246394
File C:\mypython3\django\Lib\site-packages\sqlparse\engine\__init__.py first seen with mtime 1773145192.8452957
File C:\mypython3\django\Lib\site-packages\django\contrib\admin\actions.py first seen with mtime 1773145193.4940405
File C:\mypython3\django\Lib\site-packages\django\db\models\functions\comparison.py first seen with mtime 1773145196.14814
File C:\mypython3\django\Lib\site-packages\django\core\checks\async_checks.py first seen with mtime 1773145195.993607
File C:\mypython3\django\Lib\site-packages\django\db\backends\base\operations.py first seen with mtime 1773145196.0636237
File C:\mypython3\django\Lib\site-packages\django\contrib\admin\templatetags\admin_modify.py first seen with mtime 1773145193.9964445
File C:\Users\user\AppData\Local\Programs\Python\Python312\Lib\contextvars.py first seen with mtime 1738656312.0
File C:\mypython3\django\Lib\site-packages\django\core\checks\files.py first seen with mtime 1773145195.9956176
File C:\Users\user\AppData\Local\Programs\Python\Python312\Lib\collections\__init__.py first seen with mtime 1738656312.0
File C:\mypython3\django\Lib\site-packages\django\contrib\staticfiles\utils.py first seen with mtime 1773145195.9714255
File C:\Users\user\AppData\Local\Programs\Python\Python312\Lib\decimal.py first seen with mtime 1738656312.0
File C:\mypython3\django\Lib\site-packages\django\db\migrations\__init__.py first seen with mtime 1773145196.1140866
File C:\Users\user\AppData\Local\Programs\Python\Python312\Lib\graphlib.py first seen with mtime 1738656312.0
File C:\Users\user\AppData\Local\Programs\Python\Python312\Lib\difflib.py first seen with mtime 1738656312.0
File C:\mypython3\django\Lib\site-packages\django\db\models\fields\reverse_related.py first seen with mtime 1773145196.1460817
File C:\Users\user\AppData\Local\Programs\Python\Python312\Lib\asyncio\timeouts.py first seen with mtime 1738656312.0
File C:\mypython3\django\Lib\site-packages\django\core\exceptions.py first seen with mtime 1773145195.9806347
File C:\mypython3\django\Lib\site-packages\django\http\request.py first seen with mtime 1773145196.231031
File C:\mypython3\django\Lib\site-packages\django\core\handlers\exception.py first seen with mtime 1773145196.0171359
File C:\mypython3\django\Lib\site-packages\django\db\backends\base\features.py first seen with mtime 1773145196.0615973
File C:\Users\user\AppData\Local\Programs\Python\Python312\Lib\concurrent\futures\_base.py first seen with mtime 1738656312.0
File C:\mypython3\django\Lib\site-packages\django\forms\utils.py first seen with mtime 1773145196.165933
File C:\mypython3\django\Lib\site-packages\django\forms\fields.py first seen with mtime 1773145196.1619065
File C:\Users\user\AppData\Local\Programs\Python\Python312\Lib\tempfile.py first seen with mtime 1738656312.0
File C:\mypython3\django\Lib\site-packages\sqlparse\sql.py first seen with mtime 1773145192.8428211
File C:\mypython3\django\Lib\site-packages\django\utils\log.py first seen with mtime 1773145196.3038268
File C:\Users\user\AppData\Local\Programs\Python\Python312\Lib\textwrap.py first seen with mtime 1738656314.0
File C:\Users\user\AppData\Local\Programs\Python\Python312\Lib\traceback.py first seen with mtime 1738656314.0
File C:\Users\user\AppData\Local\Programs\Python\Python312\Lib\asyncio\queues.py first seen with mtime 1738656312.0
File C:\mypython3\django\Lib\site-packages\django\views\generic\detail.py first seen with mtime 1773145196.3303373
File C:\mypython3\django\Lib\site-packages\django\contrib\sites\requests.py first seen with mtime 1773145195.7729342
File C:\Users\user\AppData\Local\Programs\Python\Python312\Lib\email\policy.py first seen with mtime 1738656312.0
File C:\Users\user\AppData\Local\Programs\Python\Python312\Lib\calendar.py first seen with mtime 1738656312.0
File C:\mypython3\django\Lib\site-packages\django\core\management\color.py first seen with mtime 1773145196.0270288
File C:\mypython3\django\Lib\site-packages\django\core\checks\messages.py first seen with mtime 1773145195.996686
File C:\Users\user\AppData\Local\Programs\Python\Python312\DLLs\_wmi.pyd first seen with mtime 1738656366.0
File C:\mypython3\django\Lib\site-packages\django\contrib\messages\apps.py first seen with mtime 1773145195.2114909
File C:\mypython3\django\Lib\site-packages\django\contrib\admin\views\__init__.py first seen with mtime 1773145193.999184
File C:\mypython3\django\Lib\site-packages\django\core\files\uploadhandler.py first seen with mtime 1773145196.00958
File C:\mypython3\django\Lib\site-packages\django\contrib\auth\forms.py first seen with mtime 1773145194.2068572
File C:\mypython3\django\Lib\site-packages\django\core\signals.py first seen with mtime 1773145195.9817367
File C:\Users\user\AppData\Local\Programs\Python\Python312\DLLs\_sqlite3.pyd first seen with mtime 1738656366.0
File C:\mypython3\django\Lib\site-packages\django\contrib\admin\decorators.py first seen with mtime 1773145193.4971223
File C:\mypython3\django\Lib\site-packages\django\db\backends\base\__init__.py first seen with mtime 1773145196.0595918
File C:\Users\user\AppData\Local\Programs\Python\Python312\Lib\ctypes\wintypes.py first seen with mtime 1738656312.0
File C:\mypython3\django\Lib\site-packages\django\conf\__init__.py first seen with mtime 1773145193.0665152
File C:\mypython3\django\Lib\site-packages\django\contrib\auth\admin.py first seen with mtime 1773145194.2009065
File C:\Users\user\AppData\Local\Programs\Python\Python312\Lib\logging\__init__.py first seen with mtime 1738656312.0
File C:\mypython3\django\Lib\site-packages\django\template\backends\base.py first seen with mtime 1773145196.256998
File C:\mypython3\django\Lib\site-packages\django\core\files\locks.py first seen with mtime 1773145196.006105
File C:\mypython3\django\Lib\site-packages\django\middleware\__init__.py first seen with mtime 1773145196.2320373
File C:\Users\user\AppData\Local\Programs\Python\Python312\Lib\functools.py first seen with mtime 1738656312.0
File C:\Users\user\AppData\Local\Programs\Python\Python312\Lib\asyncio\events.py first seen with mtime 1738656312.0
File C:\mypython3\django\Scripts\hello_django\myhello\apps.py first seen with mtime 1773209089.9947636
File C:\mypython3\django\Lib\site-packages\django\contrib\contenttypes\apps.py first seen with mtime 1773145194.4121568
File C:\mypython3\django\Lib\site-packages\django\db\models\sql\query.py first seen with mtime 1773145196.1555007
File C:\mypython3\django\Lib\site-packages\django\contrib\messages\utils.py first seen with mtime 1773145195.2139518
File C:\mypython3\django\Lib\site-packages\django\core\servers\__init__.py first seen with mtime 1773145196.053576
File C:\Users\user\AppData\Local\Programs\Python\Python312\Lib\locale.py first seen with mtime 1738656312.0
File C:\Users\user\AppData\Local\Programs\Python\Python312\Lib\urllib\request.py first seen with mtime 1738656314.0
File C:\mypython3\django\Lib\site-packages\django\contrib\contenttypes\models.py first seen with mtime 1773145194.414056
File C:\mypython3\django\Lib\site-packages\django\db\models\enums.py first seen with mtime 1773145196.1317077
File C:\mypython3\django\Lib\site-packages\django\views\generic\dates.py first seen with mtime 1773145196.3303373
File C:\mypython3\django\Lib\site-packages\django\core\checks\compatibility\__init__.py first seen with mtime 1773145196.0000894
File C:\mypython3\django\Lib\site-packages\django\db\models\lookups.py first seen with mtime 1773145196.133716
File C:\mypython3\django\Lib\site-packages\django\db\models\fields\composite.py first seen with mtime 1773145196.1388083
File C:\Users\user\AppData\Local\Programs\Python\Python312\Lib\quopri.py first seen with mtime 1738656312.0
File C:\Users\user\AppData\Local\Programs\Python\Python312\Lib\collections\abc.py first seen with mtime 1738656312.0
File C:\mypython3\django\Lib\site-packages\django\core\files\storage\handler.py first seen with mtime 1773145196.0128129
File C:\mypython3\django\Lib\site-packages\django\db\models\manager.py first seen with mtime 1773145196.133716
File C:\Users\user\AppData\Local\Programs\Python\Python312\Lib\asyncio\coroutines.py first seen with mtime 1738656312.0
File C:\mypython3\django\Lib\site-packages\django\templatetags\static.py first seen with mtime 1773145196.2664125
File C:\mypython3\django\Lib\site-packages\django\views\i18n.py first seen with mtime 1773145196.3195925
File C:\mypython3\django\Lib\site-packages\django\utils\connection.py first seen with mtime 1773145196.2887466
File C:\mypython3\django\Lib\site-packages\django\db\models\utils.py first seen with mtime 1773145196.137802
File C:\Users\user\AppData\Local\Programs\Python\Python312\Lib\asyncio\constants.py first seen with mtime 1738656312.0
File C:\mypython3\django\Lib\site-packages\django\dispatch\dispatcher.py first seen with mtime 1773145196.1588857
File C:\mypython3\django\Lib\site-packages\django\forms\forms.py first seen with mtime 1773145196.1629066
File C:\mypython3\django\Lib\site-packages\django\forms\models.py first seen with mtime 1773145196.1639163
File C:\mypython3\django\Lib\site-packages\django\db\models\functions\json.py first seen with mtime 1773145196.14814
File C:\mypython3\django\Lib\site-packages\django\db\backends\ddl_references.py first seen with mtime 1773145196.057587
File C:\mypython3\django\Lib\site-packages\django\forms\__init__.py first seen with mtime 1773145196.1608996
File C:\Users\user\AppData\Local\Programs\Python\Python312\Lib\asyncio\tasks.py first seen with mtime 1738656312.0
File C:\mypython3\django\Lib\site-packages\django\core\handlers\asgi.py first seen with mtime 1773145196.0159414
File C:\Users\user\AppData\Local\Programs\Python\Python312\Lib\email\contentmanager.py first seen with mtime 1738656312.0
File C:\Users\user\AppData\Local\Programs\Python\Python312\Lib\mimetypes.py first seen with mtime 1738656312.0
File C:\mypython3\django\Lib\site-packages\django\template\defaultfilters.py first seen with mtime 1773145196.2489684
File C:\mypython3\django\Lib\site-packages\django\core\management\base.py first seen with mtime 1773145196.0260246
File C:\mypython3\django\Lib\site-packages\django\utils\dateparse.py first seen with mtime 1773145196.2914486
File C:\mypython3\django\Lib\site-packages\django\contrib\admin\widgets.py first seen with mtime 1773145193.5056791
File C:\mypython3\django\Lib\site-packages\django\db\migrations\operations\base.py first seen with mtime 1773145196.1241107
File C:\Users\user\AppData\Local\Programs\Python\Python312\Lib\asyncio\selector_events.py first seen with mtime 1738656312.0
File C:\mypython3\django\Lib\site-packages\django\db\migrations\operations\__init__.py first seen with mtime 1773145196.1231077
File C:\mypython3\django\Lib\site-packages\django\template\loaders\app_directories.py first seen with mtime 1773145196.2604578
File C:\mypython3\django\Lib\site-packages\django\contrib\auth\templatetags\__init__.py first seen with mtime 1773145194.4091442
File C:\Users\user\AppData\Local\Programs\Python\Python312\Lib\dataclasses.py first seen with mtime 1738656312.0
File C:\mypython3\django\Lib\site-packages\django\core\files\temp.py first seen with mtime 1773145196.0071077
File C:\mypython3\django\Lib\site-packages\django\contrib\messages\storage\__init__.py first seen with mtime 1773145195.2149706
File C:\mypython3\django\Lib\site-packages\django\db\backends\sqlite3\client.py first seen with mtime 1773145196.1084104
File C:\mypython3\django\Lib\site-packages\django\template\defaulttags.py first seen with mtime 1773145196.2499743
File C:\Users\user\AppData\Local\Programs\Python\Python312\Lib\asyncio\streams.py first seen with mtime 1738656312.0
File C:\mypython3\django\Lib\site-packages\django\contrib\auth\tokens.py first seen with mtime 1773145194.2107623
File C:\mypython3\django\Lib\site-packages\django\views\decorators\__init__.py first seen with mtime 1773145196.3217947
File C:\Users\user\AppData\Local\Programs\Python\Python312\Lib\email\mime\base.py first seen with mtime 1738656312.0
File C:\Users\user\AppData\Local\Programs\Python\Python312\Lib\signal.py first seen with mtime 1738656312.0
File C:\Users\user\AppData\Local\Programs\Python\Python312\Lib\asyncio\proactor_events.py first seen with mtime 1738656312.0
File C:\mypython3\django\Lib\site-packages\django\template\utils.py first seen with mtime 1773145196.2546358
File C:\mypython3\django\Lib\site-packages\django\core\mail\utils.py first seen with mtime 1773145196.0191846
File C:\mypython3\django\Lib\site-packages\django\utils\encoding.py first seen with mtime 1773145196.2962735
File C:\Users\user\AppData\Local\Programs\Python\Python312\Lib\html\parser.py first seen with mtime 1738656312.0
File C:\mypython3\django\Lib\site-packages\django\core\mail\message.py first seen with mtime 1773145196.0191846
File C:\mypython3\django\Lib\site-packages\django\contrib\auth\backends.py first seen with mtime 1773145194.202163
File C:\Users\user\AppData\Local\Programs\Python\Python312\Lib\copy.py first seen with mtime 1738656312.0
File C:\Users\user\AppData\Local\Programs\Python\Python312\Lib\glob.py first seen with mtime 1738656312.0
File C:\Users\user\AppData\Local\Programs\Python\Python312\Lib\fractions.py first seen with mtime 1738656312.0
File C:\mypython3\django\Lib\site-packages\django\contrib\contenttypes\views.py first seen with mtime 1773145194.415163
File C:\mypython3\django\Lib\site-packages\django\db\migrations\exceptions.py first seen with mtime 1773145196.1150866
File C:\mypython3\django\Lib\site-packages\django\db\models\query_utils.py first seen with mtime 1773145196.1357875
File C:\mypython3\django\Lib\site-packages\sqlparse\utils.py first seen with mtime 1773145192.8442674
File C:\mypython3\django\Lib\site-packages\django\db\backends\sqlite3\creation.py first seen with mtime 1773145196.1094236
File C:\mypython3\django\Lib\site-packages\django\utils\decorators.py first seen with mtime 1773145196.2951896
File C:\Users\user\AppData\Local\Programs\Python\Python312\Lib\asyncio\base_events.py first seen with mtime 1738656312.0
File C:\mypython3\django\Lib\site-packages\django\utils\dateformat.py first seen with mtime 1773145196.2914486
File C:\Users\user\AppData\Local\Programs\Python\Python312\Lib\email\errors.py first seen with mtime 1738656312.0
File C:\mypython3\django\Lib\site-packages\django\views\generic\edit.py first seen with mtime 1773145196.3316674
File C:\mypython3\django\Lib\site-packages\django\template\loaders\base.py first seen with mtime 1773145196.2619398
File C:\mypython3\django\Lib\site-packages\django\db\backends\signals.py first seen with mtime 1773145196.057587
File C:\mypython3\django\Lib\site-packages\django\template\__init__.py first seen with mtime 1773145196.245047
File C:\mypython3\django\Lib\site-packages\django\utils\html.py first seen with mtime 1773145196.3005579
File C:\mypython3\django\Lib\site-packages\django\contrib\staticfiles\views.py first seen with mtime 1773145195.972909
File C:\Users\user\AppData\Local\Programs\Python\Python312\DLLs\_queue.pyd first seen with mtime 1738656366.0
File C:\mypython3\django\Lib\site-packages\django\template\loaders\filesystem.py first seen with mtime 1773145196.2629397
File C:\Users\user\AppData\Local\Programs\Python\Python312\Lib\typing.py first seen with mtime 1738656314.0
File C:\Users\user\AppData\Local\Programs\Python\Python312\Lib\zoneinfo\_tzpath.py first seen with mtime 1738656314.0
File C:\Users\user\AppData\Local\Programs\Python\Python312\Lib\logging\handlers.py first seen with mtime 1738656312.0
File C:\mypython3\django\Lib\site-packages\django\contrib\admin\__init__.py first seen with mtime 1773145193.4930222
File C:\Users\user\AppData\Local\Programs\Python\Python312\Lib\email\encoders.py first seen with mtime 1738656312.0
File C:\mypython3\django\Lib\site-packages\django\core\checks\registry.py first seen with mtime 1773145195.9976888
File C:\Users\user\AppData\Local\Programs\Python\Python312\Lib\urllib\__init__.py first seen with mtime 1738656314.0
File C:\Users\user\AppData\Local\Programs\Python\Python312\Lib\warnings.py first seen with mtime 1738656314.0
File C:\mypython3\django\Lib\site-packages\django\dispatch\__init__.py first seen with mtime 1773145196.1578827
File C:\mypython3\django\Lib\site-packages\django\templatetags\i18n.py first seen with mtime 1773145196.2654092
File C:\mypython3\django\Lib\site-packages\django\utils\deconstruct.py first seen with mtime 1773145196.2939546
File C:\Users\user\AppData\Local\Programs\Python\Python312\Lib\enum.py first seen with mtime 1738656312.0
File C:\mypython3\django\Lib\site-packages\django\contrib\contenttypes\checks.py first seen with mtime 1773145194.4121568
File C:\mypython3\django\Lib\site-packages\django\core\checks\security\csrf.py first seen with mtime 1773145196.003097
File C:\mypython3\django\Lib\site-packages\django\contrib\staticfiles\finders.py first seen with mtime 1773145195.9689355
File C:\Users\user\AppData\Local\Programs\Python\Python312\Lib\reprlib.py first seen with mtime 1738656312.0
File C:\mypython3\django\Lib\site-packages\django\forms\boundfield.py first seen with mtime 1773145196.1608996
File C:\Users\user\AppData\Local\Programs\Python\Python312\Lib\http\cookies.py first seen with mtime 1738656312.0
File C:\mypython3\django\Lib\site-packages\django\core\signing.py first seen with mtime 1773145195.9827394
File C:\Users\user\AppData\Local\Programs\Python\Python312\Lib\base64.py first seen with mtime 1738656312.0
File C:\mypython3\django\Lib\site-packages\django\templatetags\cache.py first seen with mtime 1773145196.2654092
File C:\Users\user\AppData\Local\Programs\Python\Python312\Lib\wsgiref\simple_server.py first seen with mtime 1738656314.0
File C:\mypython3\django\Lib\site-packages\django\core\checks\caches.py first seen with mtime 1773145195.993607
File C:\mypython3\django\Lib\site-packages\sqlparse\cli.py first seen with mtime 1773145192.837533
File C:\mypython3\django\Lib\site-packages\django\core\management\__init__.py first seen with mtime 1773145196.0260246
File C:\Users\user\AppData\Local\Programs\Python\Python312\Lib\urllib\error.py first seen with mtime 1738656314.0
File C:\mypython3\django\Lib\site-packages\django\conf\locale\__init__.py first seen with mtime 1773145193.0745852
File C:\mypython3\django\Lib\site-packages\django\db\migrations\operations\models.py first seen with mtime 1773145196.125113
File C:\mypython3\django\Lib\site-packages\django\utils\tree.py first seen with mtime 1773145196.3107
File C:\mypython3\django\Lib\site-packages\django\core\cache\backends\__init__.py first seen with mtime 1773145195.9857483
File C:\mypython3\django\Lib\site-packages\django\utils\timezone.py first seen with mtime 1773145196.3096595
File C:\mypython3\django\Lib\site-packages\django\db\backends\base\creation.py first seen with mtime 1773145196.0605943
File C:\mypython3\django\Lib\site-packages\django\utils\ipv6.py first seen with mtime 1773145196.3027143
File C:\Users\user\AppData\Local\Programs\Python\Python312\Lib\struct.py first seen with mtime 1738656312.0
File C:\Users\user\AppData\Local\Programs\Python\Python312\Lib\string.py first seen with mtime 1738656312.0
File C:\mypython3\django\Lib\site-packages\django\utils\inspect.py first seen with mtime 1773145196.3016546
File C:\mypython3\django\Lib\site-packages\sqlparse\filters\right_margin.py first seen with mtime 1773145192.8509643
File C:\mypython3\django\Scripts\hello_django\hello_django\settings.py first seen with mtime 1773210093.7927594
File C:\mypython3\django\Lib\site-packages\django\core\handlers\base.py first seen with mtime 1773145196.0159414
File C:\Users\user\AppData\Local\Programs\Python\Python312\Lib\weakref.py first seen with mtime 1738656314.0
File C:\mypython3\django\Lib\site-packages\django\utils\crypto.py first seen with mtime 1773145196.289754
File C:\mypython3\django\Scripts\hello_django\myhello\admin.py first seen with mtime 1773209089.9926696
File C:\mypython3\django\Lib\site-packages\django\db\transaction.py first seen with mtime 1773145196.0555813
File C:\Users\user\AppData\Local\Programs\Python\Python312\Lib\asyncio\base_tasks.py first seen with mtime 1738656312.0
File C:\mypython3\django\Lib\site-packages\django\templatetags\__init__.py first seen with mtime 1773145196.2641056
File C:\Users\user\AppData\Local\Programs\Python\Python312\Lib\sqlite3\dbapi2.py first seen with mtime 1738656312.0
File C:\Users\user\AppData\Local\Programs\Python\Python312\DLLs\_bz2.pyd first seen with mtime 1738656366.0
File C:\mypython3\django\Lib\site-packages\django\core\files\storage\__init__.py first seen with mtime 1773145196.0107872
File C:\mypython3\django\Lib\site-packages\django\utils\hashable.py first seen with mtime 1773145196.2994263
File C:\mypython3\django\Lib\site-packages\django\core\checks\__init__.py first seen with mtime 1773145195.9926045
File C:\mypython3\django\Lib\site-packages\django\db\backends\sqlite3\_functions.py first seen with mtime 1773145196.1074038
File C:\mypython3\django\Lib\site-packages\django\core\files\move.py first seen with mtime 1773145196.0071077
File C:\mypython3\django\Lib\site-packages\sqlparse\tokens.py first seen with mtime 1773145192.8428211
File C:\Users\user\AppData\Local\Programs\Python\Python312\Lib\email\message.py first seen with mtime 1738656312.0
File C:\mypython3\django\Lib\site-packages\django\contrib\sessions\backends\__init__.py first seen with mtime 1773145195.5645118
File C:\Users\user\AppData\Local\Programs\Python\Python312\Lib\bisect.py first seen with mtime 1738656312.0
File C:\mypython3\django\Lib\site-packages\django\apps\config.py first seen with mtime 1773145193.0643098
File C:\mypython3\django\Lib\site-packages\django\db\backends\sqlite3\features.py first seen with mtime 1773145196.1094236
File C:\mypython3\django\Lib\site-packages\django\contrib\sessions\base_session.py first seen with mtime 1773145195.561499
File C:\mypython3\django\Lib\site-packages\django\forms\formsets.py first seen with mtime 1773145196.1629066
File C:\mypython3\django\Lib\site-packages\django\apps\__init__.py first seen with mtime 1773145193.0633047
File C:\mypython3\django\Lib\site-packages\django\db\models\functions\datetime.py first seen with mtime 1773145196.14814
File C:\mypython3\django\Lib\site-packages\django\db\backends\utils.py first seen with mtime 1773145196.058589
File C:\mypython3\django\Lib\site-packages\django\db\models\query.py first seen with mtime 1773145196.1357875
File C:\Users\user\AppData\Local\Programs\Python\Python312\Lib\asyncio\subprocess.py first seen with mtime 1738656312.0
File C:\mypython3\django\Lib\site-packages\django\contrib\auth\checks.py first seen with mtime 1773145194.2036693
File C:\mypython3\django\Lib\site-packages\django\db\migrations\operations\special.py first seen with mtime 1773145196.1261158
File C:\Users\user\AppData\Local\Programs\Python\Python312\Lib\encodings\cp950.py first seen with mtime 1738656312.0
File C:\mypython3\django\Lib\site-packages\django\utils\module_loading.py first seen with mtime 1773145196.3050413
File C:\mypython3\django\Lib\site-packages\django\contrib\admin\models.py first seen with mtime 1773145193.5007255
File C:\mypython3\django\Lib\site-packages\django\db\models\sql\where.py first seen with mtime 1773145196.1578827
File C:\mypython3\django\Lib\site-packages\django\core\files\storage\filesystem.py first seen with mtime 1773145196.011807
File C:\mypython3\django\Lib\site-packages\django\contrib\auth\management\__init__.py first seen with mtime 1773145194.3959832
File C:\mypython3\django\Lib\site-packages\django\core\cache\backends\base.py first seen with mtime 1773145195.9867523
File C:\Users\user\AppData\Local\Programs\Python\Python312\Lib\email\header.py first seen with mtime 1738656312.0
File C:\mypython3\django\Lib\site-packages\django\utils\dates.py first seen with mtime 1773145196.292947
File C:\mypython3\django\Lib\site-packages\django\views\generic\base.py first seen with mtime 1773145196.3288577
File C:\mypython3\django\Lib\site-packages\django\contrib\contenttypes\management\__init__.py first seen with mtime 1773145194.610613
File C:\mypython3\django\Lib\site-packages\django\utils\duration.py first seen with mtime 1773145196.2962735
File C:\mypython3\django\Lib\site-packages\django\db\models\fields\related_descriptors.py first seen with mtime 1773145196.1449113
File C:\Users\user\AppData\Local\Programs\Python\Python312\DLLs\_decimal.pyd first seen with mtime 1738656366.0
File C:\Users\user\AppData\Local\Programs\Python\Python312\DLLs\_ssl.pyd first seen with mtime 1738656366.0
File C:\mypython3\django\Lib\site-packages\django\urls\resolvers.py first seen with mtime 1773145196.2802548
File C:\mypython3\django\Lib\site-packages\django\contrib\admin\filters.py first seen with mtime 1773145193.498147
File C:\Users\user\AppData\Local\Programs\Python\Python312\Lib\numbers.py first seen with mtime 1738656312.0
File C:\mypython3\django\Lib\site-packages\django\contrib\auth\base_user.py first seen with mtime 1773145194.2031653
File C:\mypython3\django\Lib\site-packages\sqlparse\filters\aligned_indent.py first seen with mtime 1773145192.848455
File C:\Users\user\AppData\Local\Programs\Python\Python312\Lib\hashlib.py first seen with mtime 1738656312.0
File C:\mypython3\django\Lib\site-packages\django\core\checks\commands.py first seen with mtime 1773145195.9946108
File C:\mypython3\django\Lib\site-packages\django\core\cache\__init__.py first seen with mtime 1773145195.9847455
File C:\mypython3\django\Lib\site-packages\django\template\backends\django.py first seen with mtime 1773145196.256998
File C:\mypython3\django\Lib\site-packages\django\views\static.py first seen with mtime 1773145196.3207896
File C:\mypython3\django\Lib\site-packages\asgiref\current_thread_executor.py first seen with mtime 1773145192.9433763
File C:\mypython3\django\Lib\site-packages\django\utils\autoreload.py first seen with mtime 1773145196.2862146
File C:\mypython3\django\Lib\site-packages\django\contrib\auth\password_validation.py first seen with mtime 1773145194.2097628
File C:\mypython3\django\Lib\site-packages\django\contrib\admin\helpers.py first seen with mtime 1773145193.4997232
File C:\mypython3\django\Lib\site-packages\sqlparse\__init__.py first seen with mtime 1773145192.8363185
File C:\mypython3\django\Lib\site-packages\django\core\handlers\wsgi.py first seen with mtime 1773145196.0171359
File C:\Users\user\AppData\Local\Programs\Python\Python312\DLLs\_hashlib.pyd first seen with mtime 1738656366.0
File C:\mypython3\django\Lib\site-packages\django\urls\__init__.py first seen with mtime 1773145196.2758312
File C:\mypython3\django\Lib\site-packages\django\utils\lorem_ipsum.py first seen with mtime 1773145196.3050413
File C:\mypython3\django\Lib\site-packages\django\middleware\security.py first seen with mtime 1773145196.2384107
File C:\mypython3\django\Lib\site-packages\django\core\files\base.py first seen with mtime 1773145196.0051029
File C:\Users\user\AppData\Local\Programs\Python\Python312\Lib\gettext.py first seen with mtime 1738656312.0
File C:\mypython3\django\Lib\site-packages\django\contrib\sites\shortcuts.py first seen with mtime 1773145195.7729342
File C:\mypython3\django\Lib\site-packages\django\contrib\admin\options.py first seen with mtime 1773145193.5018322
File C:\mypython3\django\Lib\site-packages\django\views\generic\__init__.py first seen with mtime 1773145196.3288577
File C:\mypython3\django\Lib\site-packages\django\views\decorators\common.py first seen with mtime 1773145196.3230605
File C:\Users\user\AppData\Local\Programs\Python\Python312\Lib\encodings\__init__.py first seen with mtime 1738656312.0
File C:\mypython3\django\Lib\site-packages\django\db\models\base.py first seen with mtime 1773145196.128121
File C:\mypython3\django\Lib\site-packages\sqlparse\filters\reindent.py first seen with mtime 1773145192.8509643
File C:\mypython3\django\Lib\site-packages\django\contrib\__init__.py first seen with mtime 1773145193.4910147
File C:\mypython3\django\Lib\site-packages\django\utils\translation\trans_real.py first seen with mtime 1773145196.3164568
File C:\Users\user\AppData\Local\Programs\Python\Python312\DLLs\_overlapped.pyd first seen with mtime 1738656366.0
File C:\Users\user\AppData\Local\Programs\Python\Python312\Lib\asyncio\exceptions.py first seen with mtime 1738656312.0
File C:\mypython3\django\Lib\site-packages\django\core\mail\__init__.py first seen with mtime 1773145196.0181444
File C:\mypython3\django\Lib\site-packages\django\http\response.py first seen with mtime 1773145196.2320373
File C:\Users\user\AppData\Local\Programs\Python\Python312\Lib\re\_parser.py first seen with mtime 1738656312.0
File C:\mypython3\django\Lib\site-packages\django\contrib\admin\apps.py first seen with mtime 1773145193.4951673
File C:\mypython3\django\Lib\site-packages\django\db\backends\base\introspection.py first seen with mtime 1773145196.0626051
File C:\mypython3\django\Lib\site-packages\django\db\backends\base\schema.py first seen with mtime 1773145196.0646853
File C:\mypython3\django\Lib\site-packages\django\contrib\auth\decorators.py first seen with mtime 1773145194.2058501
File C:\mypython3\django\Lib\site-packages\django\db\models\options.py first seen with mtime 1773145196.1347816
File C:\Users\user\AppData\Local\Programs\Python\Python312\DLLs\_lzma.pyd first seen with mtime 1738656366.0
File C:\mypython3\django\Lib\site-packages\django\contrib\auth\views.py first seen with mtime 1773145194.212838
File C:\mypython3\django\Scripts\hello_django\myhello\models.py first seen with mtime 1773209089.9959147
File C:\mypython3\django\Lib\site-packages\django\utils\safestring.py first seen with mtime 1773145196.3072007
File C:\mypython3\django\Lib\site-packages\django\utils\choices.py first seen with mtime 1773145196.2874978
File C:\mypython3\django\Lib\site-packages\django\contrib\sessions\__init__.py first seen with mtime 1773145195.5604944
File C:\mypython3\django\Lib\site-packages\django\utils\http.py first seen with mtime 1773145196.3016546
File C:\Users\user\AppData\Local\Programs\Python\Python312\Lib\asyncio\format_helpers.py first seen with mtime 1738656312.0
File C:\Users\user\AppData\Local\Programs\Python\Python312\Lib\asyncio\locks.py first seen with mtime 1738656312.0
File C:\mypython3\django\Lib\site-packages\django\apps\registry.py first seen with mtime 1773145193.0654418
File C:\Users\user\AppData\Local\Programs\Python\Python312\Lib\getpass.py first seen with mtime 1738656312.0
File C:\Users\user\AppData\Local\Programs\Python\Python312\Lib\encodings\utf_8.py first seen with mtime 1738656312.0
File C:\mypython3\django\Lib\site-packages\django\contrib\auth\models.py first seen with mtime 1773145194.209344
File C:\mypython3\django\Lib\site-packages\django\db\models\fields\__init__.py first seen with mtime 1773145196.1388083
File C:\mypython3\django\Lib\site-packages\django\core\checks\translation.py first seen with mtime 1773145195.999038
File C:\mypython3\django\Lib\site-packages\django\template\loaders\__init__.py first seen with mtime 1773145196.2604578
File C:\mypython3\django\Lib\site-packages\django\core\files\images.py first seen with mtime 1773145196.006105
File C:\mypython3\django\Lib\site-packages\django\core\cache\backends\filebased.py first seen with mtime 1773145195.9891803
File C:\mypython3\django\Lib\site-packages\django\contrib\staticfiles\checks.py first seen with mtime 1773145195.9679174
File C:\Users\user\AppData\Local\Programs\Python\Python312\Lib\email\mime\nonmultipart.py first seen with mtime 1738656312.0
File C:\Users\user\AppData\Local\Programs\Python\Python312\Lib\asyncio\sslproto.py first seen with mtime 1738656312.0
File C:\mypython3\django\Lib\site-packages\django\core\management\commands\__init__.py first seen with mtime 1773145196.0303128
File C:\mypython3\django\Lib\site-packages\django\contrib\admin\templatetags\base.py first seen with mtime 1773145193.9981663
File C:\Users\user\AppData\Local\Programs\Python\Python312\Lib\token.py first seen with mtime 1738656314.0
File C:\mypython3\django\Lib\site-packages\django\db\models\signals.py first seen with mtime 1773145196.1367948
File C:\mypython3\django\Lib\site-packages\django\contrib\admin\templatetags\admin_urls.py first seen with mtime 1773145193.9976585
File C:\mypython3\django\Lib\site-packages\django\forms\widgets.py first seen with mtime 1773145196.1669354
File C:\mypython3\django\Lib\site-packages\django\contrib\staticfiles\management\__init__.py first seen with mtime 1773145195.972909
File C:\Users\user\AppData\Local\Programs\Python\Python312\Lib\wsgiref\util.py first seen with mtime 1738656314.0
File C:\mypython3\django\Lib\site-packages\django\views\decorators\csp.py first seen with mtime 1773145196.3242855
File C:\mypython3\django\Lib\site-packages\django\contrib\auth\__init__.py first seen with mtime 1773145194.2009065
File C:\mypython3\django\Lib\site-packages\django\template\loaders\cached.py first seen with mtime 1773145196.2619398
File C:\Users\user\AppData\Local\Programs\Python\Python312\Lib\html\__init__.py first seen with mtime 1738656312.0
File C:\Users\user\AppData\Local\Programs\Python\Python312\Lib\email\quoprimime.py first seen with mtime 1738656312.0
File C:\mypython3\django\Lib\site-packages\sqlparse\engine\grouping.py first seen with mtime 1773145192.8464475
File C:\Users\user\AppData\Local\Programs\Python\Python312\Lib\asyncio\windows_events.py first seen with mtime 1738656312.0
File C:\Users\user\AppData\Local\Programs\Python\Python312\Lib\re\_compiler.py first seen with mtime 1738656312.0
File C:\Users\user\AppData\Local\Programs\Python\Python312\Lib\hmac.py first seen with mtime 1738656312.0
File C:\mypython3\django\Lib\site-packages\asgiref\sync.py first seen with mtime 1773145192.946536
File C:\mypython3\django\Lib\site-packages\django\core\servers\basehttp.py first seen with mtime 1773145196.053576
File C:\Users\user\AppData\Local\Programs\Python\Python312\Lib\email\__init__.py first seen with mtime 1738656312.0
File C:\mypython3\django\Lib\site-packages\django\core\checks\compatibility\django_4_0.py first seen with mtime 1773145196.0010917
File C:\mypython3\django\Lib\site-packages\django\utils\timesince.py first seen with mtime 1773145196.3096595
File C:\Users\user\AppData\Local\Programs\Python\Python312\Lib\platform.py first seen with mtime 1738656312.0
File C:\mypython3\django\Lib\site-packages\django\http\multipartparser.py first seen with mtime 1773145196.2300172
File C:\Users\user\AppData\Local\Programs\Python\Python312\Lib\http\client.py first seen with mtime 1738656312.0
File C:\Users\user\AppData\Local\Programs\Python\Python312\Lib\http\__init__.py first seen with mtime 1738656312.0
File C:\mypython3\django\Lib\site-packages\django\db\backends\base\base.py first seen with mtime 1773145196.0595918
File C:\mypython3\django\Lib\site-packages\django\utils\version.py first seen with mtime 1773145196.3117063
File C:\mypython3\django\Lib\site-packages\django\core\checks\model_checks.py first seen with mtime 1773145195.996686
File C:\mypython3\django\Lib\site-packages\django\utils\numberformat.py first seen with mtime 1773145196.306123
File C:\mypython3\django\Lib\site-packages\django\views\decorators\cache.py first seen with mtime 1773145196.3217947
File C:\mypython3\django\Lib\site-packages\django\contrib\staticfiles\__init__.py first seen with mtime 1773145195.966913
File C:\Users\user\AppData\Local\Programs\Python\Python312\DLLs\unicodedata.pyd first seen with mtime 1738656366.0
File C:\mypython3\django\Lib\site-packages\django\utils\_os.py first seen with mtime 1773145196.2823725
File C:\Users\user\AppData\Local\Programs\Python\Python312\Lib\importlib\_abc.py first seen with mtime 1738656312.0
File C:\mypython3\django\Lib\site-packages\sqlparse\filters\__init__.py first seen with mtime 1773145192.848455
File C:\Users\user\AppData\Local\Programs\Python\Python312\Lib\queue.py first seen with mtime 1738656312.0
File C:\Users\user\AppData\Local\Programs\Python\Python312\Lib\asyncio\windows_utils.py first seen with mtime 1738656312.0
File C:\mypython3\django\Lib\site-packages\django\utils\text.py first seen with mtime 1773145196.308205
File C:\mypython3\django\Lib\site-packages\django\core\serializers\json.py first seen with mtime 1773145196.0503986
File C:\mypython3\django\Lib\site-packages\django\contrib\sessions\exceptions.py first seen with mtime 1773145195.561499
File C:\mypython3\django\Scripts\hello_django\myhello\urls.py first seen with mtime 1773210338.9968226
File C:\mypython3\django\Lib\site-packages\django\middleware\clickjacking.py first seen with mtime 1773145196.2330432
File C:\mypython3\django\Lib\site-packages\django\contrib\sessions\backends\base.py first seen with mtime 1773145195.5655143
File C:\mypython3\django\Lib\site-packages\django\middleware\common.py first seen with mtime 1773145196.2340477
File C:\mypython3\django\Lib\site-packages\django\contrib\messages\middleware.py first seen with mtime 1773145195.212948
Watching for file changes with StatReloader
Waiting for apps ready_event.
Apps ready_event triggered. Sending autoreload_started signal.
Watching dir C:\mypython3\django\Scripts\hello_django\locale with glob **/*.mo.
Watching dir C:\mypython3\django\Scripts\hello_django\myhello\locale with glob **/*.mo.
(0.000) 
            SELECT name, type FROM sqlite_master
            WHERE type in ('table', 'view') AND NOT name='sqlite_sequence'
            ORDER BY name; args=None; alias=default
File C:\Users\user\AppData\Local\Programs\Python\Python312\Lib\asyncio\log.py first seen with mtime 1738656312.0
File C:\Users\user\AppData\Local\Programs\Python\Python312\Lib\getpass.py first seen with mtime 1738656312.0
File C:\Users\user\AppData\Local\Programs\Python\Python312\Lib\platform.py first seen with mtime 1738656312.0
File C:\mypython3\django\Lib\site-packages\django\core\checks\messages.py first seen with mtime 1773145195.996686
File C:\mypython3\django\Lib\site-packages\django\utils\deprecation.py first seen with mtime 1773145196.2951896
File C:\mypython3\django\Lib\site-packages\django\db\backends\utils.py first seen with mtime 1773145196.058589
File C:\Users\user\AppData\Local\Programs\Python\Python312\Lib\weakref.py first seen with mtime 1738656314.0
File C:\mypython3\django\Lib\site-packages\django\core\checks\compatibility\__init__.py first seen with mtime 1773145196.0000894
File C:\mypython3\django\Lib\site-packages\django\contrib\admin\models.py first seen with mtime 1773145193.5007255
File C:\mypython3\django\Lib\site-packages\sqlparse\filters\__init__.py first seen with mtime 1773145192.848455
File C:\mypython3\django\Lib\site-packages\django\core\management\color.py first seen with mtime 1773145196.0270288
File C:\Users\user\AppData\Local\Programs\Python\Python312\Lib\graphlib.py first seen with mtime 1738656312.0
File C:\mypython3\django\Lib\site-packages\django\views\__init__.py first seen with mtime 1773145196.31751
File C:\mypython3\django\Lib\site-packages\django\core\management\commands\__init__.py first seen with mtime 1773145196.0303128
File C:\mypython3\django\Lib\site-packages\django\db\utils.py first seen with mtime 1773145196.0555813
File C:\mypython3\django\Scripts\hello_django\myhello\views.py first seen with mtime 1773209556.9963017
File C:\Users\user\AppData\Local\Programs\Python\Python312\Lib\email\mime\text.py first seen with mtime 1738656312.0
File C:\mypython3\django\Lib\site-packages\django\contrib\auth\backends.py first seen with mtime 1773145194.202163
File C:\mypython3\django\Lib\site-packages\django\http\cookie.py first seen with mtime 1773145196.2290022
File C:\Users\user\AppData\Local\Programs\Python\Python312\Lib\contextvars.py first seen with mtime 1738656312.0
File C:\mypython3\django\Lib\site-packages\django\core\exceptions.py first seen with mtime 1773145195.9806347
File C:\mypython3\django\Lib\site-packages\django\templatetags\static.py first seen with mtime 1773145196.2664125
File C:\mypython3\django\Lib\site-packages\django\db\models\options.py first seen with mtime 1773145196.1347816
File C:\Users\user\AppData\Local\Programs\Python\Python312\Lib\sqlite3\dbapi2.py first seen with mtime 1738656312.0
File C:\mypython3\django\Lib\site-packages\django\utils\timezone.py first seen with mtime 1773145196.3096595
File C:\mypython3\django\Lib\site-packages\django\contrib\admin\exceptions.py first seen with mtime 1773145193.498147
File C:\Users\user\AppData\Local\Programs\Python\Python312\Lib\uuid.py first seen with mtime 1738656314.0
File C:\mypython3\django\Lib\site-packages\django\utils\ipv6.py first seen with mtime 1773145196.3027143
File C:\mypython3\django\Lib\site-packages\django\core\signing.py first seen with mtime 1773145195.9827394
File C:\mypython3\django\Lib\site-packages\django\contrib\admin\views\main.py first seen with mtime 1773145194.0013695
File C:\Users\user\AppData\Local\Programs\Python\Python312\DLLs\_ssl.pyd first seen with mtime 1738656366.0
File C:\mypython3\django\Lib\site-packages\django\db\models\constants.py first seen with mtime 1773145196.1291237
File C:\mypython3\django\Lib\site-packages\django\contrib\auth\templatetags\auth.py first seen with mtime 1773145194.4101508
File C:\mypython3\django\Lib\site-packages\django\contrib\sessions\base_session.py first seen with mtime 1773145195.561499
File C:\mypython3\django\Lib\site-packages\django\views\decorators\common.py first seen with mtime 1773145196.3230605
File C:\Users\user\AppData\Local\Programs\Python\Python312\DLLs\_ctypes.pyd first seen with mtime 1738656366.0
File C:\mypython3\django\Lib\site-packages\django\db\models\constraints.py first seen with mtime 1773145196.130504
File C:\mypython3\django\Lib\site-packages\django\utils\timesince.py first seen with mtime 1773145196.3096595
File C:\mypython3\django\Lib\site-packages\django\urls\base.py first seen with mtime 1773145196.2768354
File C:\mypython3\django\Lib\site-packages\django\utils\html.py first seen with mtime 1773145196.3005579
File C:\Users\user\AppData\Local\Programs\Python\Python312\Lib\email\mime\nonmultipart.py first seen with mtime 1738656312.0
File C:\mypython3\django\Lib\site-packages\django\views\decorators\csrf.py first seen with mtime 1773145196.325538
File C:\Users\user\AppData\Local\Programs\Python\Python312\Lib\asyncio\sslproto.py first seen with mtime 1738656312.0
File C:\mypython3\django\Lib\site-packages\django\contrib\contenttypes\management\__init__.py first seen with mtime 1773145194.610613
File C:\mypython3\django\Lib\site-packages\django\db\models\fields\mixins.py first seen with mtime 1773145196.141822
File C:\Users\user\AppData\Local\Programs\Python\Python312\Lib\collections\abc.py first seen with mtime 1738656312.0
File C:\Users\user\AppData\Local\Programs\Python\Python312\Lib\email\header.py first seen with mtime 1738656312.0
File C:\Users\user\AppData\Local\Programs\Python\Python312\Lib\socketserver.py first seen with mtime 1738656312.0
File C:\mypython3\django\Lib\site-packages\sqlparse\engine\grouping.py first seen with mtime 1773145192.8464475
File C:\mypython3\django\Lib\site-packages\django\db\models\manager.py first seen with mtime 1773145196.133716
File C:\Users\user\AppData\Local\Programs\Python\Python312\Lib\email\parser.py first seen with mtime 1738656312.0
File C:\mypython3\django\Lib\site-packages\django\db\models\indexes.py first seen with mtime 1773145196.132712
File C:\mypython3\django\Lib\site-packages\django\shortcuts.py first seen with mtime 1773145193.0633047
File C:\mypython3\django\Lib\site-packages\django\contrib\staticfiles\utils.py first seen with mtime 1773145195.9714255
File C:\mypython3\django\Lib\site-packages\django\core\checks\compatibility\django_4_0.py first seen with mtime 1773145196.0010917
File C:\mypython3\django\Lib\site-packages\sqlparse\tokens.py first seen with mtime 1773145192.8428211
File C:\Users\user\AppData\Local\Programs\Python\Python312\DLLs\unicodedata.pyd first seen with mtime 1738656366.0
File C:\mypython3\django\Lib\site-packages\django\db\backends\sqlite3\creation.py first seen with mtime 1773145196.1094236
File C:\mypython3\django\Lib\site-packages\django\core\management\__init__.py first seen with mtime 1773145196.0260246
File C:\mypython3\django\Lib\site-packages\django\db\models\functions\mixins.py first seen with mtime 1773145196.1504881
File C:\mypython3\django\Lib\site-packages\django\core\handlers\exception.py first seen with mtime 1773145196.0171359
File C:\Users\user\AppData\Local\Programs\Python\Python312\Lib\_compat_pickle.py first seen with mtime 1738656312.0
File C:\mypython3\django\Lib\site-packages\django\core\files\move.py first seen with mtime 1773145196.0071077
File C:\mypython3\django\Lib\site-packages\django\db\models\aggregates.py first seen with mtime 1773145196.127118
File C:\mypython3\django\Lib\site-packages\django\template\response.py first seen with mtime 1773145196.2546358
File C:\Users\user\AppData\Local\Programs\Python\Python312\Lib\multiprocessing\__init__.py first seen with mtime 1738656312.0
File C:\mypython3\django\Lib\site-packages\django\contrib\auth\__init__.py first seen with mtime 1773145194.2009065
File C:\Users\user\AppData\Local\Programs\Python\Python312\Lib\re\_compiler.py first seen with mtime 1738656312.0
File C:\Users\user\AppData\Local\Programs\Python\Python312\Lib\asyncio\locks.py first seen with mtime 1738656312.0
File C:\mypython3\django\Lib\site-packages\django\__init__.py first seen with mtime 1773145193.0611882
File C:\Users\user\AppData\Local\Programs\Python\Python312\Lib\traceback.py first seen with mtime 1738656314.0
File C:\mypython3\django\Lib\site-packages\django\contrib\__init__.py first seen with mtime 1773145193.4910147
File C:\mypython3\django\Lib\site-packages\django\db\backends\base\validation.py first seen with mtime 1773145196.0737398
File C:\mypython3\django\Lib\site-packages\django\db\backends\sqlite3\client.py first seen with mtime 1773145196.1084104
File C:\Users\user\AppData\Local\Programs\Python\Python312\Lib\asyncio\runners.py first seen with mtime 1738656312.0
File C:\Users\user\AppData\Local\Programs\Python\Python312\Lib\asyncio\futures.py first seen with mtime 1738656312.0
File C:\mypython3\django\Lib\site-packages\django\urls\resolvers.py first seen with mtime 1773145196.2802548
File C:\mypython3\django\Lib\site-packages\django\core\management\base.py first seen with mtime 1773145196.0260246
File C:\mypython3\django\Scripts\hello_django\hello_django\__init__.py first seen with mtime 1773146754.8790936
File C:\mypython3\django\Lib\site-packages\django\contrib\staticfiles\__init__.py first seen with mtime 1773145195.966913
File C:\Users\user\AppData\Local\Programs\Python\Python312\Lib\contextlib.py first seen with mtime 1738656312.0
File C:\mypython3\django\Lib\site-packages\django\db\migrations\exceptions.py first seen with mtime 1773145196.1150866
File C:\mypython3\django\Lib\site-packages\django\contrib\messages\constants.py first seen with mtime 1773145195.2114909
File C:\Users\user\AppData\Local\Programs\Python\Python312\Lib\email\policy.py first seen with mtime 1738656312.0
File C:\mypython3\django\Lib\site-packages\django\dispatch\dispatcher.py first seen with mtime 1773145196.1588857
File C:\mypython3\django\Lib\site-packages\sqlparse\filters\aligned_indent.py first seen with mtime 1773145192.848455
File C:\mypython3\django\Lib\site-packages\django\core\servers\basehttp.py first seen with mtime 1773145196.053576
File C:\mypython3\django\Lib\site-packages\django\template\loaders\app_directories.py first seen with mtime 1773145196.2604578
File C:\Users\user\AppData\Local\Programs\Python\Python312\Lib\asyncio\selector_events.py first seen with mtime 1738656312.0
File C:\mypython3\django\Lib\site-packages\django\contrib\auth\base_user.py first seen with mtime 1773145194.2031653
File C:\Users\user\AppData\Local\Programs\Python\Python312\Lib\email\_encoded_words.py first seen with mtime 1738656312.0
File C:\mypython3\django\Lib\site-packages\django\contrib\staticfiles\management\__init__.py first seen with mtime 1773145195.972909
File C:\mypython3\django\Lib\site-packages\django\db\backends\base\base.py first seen with mtime 1773145196.0595918
File C:\Users\user\AppData\Local\Programs\Python\Python312\Lib\asyncio\base_subprocess.py first seen with mtime 1738656312.0
File C:\mypython3\django\Lib\site-packages\django\contrib\messages\utils.py first seen with mtime 1773145195.2139518
File C:\mypython3\django\Lib\site-packages\django\db\models\functions\comparison.py first seen with mtime 1773145196.14814
File C:\mypython3\django\Lib\site-packages\django\db\backends\base\introspection.py first seen with mtime 1773145196.0626051
File C:\Users\user\AppData\Local\Programs\Python\Python312\DLLs\_queue.pyd first seen with mtime 1738656366.0
File C:\Users\user\AppData\Local\Programs\Python\Python312\Lib\lzma.py first seen with mtime 1738656312.0
File C:\Users\user\AppData\Local\Programs\Python\Python312\DLLs\_overlapped.pyd first seen with mtime 1738656366.0
File C:\mypython3\django\Lib\site-packages\django\utils\translation\__init__.py first seen with mtime 1773145196.3137293
File C:\Users\user\AppData\Local\Programs\Python\Python312\Lib\email\errors.py first seen with mtime 1738656312.0
File C:\mypython3\django\Lib\site-packages\django\db\backends\sqlite3\introspection.py first seen with mtime 1773145196.110429
File C:\Users\user\AppData\Local\Programs\Python\Python312\Lib\operator.py first seen with mtime 1738656312.0
File C:\mypython3\django\Lib\site-packages\django\utils\translation\trans_real.py first seen with mtime 1773145196.3164568
File C:\Users\user\AppData\Local\Programs\Python\Python312\Lib\email\mime\__init__.py first seen with mtime 1738656312.0
File C:\Users\user\AppData\Local\Programs\Python\Python312\Lib\concurrent\futures\thread.py first seen with mtime 1738656312.0
File C:\mypython3\django\Lib\site-packages\django\template\loader.py first seen with mtime 1773145196.252318
File C:\Users\user\AppData\Local\Programs\Python\Python312\Lib\ast.py first seen with mtime 1738656312.0
File C:\Users\user\AppData\Local\Programs\Python\Python312\Lib\enum.py first seen with mtime 1738656312.0
File C:\Users\user\AppData\Local\Programs\Python\Python312\Lib\asyncio\base_futures.py first seen with mtime 1738656312.0
File C:\mypython3\django\Lib\site-packages\django\db\migrations\utils.py first seen with mtime 1773145196.1221051
File C:\mypython3\django\Lib\site-packages\django\core\handlers\base.py first seen with mtime 1773145196.0159414
File C:\Users\user\AppData\Local\Programs\Python\Python312\DLLs\_sqlite3.pyd first seen with mtime 1738656366.0
File C:\Users\user\AppData\Local\Programs\Python\Python312\Lib\zoneinfo\__init__.py first seen with mtime 1738656314.0
File C:\mypython3\django\Lib\site-packages\django\contrib\auth\templatetags\__init__.py first seen with mtime 1773145194.4091442
File C:\mypython3\django\Lib\site-packages\django\contrib\admin\decorators.py first seen with mtime 1773145193.4971223
File C:\mypython3\django\Lib\site-packages\django\http\request.py first seen with mtime 1773145196.231031
File C:\Users\user\AppData\Local\Programs\Python\Python312\Lib\email\mime\multipart.py first seen with mtime 1738656312.0
File C:\Users\user\AppData\Local\Programs\Python\Python312\Lib\http\client.py first seen with mtime 1738656312.0
File C:\mypython3\django\Lib\site-packages\_virtualenv.py first seen with mtime 1773145102.794879
File C:\Users\user\AppData\Local\Programs\Python\Python312\Lib\logging\handlers.py first seen with mtime 1738656312.0
File C:\mypython3\django\Lib\site-packages\django\core\cache\backends\filebased.py first seen with mtime 1773145195.9891803
File C:\mypython3\django\Lib\site-packages\django\http\response.py first seen with mtime 1773145196.2320373
File C:\mypython3\django\Lib\site-packages\django\utils\dates.py first seen with mtime 1773145196.292947
File C:\mypython3\django\Lib\site-packages\django\forms\widgets.py first seen with mtime 1773145196.1669354
File C:\mypython3\django\Lib\site-packages\django\utils\http.py first seen with mtime 1773145196.3016546
File C:\mypython3\django\Lib\site-packages\django\core\files\storage\__init__.py first seen with mtime 1773145196.0107872
File C:\Users\user\AppData\Local\Programs\Python\Python312\Lib\re\__init__.py first seen with mtime 1738656312.0
File C:\Users\user\AppData\Local\Programs\Python\Python312\Lib\asyncio\base_events.py first seen with mtime 1738656312.0
File C:\mypython3\django\Lib\site-packages\django\views\generic\dates.py first seen with mtime 1773145196.3303373
File C:\mypython3\django\Lib\site-packages\django\db\models\enums.py first seen with mtime 1773145196.1317077
File C:\Users\user\AppData\Local\Programs\Python\Python312\Lib\sysconfig.py first seen with mtime 1738656312.0
File C:\mypython3\django\Lib\site-packages\sqlparse\__init__.py first seen with mtime 1773145192.8363185
File C:\Users\user\AppData\Local\Programs\Python\Python312\Lib\urllib\request.py first seen with mtime 1738656314.0
File C:\mypython3\django\Lib\site-packages\django\core\files\uploadhandler.py first seen with mtime 1773145196.00958
File C:\Users\user\AppData\Local\Programs\Python\Python312\Lib\json\__init__.py first seen with mtime 1738656312.0
File C:\Users\user\AppData\Local\Programs\Python\Python312\Lib\ctypes\__init__.py first seen with mtime 1738656312.0
File C:\mypython3\django\Lib\site-packages\django\db\migrations\state.py first seen with mtime 1773145196.121103
File C:\mypython3\django\Lib\site-packages\django\core\files\utils.py first seen with mtime 1773145196.00958
File C:\Users\user\AppData\Local\Programs\Python\Python312\Lib\gzip.py first seen with mtime 1738656312.0
File C:\mypython3\django\Lib\site-packages\django\db\models\query_utils.py first seen with mtime 1773145196.1357875
File C:\Users\user\AppData\Local\Programs\Python\Python312\Lib\queue.py first seen with mtime 1738656312.0
File C:\Users\user\AppData\Local\Programs\Python\Python312\Lib\http\server.py first seen with mtime 1738656312.0
File C:\Users\user\AppData\Local\Programs\Python\Python312\Lib\email\quoprimime.py first seen with mtime 1738656312.0
File C:\Users\user\AppData\Local\Programs\Python\Python312\Lib\asyncio\format_helpers.py first seen with mtime 1738656312.0
File C:\mypython3\django\Scripts\hello_django\hello_django\urls.py first seen with mtime 1773210014.6663246
File C:\mypython3\django\Lib\site-packages\django\db\backends\base\features.py first seen with mtime 1773145196.0615973
File C:\Users\user\AppData\Local\Programs\Python\Python312\Lib\hmac.py first seen with mtime 1738656312.0
File C:\mypython3\django\Lib\site-packages\django\core\checks\security\base.py first seen with mtime 1773145196.0020945
File C:\mypython3\django\Scripts\hello_django\myhello\urls.py first seen with mtime 1773210372.6971161
File C:\Users\user\AppData\Local\Programs\Python\Python312\Lib\concurrent\futures\_base.py first seen with mtime 1738656312.0
File C:\mypython3\django\Lib\site-packages\django\contrib\auth\password_validation.py first seen with mtime 1773145194.2097628
File C:\mypython3\django\Lib\site-packages\django\contrib\staticfiles\checks.py first seen with mtime 1773145195.9679174
File C:\mypython3\django\Lib\site-packages\django\db\models\sql\subqueries.py first seen with mtime 1773145196.15688
File C:\mypython3\django\Lib\site-packages\django\urls\exceptions.py first seen with mtime 1773145196.2792509
File C:\mypython3\django\Lib\site-packages\django\contrib\auth\forms.py first seen with mtime 1773145194.2068572
File C:\mypython3\django\Lib\site-packages\django\utils\tree.py first seen with mtime 1773145196.3107
File C:\Users\user\AppData\Local\Programs\Python\Python312\Lib\email\message.py first seen with mtime 1738656312.0
File C:\Users\user\AppData\Local\Programs\Python\Python312\Lib\encodings\utf_8_sig.py first seen with mtime 1738656312.0
File C:\mypython3\django\Lib\site-packages\django\middleware\cache.py first seen with mtime 1773145196.2330432
File C:\mypython3\django\Lib\site-packages\django\core\files\__init__.py first seen with mtime 1773145196.0051029
File C:\mypython3\django\Lib\site-packages\django\core\checks\security\__init__.py first seen with mtime 1773145196.0020945
File C:\mypython3\django\Lib\site-packages\django\utils\numberformat.py first seen with mtime 1773145196.306123
File C:\mypython3\django\Lib\site-packages\django\core\checks\security\sessions.py first seen with mtime 1773145196.0041006
File C:\mypython3\django\Lib\site-packages\django\contrib\contenttypes\apps.py first seen with mtime 1773145194.4121568
File C:\Users\user\AppData\Local\Programs\Python\Python312\Lib\asyncio\windows_events.py first seen with mtime 1738656312.0
File C:\mypython3\django\Lib\site-packages\django\template\library.py first seen with mtime 1773145196.252318
File C:\Users\user\AppData\Local\Programs\Python\Python312\Lib\encodings\aliases.py first seen with mtime 1738656312.0
File C:\mypython3\django\Lib\site-packages\django\urls\utils.py first seen with mtime 1773145196.2802548
File C:\mypython3\django\Lib\site-packages\django\utils\connection.py first seen with mtime 1773145196.2887466
File C:\mypython3\django\Lib\site-packages\django\contrib\messages\__init__.py first seen with mtime 1773145195.2094755
File C:\mypython3\django\Lib\site-packages\django\contrib\admin\views\__init__.py first seen with mtime 1773145193.999184
File C:\Users\user\AppData\Local\Programs\Python\Python312\Lib\html\entities.py first seen with mtime 1738656312.0
File C:\mypython3\django\Lib\site-packages\django\utils\asyncio.py first seen with mtime 1773145196.284721
File C:\mypython3\django\Lib\site-packages\django\core\files\uploadedfile.py first seen with mtime 1773145196.0081103
File C:\mypython3\django\Lib\site-packages\django\contrib\messages\api.py first seen with mtime 1773145195.2104838
File C:\mypython3\django\Lib\site-packages\django\db\models\functions\__init__.py first seen with mtime 1773145196.1471357
File C:\mypython3\django\Lib\site-packages\django\template\loader_tags.py first seen with mtime 1773145196.2536273
File C:\mypython3\django\Lib\site-packages\django\template\loaders\base.py first seen with mtime 1773145196.2619398
File C:\mypython3\django\Lib\site-packages\django\utils\hashable.py first seen with mtime 1773145196.2994263
File C:\mypython3\django\Lib\site-packages\django\templatetags\i18n.py first seen with mtime 1773145196.2654092
File C:\Users\user\AppData\Local\Programs\Python\Python312\Lib\multiprocessing\context.py first seen with mtime 1738656312.0
File C:\Users\user\AppData\Local\Programs\Python\Python312\DLLs\_uuid.pyd first seen with mtime 1738656366.0
File C:\mypython3\django\Lib\site-packages\django\db\models\functions\text.py first seen with mtime 1773145196.15149
File C:\mypython3\django\Lib\site-packages\django\template\smartif.py first seen with mtime 1773145196.2546358
File C:\Users\user\AppData\Local\Programs\Python\Python312\DLLs\_bz2.pyd first seen with mtime 1738656366.0
File C:\mypython3\django\Lib\site-packages\django\core\servers\__init__.py first seen with mtime 1773145196.053576
File C:\mypython3\django\Lib\site-packages\django\contrib\sites\requests.py first seen with mtime 1773145195.7729342
File C:\mypython3\django\Lib\site-packages\django\core\checks\model_checks.py first seen with mtime 1773145195.996686
File C:\mypython3\django\Lib\site-packages\django\db\models\sql\constants.py first seen with mtime 1773145196.1544979
File C:\Users\user\AppData\Local\Programs\Python\Python312\Lib\asyncio\exceptions.py first seen with mtime 1738656312.0
File C:\mypython3\django\Lib\site-packages\django\forms\renderers.py first seen with mtime 1773145196.1649306
File C:\mypython3\django\Lib\site-packages\django\views\decorators\debug.py first seen with mtime 1773145196.325538
File C:\mypython3\django\Lib\site-packages\django\utils\functional.py first seen with mtime 1773145196.2984064
File C:\mypython3\django\Lib\site-packages\asgiref\current_thread_executor.py first seen with mtime 1773145192.9433763
File C:\mypython3\django\Lib\site-packages\django\contrib\staticfiles\views.py first seen with mtime 1773145195.972909
File C:\Users\user\AppData\Local\Programs\Python\Python312\Lib\subprocess.py first seen with mtime 1738656312.0
File C:\Users\user\AppData\Local\Programs\Python\Python312\Lib\encodings\utf_8.py first seen with mtime 1738656312.0
File C:\Users\user\AppData\Local\Programs\Python\Python312\Lib\difflib.py first seen with mtime 1738656312.0
File C:\mypython3\django\Lib\site-packages\django\contrib\staticfiles\management\commands\runserver.py first seen with mtime 1773145195.976585
File C:\mypython3\django\Lib\site-packages\django\middleware\csrf.py first seen with mtime 1773145196.236068
File C:\mypython3\django\Lib\site-packages\django\template\backends\__init__.py first seen with mtime 1773145196.2559953
File C:\Users\user\AppData\Local\Programs\Python\Python312\Lib\email\base64mime.py first seen with mtime 1738656312.0
File C:\mypython3\django\Lib\site-packages\django\conf\urls\__init__.py first seen with mtime 1773145193.4895015
File C:\mypython3\django\Lib\site-packages\django\forms\fields.py first seen with mtime 1773145196.1619065
File C:\Users\user\AppData\Local\Programs\Python\Python312\Lib\urllib\__init__.py first seen with mtime 1738656314.0
File C:\mypython3\django\Lib\site-packages\django\utils\translation\reloader.py first seen with mtime 1773145196.3137293
File C:\mypython3\django\Lib\site-packages\django\template\context.py first seen with mtime 1773145196.247962
File C:\mypython3\django\Lib\site-packages\sqlparse\formatter.py first seen with mtime 1773145192.8398044
File C:\Users\user\AppData\Local\Programs\Python\Python312\Lib\email\iterators.py first seen with mtime 1738656312.0
File C:\Users\user\AppData\Local\Programs\Python\Python312\Lib\secrets.py first seen with mtime 1738656312.0
File C:\mypython3\django\Lib\site-packages\django\db\migrations\operations\__init__.py first seen with mtime 1773145196.1231077
File C:\mypython3\django\Lib\site-packages\django\contrib\sessions\backends\__init__.py first seen with mtime 1773145195.5645118
File C:\mypython3\django\Lib\site-packages\django\contrib\admin\templatetags\admin_urls.py first seen with mtime 1773145193.9976585
File C:\mypython3\django\Lib\site-packages\django\utils\module_loading.py first seen with mtime 1773145196.3050413
File C:\mypython3\django\Lib\site-packages\sqlparse\cli.py first seen with mtime 1773145192.837533
File C:\Users\user\AppData\Local\Programs\Python\Python312\Lib\threading.py first seen with mtime 1738656314.0
File C:\mypython3\django\Lib\site-packages\django\core\serializers\__init__.py first seen with mtime 1773145196.049322
File C:\mypython3\django\Lib\site-packages\django\core\__init__.py first seen with mtime 1773145195.978595
File C:\Users\user\AppData\Local\Programs\Python\Python312\DLLs\_asyncio.pyd first seen with mtime 1738656366.0
File C:\mypython3\django\Lib\site-packages\django\contrib\auth\hashers.py first seen with mtime 1773145194.207342
File C:\Users\user\AppData\Local\Programs\Python\Python312\Lib\mimetypes.py first seen with mtime 1738656312.0
File C:\mypython3\django\Lib\site-packages\django\db\backends\base\creation.py first seen with mtime 1773145196.0605943
File C:\mypython3\django\Lib\site-packages\sqlparse\filters\reindent.py first seen with mtime 1773145192.8509643
File C:\mypython3\django\Lib\site-packages\django\core\handlers\__init__.py first seen with mtime 1773145196.0148456
File C:\Users\user\AppData\Local\Programs\Python\Python312\Lib\urllib\error.py first seen with mtime 1738656314.0
File C:\Users\user\AppData\Local\Programs\Python\Python312\Lib\shutil.py first seen with mtime 1738656312.0
File C:\mypython3\django\Lib\site-packages\django\templatetags\cache.py first seen with mtime 1773145196.2654092
File C:\mypython3\django\Lib\site-packages\asgiref\local.py first seen with mtime 1773145192.9444926
File C:\mypython3\django\Lib\site-packages\django\contrib\contenttypes\views.py first seen with mtime 1773145194.415163
File C:\mypython3\django\Lib\site-packages\django\db\models\query.py first seen with mtime 1773145196.1357875
File C:\mypython3\django\Lib\site-packages\django\db\models\fields\__init__.py first seen with mtime 1773145196.1388083
File C:\mypython3\django\Lib\site-packages\django\contrib\admin\sites.py first seen with mtime 1773145193.5029588
File C:\Users\user\AppData\Local\Programs\Python\Python312\Lib\datetime.py first seen with mtime 1738656312.0
File C:\Users\user\AppData\Local\Programs\Python\Python312\Lib\signal.py first seen with mtime 1738656312.0
File C:\Users\user\AppData\Local\Programs\Python\Python312\Lib\decimal.py first seen with mtime 1738656312.0
File C:\mypython3\django\Lib\site-packages\django\core\serializers\json.py first seen with mtime 1773145196.0503986
File C:\mypython3\django\Lib\site-packages\django\db\models\expressions.py first seen with mtime 1773145196.1317077
File C:\mypython3\django\Lib\site-packages\django\templatetags\__init__.py first seen with mtime 1773145196.2641056
File C:\Users\user\AppData\Local\Programs\Python\Python312\Lib\asyncio\constants.py first seen with mtime 1738656312.0
File C:\mypython3\django\Lib\site-packages\django\core\serializers\base.py first seen with mtime 1773145196.049322
File C:\Users\user\AppData\Local\Programs\Python\Python312\Lib\multiprocessing\reduction.py first seen with mtime 1738656312.0
File C:\mypython3\django\Lib\site-packages\sqlparse\keywords.py first seen with mtime 1773145192.8408105
File C:\mypython3\django\Lib\site-packages\django\contrib\admin\views\autocomplete.py first seen with mtime 1773145194.000275
File C:\mypython3\django\Lib\site-packages\django\db\models\fields\related_descriptors.py first seen with mtime 1773145196.1449113
File C:\mypython3\django\Lib\site-packages\django\conf\__init__.py first seen with mtime 1773145193.0665152
File C:\mypython3\django\Lib\site-packages\django\contrib\sessions\models.py first seen with mtime 1773145195.5635092
File C:\Users\user\AppData\Local\Programs\Python\Python312\Lib\html\__init__.py first seen with mtime 1738656312.0
File C:\mypython3\django\Lib\site-packages\django\views\generic\base.py first seen with mtime 1773145196.3288577
File C:\mypython3\django\Lib\site-packages\django\utils\lorem_ipsum.py first seen with mtime 1773145196.3050413
File C:\mypython3\django\Lib\site-packages\django\db\models\base.py first seen with mtime 1773145196.128121
File C:\Users\user\AppData\Local\Programs\Python\Python312\Lib\keyword.py first seen with mtime 1738656312.0
File C:\mypython3\django\Lib\site-packages\django\db\models\functions\window.py first seen with mtime 1773145196.15149
File C:\Users\user\AppData\Local\Programs\Python\Python312\Lib\heapq.py first seen with mtime 1738656312.0
File C:\Users\user\AppData\Local\Programs\Python\Python312\Lib\wsgiref\headers.py first seen with mtime 1738656314.0
File C:\Users\user\AppData\Local\Programs\Python\Python312\Lib\zoneinfo\_common.py first seen with mtime 1738656314.0
File C:\Users\user\AppData\Local\Programs\Python\Python312\Lib\concurrent\__init__.py first seen with mtime 1738656312.0
File C:\mypython3\django\Lib\site-packages\django\db\backends\__init__.py first seen with mtime 1773145196.056584
File C:\mypython3\django\Lib\site-packages\django\apps\config.py first seen with mtime 1773145193.0643098
File C:\mypython3\django\Lib\site-packages\django\http\__init__.py first seen with mtime 1773145196.2290022
File C:\Users\user\AppData\Local\Programs\Python\Python312\Lib\socket.py first seen with mtime 1738656312.0
File C:\Users\user\AppData\Local\Programs\Python\Python312\Lib\string.py first seen with mtime 1738656312.0
File C:\Users\user\AppData\Local\Programs\Python\Python312\Lib\asyncio\windows_utils.py first seen with mtime 1738656312.0
File C:\mypython3\django\Lib\site-packages\django\contrib\sessions\middleware.py first seen with mtime 1773145195.562503
File C:\mypython3\django\Lib\site-packages\django\core\checks\__init__.py first seen with mtime 1773145195.9926045
File C:\mypython3\django\Lib\site-packages\django\core\validators.py first seen with mtime 1773145195.9827394
File C:\mypython3\django\Lib\site-packages\django\utils\cache.py first seen with mtime 1773145196.2874978
File C:\mypython3\django\Scripts\hello_django\myhello\__init__.py first seen with mtime 1773209089.9994023
File C:\Users\user\AppData\Local\Programs\Python\Python312\Lib\nturl2path.py first seen with mtime 1738656312.0
File C:\mypython3\django\Lib\site-packages\django\contrib\contenttypes\models.py first seen with mtime 1773145194.414056
File C:\mypython3\django\Lib\site-packages\django\contrib\admin\actions.py first seen with mtime 1773145193.4940405
File C:\mypython3\django\Lib\site-packages\django\contrib\auth\admin.py first seen with mtime 1773145194.2009065
File C:\mypython3\django\Lib\site-packages\django\db\models\sql\datastructures.py first seen with mtime 1773145196.1544979
File C:\mypython3\django\Lib\site-packages\django\contrib\contenttypes\fields.py first seen with mtime 1773145194.4131591
File C:\mypython3\django\Lib\site-packages\django\core\signals.py first seen with mtime 1773145195.9817367
File C:\mypython3\django\Lib\site-packages\django\contrib\auth\validators.py first seen with mtime 1773145194.211765
File C:\mypython3\django\Lib\site-packages\django\db\backends\base\__init__.py first seen with mtime 1773145196.0595918
File C:\mypython3\django\Lib\site-packages\django\db\migrations\operations\special.py first seen with mtime 1773145196.1261158
File C:\Users\user\AppData\Local\Programs\Python\Python312\Lib\asyncio\staggered.py first seen with mtime 1738656312.0
File C:\mypython3\django\Lib\site-packages\django\core\checks\registry.py first seen with mtime 1773145195.9976888
File C:\Users\user\AppData\Local\Programs\Python\Python312\Lib\bisect.py first seen with mtime 1738656312.0
File C:\Users\user\AppData\Local\Programs\Python\Python312\Lib\textwrap.py first seen with mtime 1738656314.0
File C:\mypython3\django\Lib\site-packages\django\core\checks\async_checks.py first seen with mtime 1773145195.993607
File C:\Users\user\AppData\Local\Programs\Python\Python312\Lib\pathlib.py first seen with mtime 1738656312.0
File C:\Users\user\AppData\Local\Programs\Python\Python312\Lib\_compression.py first seen with mtime 1738656312.0
File C:\Users\user\AppData\Local\Programs\Python\Python312\DLLs\_socket.pyd first seen with mtime 1738656366.0
File C:\mypython3\django\Lib\site-packages\django\template\autoreload.py first seen with mtime 1773145196.246394
File C:\mypython3\django\Lib\site-packages\django\contrib\admin\utils.py first seen with mtime 1773145193.5046785
File C:\mypython3\django\Lib\site-packages\django\utils\version.py first seen with mtime 1773145196.3117063
File C:\mypython3\django\Lib\site-packages\django\core\files\temp.py first seen with mtime 1773145196.0071077
File C:\mypython3\django\Lib\site-packages\django\template\backends\django.py first seen with mtime 1773145196.256998
File C:\mypython3\django\Lib\site-packages\django\contrib\auth\decorators.py first seen with mtime 1773145194.2058501
File C:\mypython3\django\Lib\site-packages\django\contrib\contenttypes\admin.py first seen with mtime 1773145194.411154
File C:\Users\user\AppData\Local\Programs\Python\Python312\Lib\re\_parser.py first seen with mtime 1738656312.0
File C:\Users\user\AppData\Local\Programs\Python\Python312\Lib\argparse.py first seen with mtime 1738656312.0
File C:\mypython3\django\Lib\site-packages\django\db\models\functions\datetime.py first seen with mtime 1773145196.14814
File C:\mypython3\django\Lib\site-packages\django\contrib\auth\signals.py first seen with mtime 1773145194.2097628
File C:\Users\user\AppData\Local\Programs\Python\Python312\Lib\email\mime\base.py first seen with mtime 1738656312.0
File C:\mypython3\django\Lib\site-packages\django\contrib\auth\management\__init__.py first seen with mtime 1773145194.3959832
File C:\mypython3\django\Lib\site-packages\django\db\migrations\operations\fields.py first seen with mtime 1773145196.125113
File C:\mypython3\django\Lib\site-packages\sqlparse\sql.py first seen with mtime 1773145192.8428211
File C:\Users\user\AppData\Local\Programs\Python\Python312\Lib\encodings\__init__.py first seen with mtime 1738656312.0
File C:\Users\user\AppData\Local\Programs\Python\Python312\Lib\wsgiref\handlers.py first seen with mtime 1738656314.0
File C:\mypython3\django\Lib\site-packages\django\urls\__init__.py first seen with mtime 1773145196.2758312
File C:\mypython3\django\Lib\site-packages\django\contrib\sessions\exceptions.py first seen with mtime 1773145195.561499
File C:\mypython3\django\Lib\site-packages\sqlparse\engine\statement_splitter.py first seen with mtime 1773145192.8474536
File C:\mypython3\django\Lib\site-packages\django\contrib\contenttypes\forms.py first seen with mtime 1773145194.414056
File C:\mypython3\django\Lib\site-packages\django\db\transaction.py first seen with mtime 1773145196.0555813
File C:\mypython3\django\Lib\site-packages\django\core\files\images.py first seen with mtime 1773145196.006105
File C:\mypython3\django\Lib\site-packages\django\utils\regex_helper.py first seen with mtime 1773145196.306123
File C:\Users\user\AppData\Local\Programs\Python\Python312\Lib\inspect.py first seen with mtime 1738656312.0
File C:\mypython3\django\Lib\site-packages\django\contrib\auth\checks.py first seen with mtime 1773145194.2036693
File C:\Users\user\AppData\Local\Programs\Python\Python312\Lib\http\cookies.py first seen with mtime 1738656312.0
File C:\mypython3\django\Lib\site-packages\django\urls\converters.py first seen with mtime 1773145196.2778685
File C:\Users\user\AppData\Local\Programs\Python\Python312\Lib\random.py first seen with mtime 1738656312.0
File C:\mypython3\django\Lib\site-packages\sqlparse\filters\right_margin.py first seen with mtime 1773145192.8509643
File C:\mypython3\django\Lib\site-packages\django\utils\__init__.py first seen with mtime 1773145196.281257
File C:\Users\user\AppData\Local\Programs\Python\Python312\Lib\collections\__init__.py first seen with mtime 1738656312.0
File C:\mypython3\django\Lib\site-packages\django\core\mail\message.py first seen with mtime 1773145196.0191846
File C:\mypython3\django\Lib\site-packages\django\core\checks\caches.py first seen with mtime 1773145195.993607
File C:\Users\user\AppData\Local\Programs\Python\Python312\Lib\reprlib.py first seen with mtime 1738656312.0
File C:\Users\user\AppData\Local\Programs\Python\Python312\Lib\asyncio\queues.py first seen with mtime 1738656312.0
File C:\Users\user\AppData\Local\Programs\Python\Python312\Lib\calendar.py first seen with mtime 1738656312.0
File C:\Users\user\AppData\Local\Programs\Python\Python312\Lib\html\parser.py first seen with mtime 1738656312.0
File C:\Users\user\AppData\Local\Programs\Python\Python312\Lib\encodings\cp950.py first seen with mtime 1738656312.0
File C:\mypython3\django\Lib\site-packages\django\contrib\contenttypes\__init__.py first seen with mtime 1773145194.411154
File C:\mypython3\django\Lib\site-packages\django\db\backends\sqlite3\operations.py first seen with mtime 1773145196.110429
File C:\mypython3\django\Lib\site-packages\django\db\models\signals.py first seen with mtime 1773145196.1367948
File C:\mypython3\django\Lib\site-packages\django\utils\inspect.py first seen with mtime 1773145196.3016546
File C:\Users\user\AppData\Local\Programs\Python\Python312\Lib\email\generator.py first seen with mtime 1738656312.0
File C:\Users\user\AppData\Local\Programs\Python\Python312\Lib\dis.py first seen with mtime 1738656312.0
File C:\mypython3\django\Lib\site-packages\django\templatetags\tz.py first seen with mtime 1773145196.2678335
File C:\Users\user\AppData\Local\Programs\Python\Python312\Lib\fractions.py first seen with mtime 1738656312.0
File C:\mypython3\django\Lib\site-packages\django\forms\__init__.py first seen with mtime 1773145196.1608996
File C:\mypython3\django\Lib\site-packages\django\dispatch\__init__.py first seen with mtime 1773145196.1578827
File C:\Users\user\AppData\Local\Programs\Python\Python312\Lib\asyncio\__init__.py first seen with mtime 1738656312.0
File C:\mypython3\django\Lib\site-packages\django\db\models\functions\math.py first seen with mtime 1773145196.1494844
File C:\Users\user\AppData\Local\Programs\Python\Python312\Lib\asyncio\trsock.py first seen with mtime 1738656312.0
File C:\mypython3\django\Lib\site-packages\django\templatetags\l10n.py first seen with mtime 1773145196.2664125
File C:\mypython3\django\Lib\site-packages\sqlparse\filters\others.py first seen with mtime 1773145192.8499115
File C:\Users\user\AppData\Local\Programs\Python\Python312\Lib\zoneinfo\_tzpath.py first seen with mtime 1738656314.0
File C:\Users\user\AppData\Local\Programs\Python\Python312\Lib\hashlib.py first seen with mtime 1738656312.0
File C:\Users\user\AppData\Local\Programs\Python\Python312\Lib\asyncio\base_tasks.py first seen with mtime 1738656312.0
File C:\mypython3\django\Lib\site-packages\django\db\models\fields\generated.py first seen with mtime 1773145196.1398132
File C:\Users\user\AppData\Local\Programs\Python\Python312\Lib\wsgiref\__init__.py first seen with mtime 1738656314.0
File C:\mypython3\django\Lib\site-packages\django\utils\safestring.py first seen with mtime 1773145196.3072007
File C:\Users\user\AppData\Local\Programs\Python\Python312\Lib\email\_header_value_parser.py first seen with mtime 1738656312.0
File C:\mypython3\django\Lib\site-packages\django\core\files\storage\memory.py first seen with mtime 1773145196.0128129
File C:\mypython3\django\Lib\site-packages\django\db\models\fields\proxy.py first seen with mtime 1773145196.1428242
File C:\mypython3\django\Lib\site-packages\django\urls\conf.py first seen with mtime 1773145196.2778685
File C:\mypython3\django\Lib\site-packages\django\core\files\storage\base.py first seen with mtime 1773145196.0107872
File C:\Users\user\AppData\Local\Programs\Python\Python312\Lib\asyncio\threads.py first seen with mtime 1738656312.0
File C:\Users\user\AppData\Local\Programs\Python\Python312\DLLs\_zoneinfo.pyd first seen with mtime 1738656366.0
File C:\mypython3\django\Lib\site-packages\django\core\cache\backends\base.py first seen with mtime 1773145195.9867523
File C:\mypython3\django\Lib\site-packages\django\db\models\sql\query.py first seen with mtime 1773145196.1555007
File C:\mypython3\django\Lib\site-packages\django\db\models\fields\related.py first seen with mtime 1773145196.143908
File C:\mypython3\django\Lib\site-packages\django\template\utils.py first seen with mtime 1773145196.2546358
File C:\mypython3\django\Lib\site-packages\django\core\checks\translation.py first seen with mtime 1773145195.999038
File C:\Users\user\AppData\Local\Programs\Python\Python312\Lib\email\feedparser.py first seen with mtime 1738656312.0
File C:\mypython3\django\Lib\site-packages\django\contrib\staticfiles\handlers.py first seen with mtime 1773145195.9689355
File C:\mypython3\django\Lib\site-packages\django\forms\models.py first seen with mtime 1773145196.1639163
File C:\mypython3\django\Lib\site-packages\django\template\exceptions.py first seen with mtime 1773145196.2509928
File C:\Users\user\AppData\Local\Programs\Python\Python312\Lib\email\utils.py first seen with mtime 1738656312.0
File C:\Users\user\AppData\Local\Programs\Python\Python312\Lib\email\encoders.py first seen with mtime 1738656312.0
File C:\Users\user\AppData\Local\Programs\Python\Python312\Lib\ipaddress.py first seen with mtime 1738656312.0
File C:\mypython3\django\Lib\site-packages\django\contrib\auth\tokens.py first seen with mtime 1773145194.2107623
File C:\Users\user\AppData\Local\Programs\Python\Python312\Lib\copyreg.py first seen with mtime 1738656312.0
File C:\mypython3\django\Lib\site-packages\django\contrib\admin\templatetags\log.py first seen with mtime 1773145193.999184
File C:\mypython3\django\Lib\site-packages\django\core\checks\database.py first seen with mtime 1773145195.9956176
File C:\Users\user\AppData\Local\Programs\Python\Python312\Lib\re\_casefix.py first seen with mtime 1738656312.0
File C:\mypython3\django\Lib\site-packages\django\views\generic\detail.py first seen with mtime 1773145196.3303373
File C:\Users\user\AppData\Local\Programs\Python\Python312\Lib\statistics.py first seen with mtime 1738656312.0
File C:\mypython3\django\Lib\site-packages\django\db\models\deletion.py first seen with mtime 1773145196.130504
File C:\mypython3\django\Lib\site-packages\django\contrib\admin\templatetags\admin_list.py first seen with mtime 1773145193.9954436
File C:\mypython3\django\Lib\site-packages\django\db\backends\base\client.py first seen with mtime 1773145196.0605943
File C:\Users\user\AppData\Local\Programs\Python\Python312\Lib\quopri.py first seen with mtime 1738656312.0
File C:\mypython3\django\Lib\site-packages\django\db\backends\base\schema.py first seen with mtime 1773145196.0646853
File C:\Users\user\AppData\Local\Programs\Python\Python312\Lib\asyncio\mixins.py first seen with mtime 1738656312.0
File C:\mypython3\django\Scripts\hello_django\myhello\models.py first seen with mtime 1773209089.9959147
File C:\Users\user\AppData\Local\Programs\Python\Python312\Lib\wsgiref\simple_server.py first seen with mtime 1738656314.0
File C:\mypython3\django\Lib\site-packages\django\core\checks\commands.py first seen with mtime 1773145195.9946108
File C:\Users\user\AppData\Local\Programs\Python\Python312\Lib\wsgiref\util.py first seen with mtime 1738656314.0
File C:\Users\user\AppData\Local\Programs\Python\Python312\Lib\locale.py first seen with mtime 1738656312.0
File C:\mypython3\django\Lib\site-packages\django\core\cache\utils.py first seen with mtime 1773145195.9857483
File C:\mypython3\django\Lib\site-packages\django\contrib\staticfiles\apps.py first seen with mtime 1773145195.966913
File C:\mypython3\django\Lib\site-packages\django\contrib\admin\templatetags\__init__.py first seen with mtime 1773145193.9942608
File C:\Users\user\AppData\Local\Programs\Python\Python312\Lib\pprint.py first seen with mtime 1738656312.0
File C:\mypython3\django\Lib\site-packages\django\utils\dateparse.py first seen with mtime 1773145196.2914486
File C:\mypython3\django\Lib\site-packages\django\apps\__init__.py first seen with mtime 1773145193.0633047
File C:\mypython3\django\Lib\site-packages\django\utils\termcolors.py first seen with mtime 1773145196.308205
File C:\Users\user\AppData\Local\Programs\Python\Python312\Lib\pkgutil.py first seen with mtime 1738656312.0
File C:\Users\user\AppData\Local\Programs\Python\Python312\Lib\gettext.py first seen with mtime 1738656312.0
File C:\Users\user\AppData\Local\Programs\Python\Python312\Lib\logging\__init__.py first seen with mtime 1738656312.0
File C:\Users\user\AppData\Local\Programs\Python\Python312\Lib\asyncio\subprocess.py first seen with mtime 1738656312.0
File C:\Users\user\AppData\Local\Programs\Python\Python312\Lib\email\headerregistry.py first seen with mtime 1738656312.0
File C:\mypython3\django\Lib\site-packages\django\db\models\fields\tuple_lookups.py first seen with mtime 1773145196.1460817
File C:\Users\user\AppData\Local\Programs\Python\Python312\Lib\asyncio\protocols.py first seen with mtime 1738656312.0
File C:\mypython3\django\Lib\site-packages\django\core\files\base.py first seen with mtime 1773145196.0051029
File C:\Users\user\AppData\Local\Programs\Python\Python312\Lib\importlib\__init__.py first seen with mtime 1738656312.0
File C:\mypython3\django\Lib\site-packages\django\template\defaulttags.py first seen with mtime 1773145196.2499743
File C:\mypython3\django\Lib\site-packages\django\contrib\contenttypes\checks.py first seen with mtime 1773145194.4121568
File C:\Users\user\AppData\Local\Programs\Python\Python312\Lib\selectors.py first seen with mtime 1738656312.0
File C:\mypython3\django\Lib\site-packages\django\middleware\security.py first seen with mtime 1773145196.2384107
File C:\mypython3\django\Lib\site-packages\django\core\files\locks.py first seen with mtime 1773145196.006105
File C:\mypython3\django\Lib\site-packages\django\contrib\admin\templatetags\admin_modify.py first seen with mtime 1773145193.9964445
File C:\Users\user\AppData\Local\Programs\Python\Python312\Lib\urllib\response.py first seen with mtime 1738656314.0
File C:\Users\user\AppData\Local\Programs\Python\Python312\Lib\copy.py first seen with mtime 1738656312.0
File C:\mypython3\django\Lib\site-packages\django\utils\dateformat.py first seen with mtime 1773145196.2914486
File C:\mypython3\django\Lib\site-packages\django\utils\text.py first seen with mtime 1773145196.308205
File C:\Users\user\AppData\Local\Programs\Python\Python312\Lib\ssl.py first seen with mtime 1738656312.0
File C:\mypython3\django\Lib\site-packages\django\db\models\sql\where.py first seen with mtime 1773145196.1578827
File C:\mypython3\django\Lib\site-packages\django\contrib\sites\shortcuts.py first seen with mtime 1773145195.7729342
File C:\mypython3\django\Lib\site-packages\django\forms\utils.py first seen with mtime 1773145196.165933
File C:\Users\user\AppData\Local\Programs\Python\Python312\Lib\asyncio\timeouts.py first seen with mtime 1738656312.0
File C:\Users\user\AppData\Local\Programs\Python\Python312\Lib\multiprocessing\process.py first seen with mtime 1738656312.0
File C:\mypython3\django\Lib\site-packages\django\views\decorators\csp.py first seen with mtime 1773145196.3242855
File C:\mypython3\django\Lib\site-packages\django\views\decorators\cache.py first seen with mtime 1773145196.3217947
File C:\mypython3\django\Lib\site-packages\django\contrib\auth\views.py first seen with mtime 1773145194.212838
File C:\mypython3\django\Lib\site-packages\django\views\generic\list.py first seen with mtime 1773145196.3316674
File C:\mypython3\django\Lib\site-packages\asgiref\sync.py first seen with mtime 1773145192.946536
File C:\mypython3\django\Lib\site-packages\django\db\models\__init__.py first seen with mtime 1773145196.127118
File C:\mypython3\django\Lib\site-packages\django\views\debug.py first seen with mtime 1773145196.3185208
File C:\mypython3\django\Lib\site-packages\django\utils\_os.py first seen with mtime 1773145196.2823725
File C:\Users\user\AppData\Local\Programs\Python\Python312\Lib\tokenize.py first seen with mtime 1738656314.0
File C:\Users\user\AppData\Local\Programs\Python\Python312\Lib\http\__init__.py first seen with mtime 1738656312.0
File C:\mypython3\django\Scripts\hello_django\myhello\admin.py first seen with mtime 1773209089.9926696
File C:\mypython3\django\Lib\site-packages\asgiref\__init__.py first seen with mtime 1773145192.9425004
File C:\Users\user\AppData\Local\Programs\Python\Python312\Lib\typing.py first seen with mtime 1738656314.0
File C:\Users\user\AppData\Local\Programs\Python\Python312\Lib\asyncio\streams.py first seen with mtime 1738656312.0
File C:\mypython3\django\Lib\site-packages\django\core\management\commands\runserver.py first seen with mtime 1773145196.0401168
File C:\mypython3\django\Lib\site-packages\django\views\decorators\__init__.py first seen with mtime 1773145196.3217947
File C:\mypython3\django\Lib\site-packages\django\db\backends\ddl_references.py first seen with mtime 1773145196.057587
File C:\mypython3\django\Lib\site-packages\django\core\paginator.py first seen with mtime 1773145195.9806347
File C:\Users\user\AppData\Local\Programs\Python\Python312\Lib\_markupbase.py first seen with mtime 1738656312.0
File C:\Users\user\AppData\Local\Programs\Python\Python312\Lib\base64.py first seen with mtime 1738656312.0
File C:\mypython3\django\Lib\site-packages\django\template\defaultfilters.py first seen with mtime 1773145196.2489684
File C:\mypython3\django\Lib\site-packages\django\template\loaders\cached.py first seen with mtime 1773145196.2619398
File C:\mypython3\django\Lib\site-packages\django\contrib\sessions\__init__.py first seen with mtime 1773145195.5604944
File C:\mypython3\django\Lib\site-packages\django\core\mail\__init__.py first seen with mtime 1773145196.0181444
File C:\Users\user\AppData\Local\Programs\Python\Python312\Lib\email\charset.py first seen with mtime 1738656312.0
File C:\Users\user\AppData\Local\Programs\Python\Python312\Lib\glob.py first seen with mtime 1738656312.0
File C:\Users\user\AppData\Local\Programs\Python\Python312\Lib\asyncio\coroutines.py first seen with mtime 1738656312.0
File C:\mypython3\django\Lib\site-packages\django\db\models\fields\composite.py first seen with mtime 1773145196.1388083
File C:\mypython3\django\Lib\site-packages\django\template\backends\base.py first seen with mtime 1773145196.256998
File C:\mypython3\django\Lib\site-packages\django\core\handlers\asgi.py first seen with mtime 1773145196.0159414
File C:\mypython3\django\Scripts\hello_django\manage.py first seen with mtime 1773146754.8730004
File C:\mypython3\django\Lib\site-packages\django\core\files\storage\filesystem.py first seen with mtime 1773145196.011807
File C:\mypython3\django\Scripts\hello_django\myhello\apps.py first seen with mtime 1773209089.9947636
File C:\mypython3\django\Lib\site-packages\django\template\__init__.py first seen with mtime 1773145196.245047
File C:\mypython3\django\Lib\site-packages\django\db\models\fields\files.py first seen with mtime 1773145196.1398132
File C:\mypython3\django\Lib\site-packages\sqlparse\filters\output.py first seen with mtime 1773145192.8499115
File C:\mypython3\django\Lib\site-packages\django\utils\log.py first seen with mtime 1773145196.3038268
File C:\mypython3\django\Lib\site-packages\django\http\multipartparser.py first seen with mtime 1773145196.2300172
File C:\Users\user\AppData\Local\Programs\Python\Python312\Lib\asyncio\events.py first seen with mtime 1738656312.0
File C:\mypython3\django\Lib\site-packages\django\template\loaders\__init__.py first seen with mtime 1773145196.2604578
File C:\Users\user\AppData\Local\Programs\Python\Python312\Lib\opcode.py first seen with mtime 1738656312.0
File C:\mypython3\django\Lib\site-packages\django\db\backends\sqlite3\_functions.py first seen with mtime 1773145196.1074038
File C:\Users\user\AppData\Local\Programs\Python\Python312\Lib\warnings.py first seen with mtime 1738656314.0
File C:\Users\user\AppData\Local\Programs\Python\Python312\Lib\_weakrefset.py first seen with mtime 1738656312.0
File C:\Users\user\AppData\Local\Programs\Python\Python312\Lib\concurrent\futures\__init__.py first seen with mtime 1738656312.0
File C:\mypython3\django\Lib\site-packages\django\db\migrations\operations\models.py first seen with mtime 1773145196.125113
File C:\Users\user\AppData\Local\Programs\Python\Python312\Lib\__future__.py first seen with mtime 1738656312.0
File C:\mypython3\django\Lib\site-packages\django\template\engine.py first seen with mtime 1773145196.2499743
File C:\mypython3\django\Lib\site-packages\django\db\models\functions\json.py first seen with mtime 1773145196.14814
File C:\Users\user\AppData\Local\Programs\Python\Python312\Lib\bz2.py first seen with mtime 1738656312.0
File C:\mypython3\django\Lib\site-packages\django\db\models\fields\json.py first seen with mtime 1773145196.141822
File C:\mypython3\django\Lib\site-packages\django\views\defaults.py first seen with mtime 1773145196.3195925
File C:\Users\user\AppData\Local\Programs\Python\Python312\Lib\re\_constants.py first seen with mtime 1738656312.0
File C:\mypython3\django\Lib\site-packages\django\db\backends\sqlite3\base.py first seen with mtime 1773145196.1074038
File C:\mypython3\django\Lib\site-packages\django\core\wsgi.py first seen with mtime 1773145195.9837432
File C:\mypython3\django\Lib\site-packages\django\db\__init__.py first seen with mtime 1773145196.054579
File C:\Users\user\AppData\Local\Programs\Python\Python312\DLLs\_decimal.pyd first seen with mtime 1738656366.0
File C:\mypython3\django\Lib\site-packages\sqlparse\engine\filter_stack.py first seen with mtime 1773145192.8452957
File C:\mypython3\django\Lib\site-packages\django\template\base.py first seen with mtime 1773145196.2468977
File C:\Users\user\AppData\Local\Programs\Python\Python312\Lib\functools.py first seen with mtime 1738656312.0
File C:\mypython3\django\Lib\site-packages\django\apps\registry.py first seen with mtime 1773145193.0654418
File C:\Users\user\AppData\Local\Programs\Python\Python312\Lib\json\scanner.py first seen with mtime 1738656312.0
File C:\mypython3\django\Lib\site-packages\django\db\models\sql\__init__.py first seen with mtime 1773145196.152493
File C:\mypython3\django\Lib\site-packages\django\utils\copy.py first seen with mtime 1773145196.2887466
File C:\mypython3\django\Lib\site-packages\django\core\checks\templates.py first seen with mtime 1773145195.9976888
File C:\mypython3\django\Lib\site-packages\sqlparse\engine\__init__.py first seen with mtime 1773145192.8452957
File C:\mypython3\django\Lib\site-packages\django\utils\decorators.py first seen with mtime 1773145196.2951896
File C:\mypython3\django\Lib\site-packages\django\core\mail\utils.py first seen with mtime 1773145196.0191846
File C:\mypython3\django\Lib\site-packages\django\utils\deconstruct.py first seen with mtime 1773145196.2939546
File C:\mypython3\django\Lib\site-packages\django\contrib\auth\apps.py first seen with mtime 1773145194.202163
File C:\mypython3\django\Lib\site-packages\django\contrib\admin\__init__.py first seen with mtime 1773145193.4930222
File C:\mypython3\django\Lib\site-packages\django\contrib\admin\filters.py first seen with mtime 1773145193.498147
File C:\mypython3\django\Lib\site-packages\django\db\models\fields\related_lookups.py first seen with mtime 1773145196.1449113
File C:\Users\user\AppData\Local\Programs\Python\Python312\Lib\importlib\_abc.py first seen with mtime 1738656312.0
File C:\Users\user\AppData\Local\Programs\Python\Python312\Lib\dataclasses.py first seen with mtime 1738656312.0
File C:\Users\user\AppData\Local\Programs\Python\Python312\DLLs\_lzma.pyd first seen with mtime 1738656366.0
File C:\Users\user\AppData\Local\Programs\Python\Python312\DLLs\select.pyd first seen with mtime 1738656366.0
File C:\mypython3\django\Lib\site-packages\django\contrib\sessions\apps.py first seen with mtime 1773145195.5604944
File C:\Users\user\AppData\Local\Programs\Python\Python312\Lib\fnmatch.py first seen with mtime 1738656312.0
File C:\mypython3\django\Lib\site-packages\django\views\generic\edit.py first seen with mtime 1773145196.3316674
File C:\mypython3\django\Lib\site-packages\django\utils\crypto.py first seen with mtime 1773145196.289754
File C:\mypython3\django\Lib\site-packages\django\utils\duration.py first seen with mtime 1773145196.2962735
File C:\Users\user\AppData\Local\Programs\Python\Python312\Lib\asyncio\tasks.py first seen with mtime 1738656312.0
File C:\mypython3\django\Lib\site-packages\django\contrib\admin\options.py first seen with mtime 1773145193.5018322
File C:\mypython3\django\Lib\site-packages\sqlparse\lexer.py first seen with mtime 1773145192.8408105
File C:\Users\user\AppData\Local\Programs\Python\Python312\Lib\sqlite3\__init__.py first seen with mtime 1738656312.0
File C:\mypython3\django\Lib\site-packages\django\contrib\messages\apps.py first seen with mtime 1773145195.2114909
File C:\mypython3\django\Lib\site-packages\django\contrib\staticfiles\management\commands\__init__.py first seen with mtime 1773145195.9739394
File C:\mypython3\django\Lib\site-packages\django\middleware\__init__.py first seen with mtime 1773145196.2320373
File C:\mypython3\django\Lib\site-packages\django\views\i18n.py first seen with mtime 1773145196.3195925
File C:\Users\user\AppData\Local\Programs\Python\Python312\Lib\email\mime\message.py first seen with mtime 1738656312.0
File C:\Users\user\AppData\Local\Programs\Python\Python312\Lib\tempfile.py first seen with mtime 1738656312.0
File C:\mypython3\django\Lib\site-packages\django\db\migrations\__init__.py first seen with mtime 1773145196.1140866
File C:\mypython3\django\Lib\site-packages\django\contrib\admin\templatetags\base.py first seen with mtime 1773145193.9981663
File C:\mypython3\django\Lib\site-packages\django\utils\encoding.py first seen with mtime 1773145196.2962735
File C:\Users\user\AppData\Local\Programs\Python\Python312\Lib\asyncio\taskgroups.py first seen with mtime 1738656312.0
File C:\Users\user\AppData\Local\Programs\Python\Python312\Lib\struct.py first seen with mtime 1738656312.0
File C:\mypython3\django\Lib\site-packages\django\contrib\admin\apps.py first seen with mtime 1773145193.4951673
File C:\mypython3\django\Lib\site-packages\django\conf\locale\__init__.py first seen with mtime 1773145193.0745852
File C:\mypython3\django\Lib\site-packages\django\conf\global_settings.py first seen with mtime 1773145193.0678706
File C:\Users\user\AppData\Local\Programs\Python\Python312\Lib\logging\config.py first seen with mtime 1738656312.0
File C:\mypython3\django\Lib\site-packages\django\db\models\utils.py first seen with mtime 1773145196.137802
File C:\Users\user\AppData\Local\Programs\Python\Python312\Lib\email\__init__.py first seen with mtime 1738656312.0
File C:\mypython3\django\Lib\site-packages\django\contrib\auth\models.py first seen with mtime 1773145194.209344
File C:\mypython3\django\Lib\site-packages\django\utils\choices.py first seen with mtime 1773145196.2874978
File C:\Users\user\AppData\Local\Programs\Python\Python312\Lib\email\_parseaddr.py first seen with mtime 1738656312.0
File C:\mypython3\django\Lib\site-packages\django\contrib\messages\storage\base.py first seen with mtime 1773145195.216087
File C:\mypython3\django\Lib\site-packages\django\utils\datastructures.py first seen with mtime 1773145196.2914486
File C:\mypython3\django\Lib\site-packages\sqlparse\exceptions.py first seen with mtime 1773145192.8387983
File C:\mypython3\django\Lib\site-packages\django\forms\forms.py first seen with mtime 1773145196.1629066
File C:\Users\user\AppData\Local\Programs\Python\Python312\DLLs\_hashlib.pyd first seen with mtime 1738656366.0
File C:\Users\user\AppData\Local\Programs\Python\Python312\Lib\linecache.py first seen with mtime 1738656312.0
File C:\mypython3\django\Lib\site-packages\sqlparse\filters\tokens.py first seen with mtime 1773145192.8523216
File C:\mypython3\django\Lib\site-packages\django\db\backends\sqlite3\__init__.py first seen with mtime 1773145196.1062877
File C:\mypython3\django\Lib\site-packages\django\db\models\lookups.py first seen with mtime 1773145196.133716
File C:\mypython3\django\Lib\site-packages\django\db\models\fields\reverse_related.py first seen with mtime 1773145196.1460817
File C:\mypython3\django\Lib\site-packages\django\contrib\admin\checks.py first seen with mtime 1773145193.4961762
File C:\Users\user\AppData\Local\Programs\Python\Python312\Lib\email\_policybase.py first seen with mtime 1738656312.0
File C:\Users\user\AppData\Local\Programs\Python\Python312\Lib\numbers.py first seen with mtime 1738656312.0
File C:\Users\user\AppData\Local\Programs\Python\Python312\Lib\urllib\parse.py first seen with mtime 1738656314.0
File C:\Users\user\AppData\Local\Programs\Python\Python312\Lib\asyncio\transports.py first seen with mtime 1738656312.0
File C:\mypython3\django\Lib\site-packages\django\core\checks\urls.py first seen with mtime 1773145196.0000894
File C:\mypython3\django\Lib\site-packages\django\forms\formsets.py first seen with mtime 1773145196.1629066
File C:\mypython3\django\Lib\site-packages\django\core\cache\backends\__init__.py first seen with mtime 1773145195.9857483
File C:\mypython3\django\Lib\site-packages\django\core\files\storage\handler.py first seen with mtime 1773145196.0128129
File C:\Users\user\AppData\Local\Programs\Python\Python312\Lib\pickle.py first seen with mtime 1738656312.0
File C:\mypython3\django\Lib\site-packages\django\db\migrations\migration.py first seen with mtime 1773145196.1180944
File C:\mypython3\django\Lib\site-packages\django\db\backends\sqlite3\schema.py first seen with mtime 1773145196.113003
File C:\Users\user\AppData\Local\Programs\Python\Python312\Lib\json\decoder.py first seen with mtime 1738656312.0
File C:\Users\user\AppData\Local\Programs\Python\Python312\Lib\types.py first seen with mtime 1738656314.0
File C:\Users\user\AppData\Local\Programs\Python\Python312\Lib\json\encoder.py first seen with mtime 1738656312.0
File C:\mypython3\django\Lib\site-packages\django\contrib\sites\__init__.py first seen with mtime 1773145195.7663884
File C:\mypython3\django\Lib\site-packages\django\core\cache\__init__.py first seen with mtime 1773145195.9847455
File C:\mypython3\django\Lib\site-packages\django\core\files\storage\mixins.py first seen with mtime 1773145196.0138185
File C:\mypython3\django\Lib\site-packages\django\db\backends\signals.py first seen with mtime 1773145196.057587
File C:\mypython3\django\Lib\site-packages\django\views\static.py first seen with mtime 1773145196.3207896
File C:\mypython3\django\Lib\site-packages\django\template\loaders\filesystem.py first seen with mtime 1773145196.2629397
File C:\mypython3\django\Lib\site-packages\sqlparse\utils.py first seen with mtime 1773145192.8442674
File C:\Users\user\AppData\Local\Programs\Python\Python312\Lib\ctypes\_endian.py first seen with mtime 1738656312.0
File C:\mypython3\django\Lib\site-packages\django\forms\boundfield.py first seen with mtime 1773145196.1608996
File C:\mypython3\django\Lib\site-packages\django\utils\autoreload.py first seen with mtime 1773145196.2862146
File C:\mypython3\django\Lib\site-packages\django\utils\formats.py first seen with mtime 1773145196.297287
File C:\mypython3\django\Lib\site-packages\django\core\serializers\python.py first seen with mtime 1773145196.051571
File C:\mypython3\django\Lib\site-packages\django\contrib\auth\middleware.py first seen with mtime 1773145194.207342
File C:\mypython3\django\Lib\site-packages\django\contrib\admin\widgets.py first seen with mtime 1773145193.5056791
File C:\mypython3\django\Scripts\hello_django\hello_django\settings.py first seen with mtime 1773210093.7927594
File C:\mypython3\django\Lib\site-packages\django\contrib\admin\helpers.py first seen with mtime 1773145193.4997232
File C:\Users\user\AppData\Local\Programs\Python\Python312\Lib\token.py first seen with mtime 1738656314.0
File C:\mypython3\django\Lib\site-packages\django\contrib\messages\storage\__init__.py first seen with mtime 1773145195.2149706
File C:\Users\user\AppData\Local\Programs\Python\Python312\Lib\asyncio\proactor_events.py first seen with mtime 1738656312.0
File C:\mypython3\django\Lib\site-packages\django\core\checks\security\csrf.py first seen with mtime 1773145196.003097
File C:\Users\user\AppData\Local\Programs\Python\Python312\DLLs\_wmi.pyd first seen with mtime 1738656366.0
File C:\mypython3\django\Lib\site-packages\django\core\checks\files.py first seen with mtime 1773145195.9956176
File C:\mypython3\django\Lib\site-packages\django\contrib\sessions\backends\base.py first seen with mtime 1773145195.5655143
File C:\Users\user\AppData\Local\Programs\Python\Python312\Lib\ctypes\wintypes.py first seen with mtime 1738656312.0
File C:\mypython3\django\Lib\site-packages\django\contrib\staticfiles\finders.py first seen with mtime 1773145195.9689355
File C:\mypython3\django\Lib\site-packages\django\db\backends\sqlite3\features.py first seen with mtime 1773145196.1094236
File C:\mypython3\django\Lib\site-packages\django\db\migrations\operations\base.py first seen with mtime 1773145196.1241107
File C:\mypython3\django\Lib\site-packages\django\db\backends\base\operations.py first seen with mtime 1773145196.0636237
File C:\Users\user\AppData\Local\Programs\Python\Python312\Lib\email\contentmanager.py first seen with mtime 1738656312.0
File C:\mypython3\django\Lib\site-packages\django\views\generic\__init__.py first seen with mtime 1773145196.3288577
File C:\mypython3\django\Lib\site-packages\django\core\handlers\wsgi.py first seen with mtime 1773145196.0171359
File C:\mypython3\django\Scripts\hello_django\hello_django\wsgi.py first seen with mtime 1773146754.8780456
File C:\mypython3\django\Lib\site-packages\django\middleware\common.py first seen with mtime 1773145196.2340477
File C:\mypython3\django\Lib\site-packages\django\contrib\auth\migrations\0008_alter_user_username_max_length.py first seen with mtime 1773145194.403992
File C:\mypython3\django\Lib\site-packages\django\core\management\utils.py first seen with mtime 1773145196.0292833
File C:\mypython3\django\Lib\site-packages\django\db\migrations\graph.py first seen with mtime 1773145196.116089
File C:\mypython3\django\Lib\site-packages\django\contrib\contenttypes\migrations\0001_initial.py first seen with mtime 1773145194.6132505
File C:\mypython3\django\Lib\site-packages\django\contrib\sessions\backends\db.py first seen with mtime 1773145195.56752
File C:\mypython3\django\Lib\site-packages\django\contrib\auth\migrations\__init__.py first seen with mtime 1773145194.406077
File C:\mypython3\django\Lib\site-packages\django\contrib\auth\migrations\0007_alter_validators_add_error_messages.py first seen with mtime 1773145194.402981
File C:\mypython3\django\Lib\site-packages\django\contrib\auth\migrations\0012_alter_user_first_name_max_length.py first seen with mtime 1773145194.406077
File C:\mypython3\django\Lib\site-packages\django\db\migrations\questioner.py first seen with mtime 1773145196.119097
File C:\mypython3\django\Lib\site-packages\django\core\management\commands\migrate.py first seen with mtime 1773145196.0391147
File C:\mypython3\django\Lib\site-packages\django\contrib\auth\migrations\0002_alter_permission_name_max_length.py first seen with mtime 1773145194.3994298
File C:\mypython3\django\Lib\site-packages\django\db\migrations\serializer.py first seen with mtime 1773145196.1201
File C:\mypython3\django\Lib\site-packages\django\contrib\sessions\migrations\__init__.py first seen with mtime 1773145195.7615552
File C:\mypython3\django\Lib\site-packages\django\core\cache\backends\locmem.py first seen with mtime 1773145195.9901798
File C:\mypython3\django\Lib\site-packages\django\db\migrations\optimizer.py first seen with mtime 1773145196.1180944
File C:\mypython3\django\Lib\site-packages\django\contrib\auth\migrations\0001_initial.py first seen with mtime 1773145194.3994298
File C:\Users\user\AppData\Local\Programs\Python\Python312\Lib\stringprep.py first seen with mtime 1738656312.0
File C:\mypython3\django\Lib\site-packages\django\db\migrations\loader.py first seen with mtime 1773145196.117092
File C:\mypython3\django\Lib\site-packages\django\db\migrations\recorder.py first seen with mtime 1773145196.1201
File C:\mypython3\django\Lib\site-packages\django\db\migrations\executor.py first seen with mtime 1773145196.116089
File C:\mypython3\django\Lib\site-packages\django\contrib\auth\migrations\0011_update_proxy_permissions.py first seen with mtime 1773145194.406077
File C:\mypython3\django\Lib\site-packages\django\contrib\auth\migrations\0006_require_contenttypes_0002.py first seen with mtime 1773145194.402981
File C:\mypython3\django\Lib\site-packages\django\contrib\auth\migrations\0005_alter_user_last_login_null.py first seen with mtime 1773145194.4016032
File C:\mypython3\django\Lib\site-packages\django\db\migrations\autodetector.py first seen with mtime 1773145196.1140866
File C:\mypython3\django\Lib\site-packages\django\contrib\admin\migrations\__init__.py first seen with mtime 1773145193.8665588
File C:\mypython3\django\Lib\site-packages\django\core\management\sql.py first seen with mtime 1773145196.0280325
File C:\mypython3\django\Lib\site-packages\django\core\management\commands\makemigrations.py first seen with mtime 1773145196.0381
File C:\Users\user\AppData\Local\Programs\Python\Python312\Lib\encodings\idna.py first seen with mtime 1738656312.0
File C:\mypython3\django\Lib\site-packages\django\views\csrf.py first seen with mtime 1773145196.31751
File C:\mypython3\django\Lib\site-packages\django\contrib\messages\middleware.py first seen with mtime 1773145195.212948
File C:\mypython3\django\Lib\site-packages\django\contrib\auth\migrations\0003_alter_user_email_max_length.py first seen with mtime 1773145194.4016032
File C:\mypython3\django\Lib\site-packages\django\contrib\auth\migrations\0009_alter_user_last_name_max_length.py first seen with mtime 1773145194.403992
File C:\mypython3\django\Scripts\hello_django\myhello\migrations\__init__.py first seen with mtime 1773209090.0023472
File C:\mypython3\django\Lib\site-packages\django\contrib\contenttypes\migrations\__init__.py first seen with mtime 1773145194.6132505
File C:\mypython3\django\Lib\site-packages\django\contrib\auth\migrations\0004_alter_user_username_opts.py first seen with mtime 1773145194.4016032
File C:\mypython3\django\Lib\site-packages\django\db\migrations\writer.py first seen with mtime 1773145196.1221051
File C:\mypython3\django\Lib\site-packages\django\contrib\admin\migrations\0002_logentry_remove_auto_add.py first seen with mtime 1773145193.8655589
File C:\mypython3\django\Lib\site-packages\django\contrib\sessions\migrations\0001_initial.py first seen with mtime 1773145195.7615552
File C:\mypython3\django\Lib\site-packages\django\contrib\admin\migrations\0003_logentry_add_action_flag_choices.py first seen with mtime 1773145193.8665588
File C:\mypython3\django\Lib\site-packages\django\contrib\admin\migrations\0001_initial.py first seen with mtime 1773145193.8655589
File C:\mypython3\django\Lib\site-packages\django\middleware\clickjacking.py first seen with mtime 1773145196.2330432
File C:\mypython3\django\Lib\site-packages\django\contrib\auth\migrations\0010_alter_group_name_max_length.py first seen with mtime 1773145194.4049964
File C:\mypython3\django\Lib\site-packages\django\contrib\contenttypes\migrations\0002_remove_content_type_name.py first seen with mtime 1773145194.6132505
"GET /myhello/?name=hihi HTTP/1.1" 200 9
Exception while resolving variable 'name' in template 'unknown'.
Traceback (most recent call last):
  File "C:\mypython3\django\Lib\site-packages\django\core\handlers\exception.py", line 55, in inner
    response = get_response(request)
               ^^^^^^^^^^^^^^^^^^^^^
  File "C:\mypython3\django\Lib\site-packages\django\core\handlers\base.py", line 182, in _get_response
    callback, callback_args, callback_kwargs = self.resolve_request(request)
                                               ^^^^^^^^^^^^^^^^^^^^^^^^^^^^^
  File "C:\mypython3\django\Lib\site-packages\django\core\handlers\base.py", line 314, in resolve_request
    resolver_match = resolver.resolve(request.path_info)
                     ^^^^^^^^^^^^^^^^^^^^^^^^^^^^^^^^^^^
  File "C:\mypython3\django\Lib\site-packages\django\urls\resolvers.py", line 716, in resolve
    raise Resolver404({"tried": tried, "path": new_path})
django.urls.exceptions.Resolver404: {'tried': [[<URLResolver <URLPattern list> (admin:admin) 'admin/'>], [<URLResolver <module 'myhello.urls' from 'C:\\mypython3\\django\\Scripts\\hello_django\\myhello\\urls.py'> (None:None) 'myhello/'>]], 'path': 'favicon.ico'}

During handling of the above exception, another exception occurred:

Traceback (most recent call last):
  File "C:\mypython3\django\Lib\site-packages\django\template\base.py", line 964, in _resolve_lookup
    raise TypeError
TypeError

During handling of the above exception, another exception occurred:

Traceback (most recent call last):
  File "C:\mypython3\django\Lib\site-packages\django\template\base.py", line 976, in _resolve_lookup
    current = getattr(current, bit)
              ^^^^^^^^^^^^^^^^^^^^^
AttributeError: 'URLResolver' object has no attribute 'name'

During handling of the above exception, another exception occurred:

Traceback (most recent call last):
  File "C:\mypython3\django\Lib\site-packages\django\template\base.py", line 982, in _resolve_lookup
    current = current[int(bit)]
                      ^^^^^^^^
ValueError: invalid literal for int() with base 10: 'name'

During handling of the above exception, another exception occurred:

Traceback (most recent call last):
  File "C:\mypython3\django\Lib\site-packages\django\template\base.py", line 989, in _resolve_lookup
    raise VariableDoesNotExist(
django.template.base.VariableDoesNotExist: Failed lookup for key [name] in <URLResolver <URLPattern list> (admin:admin) 'admin/'>
Exception while resolving variable 'name' in template 'unknown'.
Traceback (most recent call last):
  File "C:\mypython3\django\Lib\site-packages\django\core\handlers\exception.py", line 55, in inner
    response = get_response(request)
               ^^^^^^^^^^^^^^^^^^^^^
  File "C:\mypython3\django\Lib\site-packages\django\core\handlers\base.py", line 182, in _get_response
    callback, callback_args, callback_kwargs = self.resolve_request(request)
                                               ^^^^^^^^^^^^^^^^^^^^^^^^^^^^^
  File "C:\mypython3\django\Lib\site-packages\django\core\handlers\base.py", line 314, in resolve_request
    resolver_match = resolver.resolve(request.path_info)
                     ^^^^^^^^^^^^^^^^^^^^^^^^^^^^^^^^^^^
  File "C:\mypython3\django\Lib\site-packages\django\urls\resolvers.py", line 716, in resolve
    raise Resolver404({"tried": tried, "path": new_path})
django.urls.exceptions.Resolver404: {'tried': [[<URLResolver <URLPattern list> (admin:admin) 'admin/'>], [<URLResolver <module 'myhello.urls' from 'C:\\mypython3\\django\\Scripts\\hello_django\\myhello\\urls.py'> (None:None) 'myhello/'>]], 'path': 'favicon.ico'}

During handling of the above exception, another exception occurred:

Traceback (most recent call last):
  File "C:\mypython3\django\Lib\site-packages\django\template\base.py", line 964, in _resolve_lookup
    raise TypeError
TypeError

During handling of the above exception, another exception occurred:

Traceback (most recent call last):
  File "C:\mypython3\django\Lib\site-packages\django\template\base.py", line 976, in _resolve_lookup
    current = getattr(current, bit)
              ^^^^^^^^^^^^^^^^^^^^^
AttributeError: 'URLResolver' object has no attribute 'name'

During handling of the above exception, another exception occurred:

Traceback (most recent call last):
  File "C:\mypython3\django\Lib\site-packages\django\template\base.py", line 982, in _resolve_lookup
    current = current[int(bit)]
                      ^^^^^^^^
ValueError: invalid literal for int() with base 10: 'name'

During handling of the above exception, another exception occurred:

Traceback (most recent call last):
  File "C:\mypython3\django\Lib\site-packages\django\template\base.py", line 989, in _resolve_lookup
    raise VariableDoesNotExist(
django.template.base.VariableDoesNotExist: Failed lookup for key [name] in <URLResolver <module 'myhello.urls' from 'C:\\mypython3\\django\\Scripts\\hello_django\\myhello\\urls.py'> (None:None) 'myhello/'>
Not Found: /favicon.ico
"GET /favicon.ico HTTP/1.1" 404 2365
File C:\Users\user\AppData\Local\Programs\Python\Python312\Lib\encodings\unicode_escape.py first seen with mtime 1738656312.0
File C:\mypython3\django\Lib\site-packages\django\contrib\messages\storage\fallback.py first seen with mtime 1773145195.2171793
File C:\mypython3\django\Lib\site-packages\django\contrib\sessions\serializers.py first seen with mtime 1773145195.5635092
File C:\mypython3\django\Lib\site-packages\django\contrib\messages\storage\cookie.py first seen with mtime 1773145195.216087
File C:\mypython3\django\Lib\site-packages\django\contrib\messages\storage\session.py first seen with mtime 1773145195.2171793
Exception while resolving variable 'name' in template 'unknown'.
Traceback (most recent call last):
  File "C:\mypython3\django\Lib\site-packages\django\core\handlers\exception.py", line 55, in inner
    response = get_response(request)
               ^^^^^^^^^^^^^^^^^^^^^
  File "C:\mypython3\django\Lib\site-packages\django\core\handlers\base.py", line 182, in _get_response
    callback, callback_args, callback_kwargs = self.resolve_request(request)
                                               ^^^^^^^^^^^^^^^^^^^^^^^^^^^^^
  File "C:\mypython3\django\Lib\site-packages\django\core\handlers\base.py", line 314, in resolve_request
    resolver_match = resolver.resolve(request.path_info)
                     ^^^^^^^^^^^^^^^^^^^^^^^^^^^^^^^^^^^
  File "C:\mypython3\django\Lib\site-packages\django\urls\resolvers.py", line 716, in resolve
    raise Resolver404({"tried": tried, "path": new_path})
django.urls.exceptions.Resolver404: {'tried': [[<URLResolver <URLPattern list> (admin:admin) 'admin/'>], [<URLResolver <module 'myhello.urls' from 'C:\\mypython3\\django\\Scripts\\hello_django\\myhello\\urls.py'> (None:None) 'myhello/'>, <URLPattern '' [name='Index']>]], 'path': 'myhello/name=hihi'}

During handling of the above exception, another exception occurred:

Traceback (most recent call last):
  File "C:\mypython3\django\Lib\site-packages\django\template\base.py", line 964, in _resolve_lookup
    raise TypeError
TypeError

During handling of the above exception, another exception occurred:

Traceback (most recent call last):
  File "C:\mypython3\django\Lib\site-packages\django\template\base.py", line 976, in _resolve_lookup
    current = getattr(current, bit)
              ^^^^^^^^^^^^^^^^^^^^^
AttributeError: 'URLResolver' object has no attribute 'name'

During handling of the above exception, another exception occurred:

Traceback (most recent call last):
  File "C:\mypython3\django\Lib\site-packages\django\template\base.py", line 982, in _resolve_lookup
    current = current[int(bit)]
                      ^^^^^^^^
ValueError: invalid literal for int() with base 10: 'name'

During handling of the above exception, another exception occurred:

Traceback (most recent call last):
  File "C:\mypython3\django\Lib\site-packages\django\template\base.py", line 989, in _resolve_lookup
    raise VariableDoesNotExist(
django.template.base.VariableDoesNotExist: Failed lookup for key [name] in <URLResolver <URLPattern list> (admin:admin) 'admin/'>
Not Found: /myhello/name=hihi
"GET /myhello/name=hihi HTTP/1.1" 404 2489
"GET /myhello/?name=hi HTTP/1.1" 200 9
"GET /myhello/?name HTTP/1.1" 200 9
"GET /myhello/ HTTP/1.1" 200 9
Exception while resolving variable 'name' in template 'unknown'.
Traceback (most recent call last):
  File "C:\mypython3\django\Lib\site-packages\django\core\handlers\exception.py", line 55, in inner
    response = get_response(request)
               ^^^^^^^^^^^^^^^^^^^^^
  File "C:\mypython3\django\Lib\site-packages\django\core\handlers\base.py", line 182, in _get_response
    callback, callback_args, callback_kwargs = self.resolve_request(request)
                                               ^^^^^^^^^^^^^^^^^^^^^^^^^^^^^
  File "C:\mypython3\django\Lib\site-packages\django\core\handlers\base.py", line 314, in resolve_request
    resolver_match = resolver.resolve(request.path_info)
                     ^^^^^^^^^^^^^^^^^^^^^^^^^^^^^^^^^^^
  File "C:\mypython3\django\Lib\site-packages\django\urls\resolvers.py", line 716, in resolve
    raise Resolver404({"tried": tried, "path": new_path})
django.urls.exceptions.Resolver404: {'tried': [[<URLResolver <URLPattern list> (admin:admin) 'admin/'>], [<URLResolver <module 'myhello.urls' from 'C:\\mypython3\\django\\Scripts\\hello_django\\myhello\\urls.py'> (None:None) 'myhello/'>]], 'path': 'myhello hihi/'}

During handling of the above exception, another exception occurred:

Traceback (most recent call last):
  File "C:\mypython3\django\Lib\site-packages\django\template\base.py", line 964, in _resolve_lookup
    raise TypeError
TypeError

During handling of the above exception, another exception occurred:

Traceback (most recent call last):
  File "C:\mypython3\django\Lib\site-packages\django\template\base.py", line 976, in _resolve_lookup
    current = getattr(current, bit)
              ^^^^^^^^^^^^^^^^^^^^^
AttributeError: 'URLResolver' object has no attribute 'name'

During handling of the above exception, another exception occurred:

Traceback (most recent call last):
  File "C:\mypython3\django\Lib\site-packages\django\template\base.py", line 982, in _resolve_lookup
    current = current[int(bit)]
                      ^^^^^^^^
ValueError: invalid literal for int() with base 10: 'name'

During handling of the above exception, another exception occurred:

Traceback (most recent call last):
  File "C:\mypython3\django\Lib\site-packages\django\template\base.py", line 989, in _resolve_lookup
    raise VariableDoesNotExist(
django.template.base.VariableDoesNotExist: Failed lookup for key [name] in <URLResolver <URLPattern list> (admin:admin) 'admin/'>
Exception while resolving variable 'name' in template 'unknown'.
Traceback (most recent call last):
  File "C:\mypython3\django\Lib\site-packages\django\core\handlers\exception.py", line 55, in inner
    response = get_response(request)
               ^^^^^^^^^^^^^^^^^^^^^
  File "C:\mypython3\django\Lib\site-packages\django\core\handlers\base.py", line 182, in _get_response
    callback, callback_args, callback_kwargs = self.resolve_request(request)
                                               ^^^^^^^^^^^^^^^^^^^^^^^^^^^^^
  File "C:\mypython3\django\Lib\site-packages\django\core\handlers\base.py", line 314, in resolve_request
    resolver_match = resolver.resolve(request.path_info)
                     ^^^^^^^^^^^^^^^^^^^^^^^^^^^^^^^^^^^
  File "C:\mypython3\django\Lib\site-packages\django\urls\resolvers.py", line 716, in resolve
    raise Resolver404({"tried": tried, "path": new_path})
django.urls.exceptions.Resolver404: {'tried': [[<URLResolver <URLPattern list> (admin:admin) 'admin/'>], [<URLResolver <module 'myhello.urls' from 'C:\\mypython3\\django\\Scripts\\hello_django\\myhello\\urls.py'> (None:None) 'myhello/'>]], 'path': 'myhello hihi/'}

During handling of the above exception, another exception occurred:

Traceback (most recent call last):
  File "C:\mypython3\django\Lib\site-packages\django\template\base.py", line 964, in _resolve_lookup
    raise TypeError
TypeError

During handling of the above exception, another exception occurred:

Traceback (most recent call last):
  File "C:\mypython3\django\Lib\site-packages\django\template\base.py", line 976, in _resolve_lookup
    current = getattr(current, bit)
              ^^^^^^^^^^^^^^^^^^^^^
AttributeError: 'URLResolver' object has no attribute 'name'

During handling of the above exception, another exception occurred:

Traceback (most recent call last):
  File "C:\mypython3\django\Lib\site-packages\django\template\base.py", line 982, in _resolve_lookup
    current = current[int(bit)]
                      ^^^^^^^^
ValueError: invalid literal for int() with base 10: 'name'

During handling of the above exception, another exception occurred:

Traceback (most recent call last):
  File "C:\mypython3\django\Lib\site-packages\django\template\base.py", line 989, in _resolve_lookup
    raise VariableDoesNotExist(
django.template.base.VariableDoesNotExist: Failed lookup for key [name] in <URLResolver <module 'myhello.urls' from 'C:\\mypython3\\django\\Scripts\\hello_django\\myhello\\urls.py'> (None:None) 'myhello/'>
Not Found: /myhello hihi/
"GET /myhello%20hihi/ HTTP/1.1" 404 2373
"GET /myhello/?name=2 HTTP/1.1" 200 9
Watching for file changes with StatReloader
Waiting for apps ready_event.
Apps ready_event triggered. Sending autoreload_started signal.
Watching dir C:\mypython3\django\Scripts\hello_django\locale with glob **/*.mo.
Watching dir C:\mypython3\django\Scripts\hello_django\myhello\locale with glob **/*.mo.
(0.000) 
            SELECT name, type FROM sqlite_master
            WHERE type in ('table', 'view') AND NOT name='sqlite_sequence'
            ORDER BY name; args=None; alias=default
File C:\Users\user\AppData\Local\Programs\Python\Python312\Lib\getpass.py first seen with mtime 1738656312.0
File C:\mypython3\django\Lib\site-packages\django\db\models\fields\related_descriptors.py first seen with mtime 1773145196.1449113
File C:\Users\user\AppData\Local\Programs\Python\Python312\Lib\encodings\cp950.py first seen with mtime 1738656312.0
File C:\mypython3\django\Lib\site-packages\django\contrib\staticfiles\views.py first seen with mtime 1773145195.972909
File C:\mypython3\django\Lib\site-packages\django\utils\connection.py first seen with mtime 1773145196.2887466
File C:\Users\user\AppData\Local\Programs\Python\Python312\Lib\asyncio\taskgroups.py first seen with mtime 1738656312.0
File C:\Users\user\AppData\Local\Programs\Python\Python312\Lib\ast.py first seen with mtime 1738656312.0
File C:\mypython3\django\Lib\site-packages\django\db\backends\sqlite3\operations.py first seen with mtime 1773145196.110429
File C:\mypython3\django\Lib\site-packages\django\core\handlers\wsgi.py first seen with mtime 1773145196.0171359
File C:\Users\user\AppData\Local\Programs\Python\Python312\Lib\http\server.py first seen with mtime 1738656312.0
File C:\mypython3\django\Lib\site-packages\django\template\smartif.py first seen with mtime 1773145196.2546358
File C:\Users\user\AppData\Local\Programs\Python\Python312\Lib\re\__init__.py first seen with mtime 1738656312.0
File C:\Users\user\AppData\Local\Programs\Python\Python312\Lib\asyncio\selector_events.py first seen with mtime 1738656312.0
File C:\Users\user\AppData\Local\Programs\Python\Python312\Lib\asyncio\mixins.py first seen with mtime 1738656312.0
File C:\mypython3\django\Lib\site-packages\django\db\models\fields\json.py first seen with mtime 1773145196.141822
File C:\mypython3\django\Lib\site-packages\django\utils\version.py first seen with mtime 1773145196.3117063
File C:\Users\user\AppData\Local\Programs\Python\Python312\Lib\asyncio\tasks.py first seen with mtime 1738656312.0
File C:\Users\user\AppData\Local\Programs\Python\Python312\Lib\email\parser.py first seen with mtime 1738656312.0
File C:\Users\user\AppData\Local\Programs\Python\Python312\Lib\decimal.py first seen with mtime 1738656312.0
File C:\Users\user\AppData\Local\Programs\Python\Python312\Lib\collections\__init__.py first seen with mtime 1738656312.0
File C:\Users\user\AppData\Local\Programs\Python\Python312\Lib\random.py first seen with mtime 1738656312.0
File C:\Users\user\AppData\Local\Programs\Python\Python312\Lib\re\_parser.py first seen with mtime 1738656312.0
File C:\Users\user\AppData\Local\Programs\Python\Python312\Lib\base64.py first seen with mtime 1738656312.0
File C:\Users\user\AppData\Local\Programs\Python\Python312\Lib\concurrent\futures\thread.py first seen with mtime 1738656312.0
File C:\Users\user\AppData\Local\Programs\Python\Python312\Lib\zoneinfo\_common.py first seen with mtime 1738656314.0
File C:\mypython3\django\Lib\site-packages\django\core\wsgi.py first seen with mtime 1773145195.9837432
File C:\mypython3\django\Lib\site-packages\sqlparse\filters\__init__.py first seen with mtime 1773145192.848455
File C:\mypython3\django\Lib\site-packages\django\template\backends\django.py first seen with mtime 1773145196.256998
File C:\mypython3\django\Lib\site-packages\django\contrib\admin\models.py first seen with mtime 1773145193.5007255
File C:\Users\user\AppData\Local\Programs\Python\Python312\Lib\_markupbase.py first seen with mtime 1738656312.0
File C:\mypython3\django\Lib\site-packages\django\contrib\auth\tokens.py first seen with mtime 1773145194.2107623
File C:\Users\user\AppData\Local\Programs\Python\Python312\Lib\functools.py first seen with mtime 1738656312.0
File C:\Users\user\AppData\Local\Programs\Python\Python312\DLLs\_hashlib.pyd first seen with mtime 1738656366.0
File C:\Users\user\AppData\Local\Programs\Python\Python312\Lib\quopri.py first seen with mtime 1738656312.0
File C:\mypython3\django\Lib\site-packages\django\views\generic\dates.py first seen with mtime 1773145196.3303373
File C:\mypython3\django\Lib\site-packages\django\db\backends\base\__init__.py first seen with mtime 1773145196.0595918
File C:\mypython3\django\Lib\site-packages\django\db\models\aggregates.py first seen with mtime 1773145196.127118
File C:\mypython3\django\Lib\site-packages\django\contrib\admin\exceptions.py first seen with mtime 1773145193.498147
File C:\Users\user\AppData\Local\Programs\Python\Python312\Lib\email\errors.py first seen with mtime 1738656312.0
File C:\Users\user\AppData\Local\Programs\Python\Python312\Lib\email\mime\text.py first seen with mtime 1738656312.0
File C:\mypython3\django\Lib\site-packages\django\contrib\messages\api.py first seen with mtime 1773145195.2104838
File C:\Users\user\AppData\Local\Programs\Python\Python312\Lib\multiprocessing\reduction.py first seen with mtime 1738656312.0
File C:\mypython3\django\Lib\site-packages\django\templatetags\tz.py first seen with mtime 1773145196.2678335
File C:\mypython3\django\Lib\site-packages\django\contrib\admin\templatetags\admin_list.py first seen with mtime 1773145193.9954436
File C:\mypython3\django\Lib\site-packages\django\template\context.py first seen with mtime 1773145196.247962
File C:\mypython3\django\Lib\site-packages\django\utils\asyncio.py first seen with mtime 1773145196.284721
File C:\mypython3\django\Lib\site-packages\django\contrib\messages\storage\base.py first seen with mtime 1773145195.216087
File C:\mypython3\django\Lib\site-packages\django\template\loader_tags.py first seen with mtime 1773145196.2536273
File C:\mypython3\django\Lib\site-packages\django\db\backends\sqlite3\client.py first seen with mtime 1773145196.1084104
File C:\mypython3\django\Lib\site-packages\django\core\files\locks.py first seen with mtime 1773145196.006105
File C:\Users\user\AppData\Local\Programs\Python\Python312\Lib\importlib\__init__.py first seen with mtime 1738656312.0
File C:\Users\user\AppData\Local\Programs\Python\Python312\Lib\email\generator.py first seen with mtime 1738656312.0
File C:\mypython3\django\Lib\site-packages\django\core\signing.py first seen with mtime 1773145195.9827394
File C:\mypython3\django\Lib\site-packages\django\contrib\sites\__init__.py first seen with mtime 1773145195.7663884
File C:\mypython3\django\Lib\site-packages\django\utils\__init__.py first seen with mtime 1773145196.281257
File C:\Users\user\AppData\Local\Programs\Python\Python312\DLLs\_uuid.pyd first seen with mtime 1738656366.0
File C:\mypython3\django\Lib\site-packages\django\template\loader.py first seen with mtime 1773145196.252318
File C:\Users\user\AppData\Local\Programs\Python\Python312\Lib\token.py first seen with mtime 1738656314.0
File C:\Users\user\AppData\Local\Programs\Python\Python312\Lib\collections\abc.py first seen with mtime 1738656312.0
File C:\mypython3\django\Lib\site-packages\django\http\multipartparser.py first seen with mtime 1773145196.2300172
File C:\mypython3\django\Lib\site-packages\django\template\autoreload.py first seen with mtime 1773145196.246394
File C:\Users\user\AppData\Local\Programs\Python\Python312\Lib\concurrent\futures\_base.py first seen with mtime 1738656312.0
File C:\mypython3\django\Lib\site-packages\django\contrib\sessions\middleware.py first seen with mtime 1773145195.562503
File C:\Users\user\AppData\Local\Programs\Python\Python312\Lib\asyncio\format_helpers.py first seen with mtime 1738656312.0
File C:\mypython3\django\Lib\site-packages\django\db\models\fields\__init__.py first seen with mtime 1773145196.1388083
File C:\mypython3\django\Lib\site-packages\django\db\models\sql\query.py first seen with mtime 1773145196.1555007
File C:\mypython3\django\Lib\site-packages\django\template\defaulttags.py first seen with mtime 1773145196.2499743
File C:\Users\user\AppData\Local\Programs\Python\Python312\Lib\email\headerregistry.py first seen with mtime 1738656312.0
File C:\Users\user\AppData\Local\Programs\Python\Python312\Lib\gettext.py first seen with mtime 1738656312.0
File C:\mypython3\django\Lib\site-packages\django\contrib\sessions\__init__.py first seen with mtime 1773145195.5604944
File C:\Users\user\AppData\Local\Programs\Python\Python312\Lib\bisect.py first seen with mtime 1738656312.0
File C:\mypython3\django\Lib\site-packages\django\core\files\storage\filesystem.py first seen with mtime 1773145196.011807
File C:\mypython3\django\Lib\site-packages\django\forms\boundfield.py first seen with mtime 1773145196.1608996
File C:\mypython3\django\Lib\site-packages\django\contrib\staticfiles\management\commands\runserver.py first seen with mtime 1773145195.976585
File C:\mypython3\django\Lib\site-packages\django\db\models\base.py first seen with mtime 1773145196.128121
File C:\mypython3\django\Lib\site-packages\asgiref\current_thread_executor.py first seen with mtime 1773145192.9433763
File C:\mypython3\django\Lib\site-packages\django\db\models\sql\constants.py first seen with mtime 1773145196.1544979
File C:\mypython3\django\Lib\site-packages\sqlparse\utils.py first seen with mtime 1773145192.8442674
File C:\mypython3\django\Lib\site-packages\django\db\backends\signals.py first seen with mtime 1773145196.057587
File C:\Users\user\AppData\Local\Programs\Python\Python312\Lib\multiprocessing\context.py first seen with mtime 1738656312.0
File C:\Users\user\AppData\Local\Programs\Python\Python312\Lib\asyncio\log.py first seen with mtime 1738656312.0
File C:\mypython3\django\Lib\site-packages\django\db\models\deletion.py first seen with mtime 1773145196.130504
File C:\mypython3\django\Lib\site-packages\django\core\serializers\__init__.py first seen with mtime 1773145196.049322
File C:\mypython3\django\Lib\site-packages\django\template\__init__.py first seen with mtime 1773145196.245047
File C:\Users\user\AppData\Local\Programs\Python\Python312\Lib\email\charset.py first seen with mtime 1738656312.0
File C:\mypython3\django\Lib\site-packages\django\db\backends\base\schema.py first seen with mtime 1773145196.0646853
File C:\mypython3\django\Lib\site-packages\django\forms\formsets.py first seen with mtime 1773145196.1629066
File C:\mypython3\django\Lib\site-packages\django\core\checks\urls.py first seen with mtime 1773145196.0000894
File C:\Users\user\AppData\Local\Programs\Python\Python312\DLLs\_queue.pyd first seen with mtime 1738656366.0
File C:\mypython3\django\Lib\site-packages\django\core\checks\security\sessions.py first seen with mtime 1773145196.0041006
File C:\mypython3\django\Lib\site-packages\sqlparse\filters\output.py first seen with mtime 1773145192.8499115
File C:\mypython3\django\Lib\site-packages\django\contrib\contenttypes\apps.py first seen with mtime 1773145194.4121568
File C:\mypython3\django\Lib\site-packages\django\core\cache\backends\filebased.py first seen with mtime 1773145195.9891803
File C:\mypython3\django\Lib\site-packages\django\utils\translation\reloader.py first seen with mtime 1773145196.3137293
File C:\Users\user\AppData\Local\Programs\Python\Python312\Lib\datetime.py first seen with mtime 1738656312.0
File C:\mypython3\django\Lib\site-packages\django\core\checks\compatibility\django_4_0.py first seen with mtime 1773145196.0010917
File C:\Users\user\AppData\Local\Programs\Python\Python312\Lib\numbers.py first seen with mtime 1738656312.0
File C:\mypython3\django\Lib\site-packages\django\core\files\storage\base.py first seen with mtime 1773145196.0107872
File C:\mypython3\django\Lib\site-packages\asgiref\local.py first seen with mtime 1773145192.9444926
File C:\mypython3\django\Lib\site-packages\django\core\checks\caches.py first seen with mtime 1773145195.993607
File C:\mypython3\django\Lib\site-packages\django\utils\copy.py first seen with mtime 1773145196.2887466
File C:\mypython3\django\Scripts\hello_django\myhello\views.py first seen with mtime 1773209556.9963017
File C:\mypython3\django\Lib\site-packages\django\utils\text.py first seen with mtime 1773145196.308205
File C:\Users\user\AppData\Local\Programs\Python\Python312\Lib\re\_constants.py first seen with mtime 1738656312.0
File C:\mypython3\django\Lib\site-packages\django\utils\http.py first seen with mtime 1773145196.3016546
File C:\mypython3\django\Lib\site-packages\django\db\models\fields\mixins.py first seen with mtime 1773145196.141822
File C:\mypython3\django\Lib\site-packages\django\views\decorators\__init__.py first seen with mtime 1773145196.3217947
File C:\Users\user\AppData\Local\Programs\Python\Python312\Lib\hmac.py first seen with mtime 1738656312.0
File C:\mypython3\django\Lib\site-packages\django\views\decorators\csp.py first seen with mtime 1773145196.3242855
File C:\mypython3\django\Scripts\hello_django\myhello\apps.py first seen with mtime 1773209089.9947636
File C:\mypython3\django\Lib\site-packages\django\db\migrations\state.py first seen with mtime 1773145196.121103
File C:\mypython3\django\Scripts\hello_django\hello_django\__init__.py first seen with mtime 1773146754.8790936
File C:\mypython3\django\Lib\site-packages\django\core\management\commands\runserver.py first seen with mtime 1773145196.0401168
File C:\mypython3\django\Lib\site-packages\django\db\models\fields\tuple_lookups.py first seen with mtime 1773145196.1460817
File C:\mypython3\django\Lib\site-packages\django\http\__init__.py first seen with mtime 1773145196.2290022
File C:\mypython3\django\Lib\site-packages\django\db\models\lookups.py first seen with mtime 1773145196.133716
File C:\mypython3\django\Lib\site-packages\django\core\management\commands\__init__.py first seen with mtime 1773145196.0303128
File C:\mypython3\django\Lib\site-packages\django\views\static.py first seen with mtime 1773145196.3207896
File C:\mypython3\django\Lib\site-packages\django\core\checks\__init__.py first seen with mtime 1773145195.9926045
File C:\mypython3\django\Lib\site-packages\django\db\models\expressions.py first seen with mtime 1773145196.1317077
File C:\mypython3\django\Lib\site-packages\django\db\__init__.py first seen with mtime 1773145196.054579
File C:\mypython3\django\Lib\site-packages\sqlparse\cli.py first seen with mtime 1773145192.837533
File C:\mypython3\django\Scripts\hello_django\myhello\admin.py first seen with mtime 1773209089.9926696
File C:\Users\user\AppData\Local\Programs\Python\Python312\Lib\warnings.py first seen with mtime 1738656314.0
File C:\mypython3\django\Lib\site-packages\sqlparse\filters\others.py first seen with mtime 1773145192.8499115
File C:\mypython3\django\Lib\site-packages\django\core\checks\async_checks.py first seen with mtime 1773145195.993607
File C:\Users\user\AppData\Local\Programs\Python\Python312\Lib\asyncio\threads.py first seen with mtime 1738656312.0
File C:\Users\user\AppData\Local\Programs\Python\Python312\Lib\operator.py first seen with mtime 1738656312.0
File C:\mypython3\django\Lib\site-packages\django\db\backends\sqlite3\_functions.py first seen with mtime 1773145196.1074038
File C:\mypython3\django\Lib\site-packages\django\contrib\__init__.py first seen with mtime 1773145193.4910147
File C:\Users\user\AppData\Local\Programs\Python\Python312\Lib\textwrap.py first seen with mtime 1738656314.0
File C:\mypython3\django\Lib\site-packages\django\views\decorators\csrf.py first seen with mtime 1773145196.325538
File C:\mypython3\django\Lib\site-packages\django\contrib\admin\views\main.py first seen with mtime 1773145194.0013695
File C:\Users\user\AppData\Local\Programs\Python\Python312\DLLs\_wmi.pyd first seen with mtime 1738656366.0
File C:\Users\user\AppData\Local\Programs\Python\Python312\Lib\asyncio\sslproto.py first seen with mtime 1738656312.0
File C:\Users\user\AppData\Local\Programs\Python\Python312\Lib\asyncio\events.py first seen with mtime 1738656312.0
File C:\Users\user\AppData\Local\Programs\Python\Python312\Lib\tokenize.py first seen with mtime 1738656314.0
File C:\Users\user\AppData\Local\Programs\Python\Python312\Lib\logging\__init__.py first seen with mtime 1738656312.0
File C:\mypython3\django\Lib\site-packages\django\forms\renderers.py first seen with mtime 1773145196.1649306
File C:\mypython3\django\Lib\site-packages\django\core\checks\database.py first seen with mtime 1773145195.9956176
File C:\mypython3\django\Lib\site-packages\django\db\models\sql\subqueries.py first seen with mtime 1773145196.15688
File C:\mypython3\django\Lib\site-packages\django\utils\functional.py first seen with mtime 1773145196.2984064
File C:\Users\user\AppData\Local\Programs\Python\Python312\Lib\string.py first seen with mtime 1738656312.0
File C:\mypython3\django\Lib\site-packages\django\db\backends\utils.py first seen with mtime 1773145196.058589
File C:\mypython3\django\Lib\site-packages\django\utils\dateparse.py first seen with mtime 1773145196.2914486
File C:\mypython3\django\Lib\site-packages\django\core\checks\security\__init__.py first seen with mtime 1773145196.0020945
File C:\Users\user\AppData\Local\Programs\Python\Python312\Lib\uuid.py first seen with mtime 1738656314.0
File C:\mypython3\django\Scripts\hello_django\myhello\__init__.py first seen with mtime 1773209089.9994023
File C:\mypython3\django\Lib\site-packages\django\templatetags\static.py first seen with mtime 1773145196.2664125
File C:\Users\user\AppData\Local\Programs\Python\Python312\DLLs\select.pyd first seen with mtime 1738656366.0
File C:\Users\user\AppData\Local\Programs\Python\Python312\Lib\locale.py first seen with mtime 1738656312.0
File C:\mypython3\django\Lib\site-packages\sqlparse\formatter.py first seen with mtime 1773145192.8398044
File C:\Users\user\AppData\Local\Programs\Python\Python312\Lib\urllib\response.py first seen with mtime 1738656314.0
File C:\Users\user\AppData\Local\Programs\Python\Python312\Lib\asyncio\windows_utils.py first seen with mtime 1738656312.0
File C:\Users\user\AppData\Local\Programs\Python\Python312\Lib\urllib\error.py first seen with mtime 1738656314.0
File C:\Users\user\AppData\Local\Programs\Python\Python312\Lib\zoneinfo\__init__.py first seen with mtime 1738656314.0
File C:\mypython3\django\Lib\site-packages\sqlparse\tokens.py first seen with mtime 1773145192.8428211
File C:\mypython3\django\Lib\site-packages\django\utils\ipv6.py first seen with mtime 1773145196.3027143
File C:\mypython3\django\Lib\site-packages\sqlparse\__init__.py first seen with mtime 1773145192.8363185
File C:\mypython3\django\Lib\site-packages\django\urls\base.py first seen with mtime 1773145196.2768354
File C:\mypython3\django\Lib\site-packages\django\utils\timezone.py first seen with mtime 1773145196.3096595
File C:\Users\user\AppData\Local\Programs\Python\Python312\Lib\concurrent\futures\__init__.py first seen with mtime 1738656312.0
File C:\Users\user\AppData\Local\Programs\Python\Python312\Lib\fnmatch.py first seen with mtime 1738656312.0
File C:\mypython3\django\Lib\site-packages\django\db\backends\base\validation.py first seen with mtime 1773145196.0737398
File C:\Users\user\AppData\Local\Programs\Python\Python312\Lib\http\cookies.py first seen with mtime 1738656312.0
File C:\Users\user\AppData\Local\Programs\Python\Python312\Lib\bz2.py first seen with mtime 1738656312.0
File C:\mypython3\django\Lib\site-packages\django\contrib\auth\forms.py first seen with mtime 1773145194.2068572
File C:\mypython3\django\Lib\site-packages\django\contrib\sites\shortcuts.py first seen with mtime 1773145195.7729342
File C:\mypython3\django\Lib\site-packages\django\views\generic\base.py first seen with mtime 1773145196.3288577
File C:\mypython3\django\Lib\site-packages\django\contrib\messages\apps.py first seen with mtime 1773145195.2114909
File C:\Users\user\AppData\Local\Programs\Python\Python312\DLLs\_ctypes.pyd first seen with mtime 1738656366.0
File C:\mypython3\django\Lib\site-packages\django\__init__.py first seen with mtime 1773145193.0611882
File C:\Users\user\AppData\Local\Programs\Python\Python312\Lib\copyreg.py first seen with mtime 1738656312.0
File C:\Users\user\AppData\Local\Programs\Python\Python312\Lib\asyncio\base_subprocess.py first seen with mtime 1738656312.0
File C:\mypython3\django\Lib\site-packages\django\apps\config.py first seen with mtime 1773145193.0643098
File C:\Users\user\AppData\Local\Programs\Python\Python312\Lib\statistics.py first seen with mtime 1738656312.0
File C:\Users\user\AppData\Local\Programs\Python\Python312\Lib\dataclasses.py first seen with mtime 1738656312.0
File C:\mypython3\django\Lib\site-packages\django\dispatch\__init__.py first seen with mtime 1773145196.1578827
File C:\mypython3\django\Lib\site-packages\django\db\backends\ddl_references.py first seen with mtime 1773145196.057587
File C:\mypython3\django\Lib\site-packages\django\db\migrations\migration.py first seen with mtime 1773145196.1180944
File C:\mypython3\django\Lib\site-packages\django\db\models\sql\where.py first seen with mtime 1773145196.1578827
File C:\mypython3\django\Lib\site-packages\django\utils\datastructures.py first seen with mtime 1773145196.2914486
File C:\mypython3\django\Lib\site-packages\django\contrib\messages\constants.py first seen with mtime 1773145195.2114909
File C:\mypython3\django\Lib\site-packages\django\contrib\auth\hashers.py first seen with mtime 1773145194.207342
File C:\mypython3\django\Lib\site-packages\django\db\migrations\__init__.py first seen with mtime 1773145196.1140866
File C:\mypython3\django\Lib\site-packages\django\core\files\temp.py first seen with mtime 1773145196.0071077
File C:\mypython3\django\Lib\site-packages\django\contrib\admin\templatetags\__init__.py first seen with mtime 1773145193.9942608
File C:\mypython3\django\Lib\site-packages\django\core\serializers\base.py first seen with mtime 1773145196.049322
File C:\mypython3\django\Lib\site-packages\django\db\models\fields\reverse_related.py first seen with mtime 1773145196.1460817
File C:\mypython3\django\Lib\site-packages\sqlparse\sql.py first seen with mtime 1773145192.8428211
File C:\mypython3\django\Lib\site-packages\django\utils\html.py first seen with mtime 1773145196.3005579
File C:\Users\user\AppData\Local\Programs\Python\Python312\Lib\types.py first seen with mtime 1738656314.0
File C:\Users\user\AppData\Local\Programs\Python\Python312\Lib\wsgiref\util.py first seen with mtime 1738656314.0
File C:\Users\user\AppData\Local\Programs\Python\Python312\Lib\asyncio\subprocess.py first seen with mtime 1738656312.0
File C:\mypython3\django\Lib\site-packages\django\utils\inspect.py first seen with mtime 1773145196.3016546
File C:\Users\user\AppData\Local\Programs\Python\Python312\Lib\email\utils.py first seen with mtime 1738656312.0
File C:\Users\user\AppData\Local\Programs\Python\Python312\Lib\asyncio\transports.py first seen with mtime 1738656312.0
File C:\mypython3\django\Lib\site-packages\django\contrib\auth\models.py first seen with mtime 1773145194.209344
File C:\mypython3\django\Lib\site-packages\django\db\backends\base\base.py first seen with mtime 1773145196.0595918
File C:\Users\user\AppData\Local\Programs\Python\Python312\Lib\email\policy.py first seen with mtime 1738656312.0
File C:\mypython3\django\Lib\site-packages\django\db\backends\base\features.py first seen with mtime 1773145196.0615973
File C:\mypython3\django\Lib\site-packages\sqlparse\keywords.py first seen with mtime 1773145192.8408105
File C:\Users\user\AppData\Local\Programs\Python\Python312\Lib\pkgutil.py first seen with mtime 1738656312.0
File C:\mypython3\django\Lib\site-packages\django\db\models\sql\datastructures.py first seen with mtime 1773145196.1544979
File C:\mypython3\django\Lib\site-packages\sqlparse\engine\statement_splitter.py first seen with mtime 1773145192.8474536
File C:\mypython3\django\Lib\site-packages\django\db\models\functions\text.py first seen with mtime 1773145196.15149
File C:\mypython3\django\Lib\site-packages\django\template\library.py first seen with mtime 1773145196.252318
File C:\mypython3\django\Lib\site-packages\django\utils\crypto.py first seen with mtime 1773145196.289754
File C:\mypython3\django\Lib\site-packages\django\contrib\auth\apps.py first seen with mtime 1773145194.202163
File C:\Users\user\AppData\Local\Programs\Python\Python312\Lib\encodings\__init__.py first seen with mtime 1738656312.0
File C:\Users\user\AppData\Local\Programs\Python\Python312\Lib\email\header.py first seen with mtime 1738656312.0
File C:\mypython3\django\Lib\site-packages\django\core\files\storage\mixins.py first seen with mtime 1773145196.0138185
File C:\mypython3\django\Lib\site-packages\django\db\models\signals.py first seen with mtime 1773145196.1367948
File C:\mypython3\django\Lib\site-packages\django\contrib\auth\views.py first seen with mtime 1773145194.212838
File C:\Users\user\AppData\Local\Programs\Python\Python312\Lib\struct.py first seen with mtime 1738656312.0
File C:\mypython3\django\Lib\site-packages\django\utils\termcolors.py first seen with mtime 1773145196.308205
File C:\mypython3\django\Lib\site-packages\django\contrib\contenttypes\models.py first seen with mtime 1773145194.414056
File C:\mypython3\django\Lib\site-packages\django\forms\utils.py first seen with mtime 1773145196.165933
File C:\mypython3\django\Lib\site-packages\django\views\debug.py first seen with mtime 1773145196.3185208
File C:\mypython3\django\Lib\site-packages\django\templatetags\l10n.py first seen with mtime 1773145196.2664125
File C:\mypython3\django\Lib\site-packages\django\forms\models.py first seen with mtime 1773145196.1639163
File C:\mypython3\django\Lib\site-packages\django\utils\safestring.py first seen with mtime 1773145196.3072007
File C:\Users\user\AppData\Local\Programs\Python\Python312\DLLs\_lzma.pyd first seen with mtime 1738656366.0
File C:\Users\user\AppData\Local\Programs\Python\Python312\Lib\ctypes\__init__.py first seen with mtime 1738656312.0
File C:\mypython3\django\Lib\site-packages\django\apps\__init__.py first seen with mtime 1773145193.0633047
File C:\mypython3\django\Lib\site-packages\django\db\migrations\operations\base.py first seen with mtime 1773145196.1241107
File C:\mypython3\django\Scripts\hello_django\hello_django\urls.py first seen with mtime 1773210014.6663246
File C:\mypython3\django\Lib\site-packages\django\core\exceptions.py first seen with mtime 1773145195.9806347
File C:\mypython3\django\Lib\site-packages\django\conf\locale\__init__.py first seen with mtime 1773145193.0745852
File C:\mypython3\django\Lib\site-packages\django\contrib\auth\middleware.py first seen with mtime 1773145194.207342
File C:\mypython3\django\Lib\site-packages\django\contrib\admin\views\autocomplete.py first seen with mtime 1773145194.000275
File C:\Users\user\AppData\Local\Programs\Python\Python312\Lib\fractions.py first seen with mtime 1738656312.0
File C:\Users\user\AppData\Local\Programs\Python\Python312\Lib\sqlite3\__init__.py first seen with mtime 1738656312.0
File C:\Users\user\AppData\Local\Programs\Python\Python312\Lib\traceback.py first seen with mtime 1738656314.0
File C:\mypython3\django\Lib\site-packages\django\shortcuts.py first seen with mtime 1773145193.0633047
File C:\Users\user\AppData\Local\Programs\Python\Python312\DLLs\_ssl.pyd first seen with mtime 1738656366.0
File C:\mypython3\django\Lib\site-packages\django\core\mail\message.py first seen with mtime 1773145196.0191846
File C:\mypython3\django\Lib\site-packages\django\template\backends\base.py first seen with mtime 1773145196.256998
File C:\mypython3\django\Lib\site-packages\django\contrib\admin\utils.py first seen with mtime 1773145193.5046785
File C:\mypython3\django\Lib\site-packages\django\db\models\functions\mixins.py first seen with mtime 1773145196.1504881
File C:\mypython3\django\Lib\site-packages\django\utils\timesince.py first seen with mtime 1773145196.3096595
File C:\Users\user\AppData\Local\Programs\Python\Python312\Lib\socketserver.py first seen with mtime 1738656312.0
File C:\Users\user\AppData\Local\Programs\Python\Python312\Lib\inspect.py first seen with mtime 1738656312.0
File C:\mypython3\django\Lib\site-packages\django\views\generic\list.py first seen with mtime 1773145196.3316674
File C:\mypython3\django\Lib\site-packages\django\utils\log.py first seen with mtime 1773145196.3038268
File C:\Users\user\AppData\Local\Programs\Python\Python312\Lib\gzip.py first seen with mtime 1738656312.0
File C:\mypython3\django\Lib\site-packages\django\contrib\admin\actions.py first seen with mtime 1773145193.4940405
File C:\mypython3\django\Lib\site-packages\django\contrib\contenttypes\forms.py first seen with mtime 1773145194.414056
File C:\mypython3\django\Lib\site-packages\django\core\files\storage\handler.py first seen with mtime 1773145196.0128129
File C:\Users\user\AppData\Local\Programs\Python\Python312\Lib\asyncio\base_tasks.py first seen with mtime 1738656312.0
File C:\Users\user\AppData\Local\Programs\Python\Python312\Lib\email\_encoded_words.py first seen with mtime 1738656312.0
File C:\Users\user\AppData\Local\Programs\Python\Python312\Lib\http\__init__.py first seen with mtime 1738656312.0
File C:\Users\user\AppData\Local\Programs\Python\Python312\Lib\mimetypes.py first seen with mtime 1738656312.0
File C:\mypython3\django\Lib\site-packages\django\templatetags\i18n.py first seen with mtime 1773145196.2654092
File C:\Users\user\AppData\Local\Programs\Python\Python312\Lib\email\_policybase.py first seen with mtime 1738656312.0
File C:\Users\user\AppData\Local\Programs\Python\Python312\Lib\email\message.py first seen with mtime 1738656312.0
File C:\mypython3\django\Lib\site-packages\django\core\checks\security\csrf.py first seen with mtime 1773145196.003097
File C:\mypython3\django\Lib\site-packages\django\db\transaction.py first seen with mtime 1773145196.0555813
File C:\mypython3\django\Lib\site-packages\django\db\models\enums.py first seen with mtime 1773145196.1317077
File C:\mypython3\django\Lib\site-packages\django\db\backends\base\client.py first seen with mtime 1773145196.0605943
File C:\Users\user\AppData\Local\Programs\Python\Python312\Lib\pprint.py first seen with mtime 1738656312.0
File C:\mypython3\django\Lib\site-packages\django\core\files\uploadhandler.py first seen with mtime 1773145196.00958
File C:\Users\user\AppData\Local\Programs\Python\Python312\Lib\email\encoders.py first seen with mtime 1738656312.0
File C:\Users\user\AppData\Local\Programs\Python\Python312\Lib\zoneinfo\_tzpath.py first seen with mtime 1738656314.0
File C:\mypython3\django\Lib\site-packages\django\utils\choices.py first seen with mtime 1773145196.2874978
File C:\Users\user\AppData\Local\Programs\Python\Python312\Lib\weakref.py first seen with mtime 1738656314.0
File C:\mypython3\django\Lib\site-packages\django\core\cache\backends\base.py first seen with mtime 1773145195.9867523
File C:\mypython3\django\Lib\site-packages\django\core\serializers\python.py first seen with mtime 1773145196.051571
File C:\Users\user\AppData\Local\Programs\Python\Python312\Lib\wsgiref\__init__.py first seen with mtime 1738656314.0
File C:\mypython3\django\Lib\site-packages\django\db\backends\sqlite3\features.py first seen with mtime 1773145196.1094236
File C:\mypython3\django\Lib\site-packages\django\views\__init__.py first seen with mtime 1773145196.31751
File C:\Users\user\AppData\Local\Programs\Python\Python312\Lib\email\__init__.py first seen with mtime 1738656312.0
File C:\mypython3\django\Lib\site-packages\django\contrib\sites\requests.py first seen with mtime 1773145195.7729342
File C:\mypython3\django\Lib\site-packages\django\core\checks\translation.py first seen with mtime 1773145195.999038
File C:\mypython3\django\Lib\site-packages\django\core\management\__init__.py first seen with mtime 1773145196.0260246
File C:\Users\user\AppData\Local\Programs\Python\Python312\Lib\html\__init__.py first seen with mtime 1738656312.0
File C:\Users\user\AppData\Local\Programs\Python\Python312\Lib\json\__init__.py first seen with mtime 1738656312.0
File C:\mypython3\django\Lib\site-packages\sqlparse\engine\__init__.py first seen with mtime 1773145192.8452957
File C:\mypython3\django\Lib\site-packages\django\db\models\fields\related.py first seen with mtime 1773145196.143908
File C:\Users\user\AppData\Local\Programs\Python\Python312\DLLs\_sqlite3.pyd first seen with mtime 1738656366.0
File C:\mypython3\django\Lib\site-packages\django\core\management\base.py first seen with mtime 1773145196.0260246
File C:\Users\user\AppData\Local\Programs\Python\Python312\Lib\asyncio\staggered.py first seen with mtime 1738656312.0
File C:\Users\user\AppData\Local\Programs\Python\Python312\Lib\urllib\request.py first seen with mtime 1738656314.0
File C:\mypython3\django\Lib\site-packages\django\db\backends\base\creation.py first seen with mtime 1773145196.0605943
File C:\mypython3\django\Lib\site-packages\django\core\files\__init__.py first seen with mtime 1773145196.0051029
File C:\mypython3\django\Lib\site-packages\django\contrib\admin\templatetags\admin_modify.py first seen with mtime 1773145193.9964445
File C:\mypython3\django\Lib\site-packages\django\contrib\sessions\apps.py first seen with mtime 1773145195.5604944
File C:\mypython3\django\Lib\site-packages\django\forms\__init__.py first seen with mtime 1773145196.1608996
File C:\mypython3\django\Lib\site-packages\django\db\models\utils.py first seen with mtime 1773145196.137802
File C:\mypython3\django\Lib\site-packages\django\urls\converters.py first seen with mtime 1773145196.2778685
File C:\Users\user\AppData\Local\Programs\Python\Python312\Lib\enum.py first seen with mtime 1738656312.0
File C:\Users\user\AppData\Local\Programs\Python\Python312\Lib\socket.py first seen with mtime 1738656312.0
File C:\mypython3\django\Lib\site-packages\django\core\checks\model_checks.py first seen with mtime 1773145195.996686
File C:\mypython3\django\Lib\site-packages\django\core\files\uploadedfile.py first seen with mtime 1773145196.0081103
File C:\Users\user\AppData\Local\Programs\Python\Python312\Lib\sysconfig.py first seen with mtime 1738656312.0
File C:\Users\user\AppData\Local\Programs\Python\Python312\Lib\asyncio\proactor_events.py first seen with mtime 1738656312.0
File C:\mypython3\django\Lib\site-packages\django\utils\lorem_ipsum.py first seen with mtime 1773145196.3050413
File C:\mypython3\django\Lib\site-packages\django\core\checks\registry.py first seen with mtime 1773145195.9976888
File C:\Users\user\AppData\Local\Programs\Python\Python312\Lib\_compat_pickle.py first seen with mtime 1738656312.0
File C:\mypython3\django\Lib\site-packages\django\db\migrations\operations\models.py first seen with mtime 1773145196.125113
File C:\mypython3\django\Lib\site-packages\django\core\checks\compatibility\__init__.py first seen with mtime 1773145196.0000894
File C:\mypython3\django\Lib\site-packages\django\urls\__init__.py first seen with mtime 1773145196.2758312
File C:\mypython3\django\Lib\site-packages\django\contrib\admin\__init__.py first seen with mtime 1773145193.4930222
File C:\Users\user\AppData\Local\Programs\Python\Python312\Lib\importlib\_abc.py first seen with mtime 1738656312.0
File C:\mypython3\django\Lib\site-packages\django\core\mail\utils.py first seen with mtime 1773145196.0191846
File C:\mypython3\django\Lib\site-packages\django\contrib\contenttypes\__init__.py first seen with mtime 1773145194.411154
File C:\mypython3\django\Lib\site-packages\django\contrib\admin\apps.py first seen with mtime 1773145193.4951673
File C:\mypython3\django\Lib\site-packages\django\contrib\auth\admin.py first seen with mtime 1773145194.2009065
File C:\mypython3\django\Lib\site-packages\django\db\models\functions\__init__.py first seen with mtime 1773145196.1471357
File C:\mypython3\django\Lib\site-packages\django\core\servers\__init__.py first seen with mtime 1773145196.053576
File C:\Users\user\AppData\Local\Programs\Python\Python312\Lib\calendar.py first seen with mtime 1738656312.0
File C:\mypython3\django\Lib\site-packages\django\contrib\admin\decorators.py first seen with mtime 1773145193.4971223
File C:\Users\user\AppData\Local\Programs\Python\Python312\Lib\asyncio\base_events.py first seen with mtime 1738656312.0
File C:\mypython3\django\Lib\site-packages\django\contrib\staticfiles\__init__.py first seen with mtime 1773145195.966913
File C:\mypython3\django\Lib\site-packages\django\core\mail\__init__.py first seen with mtime 1773145196.0181444
File C:\Users\user\AppData\Local\Programs\Python\Python312\Lib\contextvars.py first seen with mtime 1738656312.0
File C:\mypython3\django\Lib\site-packages\django\views\generic\detail.py first seen with mtime 1773145196.3303373
File C:\Users\user\AppData\Local\Programs\Python\Python312\Lib\difflib.py first seen with mtime 1738656312.0
File C:\mypython3\django\Lib\site-packages\django\utils\regex_helper.py first seen with mtime 1773145196.306123
File C:\Users\user\AppData\Local\Programs\Python\Python312\Lib\copy.py first seen with mtime 1738656312.0
File C:\mypython3\django\Lib\site-packages\django\core\checks\templates.py first seen with mtime 1773145195.9976888
File C:\Users\user\AppData\Local\Programs\Python\Python312\Lib\ctypes\wintypes.py first seen with mtime 1738656312.0
File C:\mypython3\django\Lib\site-packages\django\middleware\__init__.py first seen with mtime 1773145196.2320373
File C:\mypython3\django\Lib\site-packages\django\core\checks\security\base.py first seen with mtime 1773145196.0020945
File C:\Users\user\AppData\Local\Programs\Python\Python312\DLLs\_overlapped.pyd first seen with mtime 1738656366.0
File C:\mypython3\django\Lib\site-packages\django\db\backends\sqlite3\schema.py first seen with mtime 1773145196.113003
File C:\mypython3\django\Lib\site-packages\django\contrib\auth\base_user.py first seen with mtime 1773145194.2031653
File C:\mypython3\django\Lib\site-packages\django\forms\forms.py first seen with mtime 1773145196.1629066
File C:\mypython3\django\Lib\site-packages\django\views\defaults.py first seen with mtime 1773145196.3195925
File C:\mypython3\django\Lib\site-packages\django\utils\cache.py first seen with mtime 1773145196.2874978
File C:\Users\user\AppData\Local\Programs\Python\Python312\Lib\asyncio\constants.py first seen with mtime 1738656312.0
File C:\Users\user\AppData\Local\Programs\Python\Python312\Lib\multiprocessing\process.py first seen with mtime 1738656312.0
File C:\Users\user\AppData\Local\Programs\Python\Python312\Lib\email\_header_value_parser.py first seen with mtime 1738656312.0
File C:\mypython3\django\Lib\site-packages\django\contrib\sessions\models.py first seen with mtime 1773145195.5635092
File C:\Users\user\AppData\Local\Programs\Python\Python312\Lib\logging\config.py first seen with mtime 1738656312.0
File C:\mypython3\django\Lib\site-packages\django\contrib\auth\decorators.py first seen with mtime 1773145194.2058501
File C:\Users\user\AppData\Local\Programs\Python\Python312\Lib\html\entities.py first seen with mtime 1738656312.0
File C:\mypython3\django\Lib\site-packages\django\db\backends\base\introspection.py first seen with mtime 1773145196.0626051
File C:\mypython3\django\Lib\site-packages\django\db\models\manager.py first seen with mtime 1773145196.133716
File C:\mypython3\django\Lib\site-packages\sqlparse\engine\filter_stack.py first seen with mtime 1773145192.8452957
File C:\Users\user\AppData\Local\Programs\Python\Python312\Lib\sqlite3\dbapi2.py first seen with mtime 1738656312.0
File C:\Users\user\AppData\Local\Programs\Python\Python312\Lib\asyncio\runners.py first seen with mtime 1738656312.0
File C:\mypython3\django\Lib\site-packages\django\utils\dates.py first seen with mtime 1773145196.292947
File C:\mypython3\django\Lib\site-packages\django\db\migrations\utils.py first seen with mtime 1773145196.1221051
File C:\Users\user\AppData\Local\Programs\Python\Python312\Lib\email\mime\message.py first seen with mtime 1738656312.0
File C:\Users\user\AppData\Local\Programs\Python\Python312\Lib\pathlib.py first seen with mtime 1738656312.0
File C:\mypython3\django\Lib\site-packages\django\contrib\contenttypes\management\__init__.py first seen with mtime 1773145194.610613
File C:\mypython3\django\Lib\site-packages\django\utils\deprecation.py first seen with mtime 1773145196.2951896
File C:\mypython3\django\Lib\site-packages\django\template\loaders\filesystem.py first seen with mtime 1773145196.2629397
File C:\mypython3\django\Lib\site-packages\django\db\models\fields\composite.py first seen with mtime 1773145196.1388083
File C:\mypython3\django\Lib\site-packages\django\utils\numberformat.py first seen with mtime 1773145196.306123
File C:\mypython3\django\Lib\site-packages\django\db\models\indexes.py first seen with mtime 1773145196.132712
File C:\mypython3\django\Lib\site-packages\django\db\models\functions\datetime.py first seen with mtime 1773145196.14814
File C:\mypython3\django\Lib\site-packages\django\utils\translation\trans_real.py first seen with mtime 1773145196.3164568
File C:\mypython3\django\Lib\site-packages\django\views\generic\edit.py first seen with mtime 1773145196.3316674
File C:\mypython3\django\Lib\site-packages\django\contrib\contenttypes\admin.py first seen with mtime 1773145194.411154
File C:\mypython3\django\Lib\site-packages\django\urls\exceptions.py first seen with mtime 1773145196.2792509
File C:\mypython3\django\Lib\site-packages\django\template\loaders\cached.py first seen with mtime 1773145196.2619398
File C:\mypython3\django\Lib\site-packages\django\contrib\auth\__init__.py first seen with mtime 1773145194.2009065
File C:\Users\user\AppData\Local\Programs\Python\Python312\Lib\encodings\utf_8.py first seen with mtime 1738656312.0
File C:\mypython3\django\Lib\site-packages\django\contrib\admin\widgets.py first seen with mtime 1773145193.5056791
File C:\mypython3\django\Lib\site-packages\django\contrib\contenttypes\fields.py first seen with mtime 1773145194.4131591
File C:\mypython3\django\Lib\site-packages\django\db\models\sql\__init__.py first seen with mtime 1773145196.152493
File C:\mypython3\django\Lib\site-packages\django\contrib\messages\__init__.py first seen with mtime 1773145195.2094755
File C:\Users\user\AppData\Local\Programs\Python\Python312\Lib\threading.py first seen with mtime 1738656314.0
File C:\mypython3\django\Lib\site-packages\django\contrib\admin\templatetags\admin_urls.py first seen with mtime 1773145193.9976585
File C:\Users\user\AppData\Local\Programs\Python\Python312\Lib\http\client.py first seen with mtime 1738656312.0
File C:\mypython3\django\Lib\site-packages\django\views\i18n.py first seen with mtime 1773145196.3195925
File C:\mypython3\django\Lib\site-packages\django\forms\widgets.py first seen with mtime 1773145196.1669354
File C:\mypython3\django\Lib\site-packages\django\template\backends\__init__.py first seen with mtime 1773145196.2559953
File C:\Users\user\AppData\Local\Programs\Python\Python312\Lib\email\iterators.py first seen with mtime 1738656312.0
File C:\Users\user\AppData\Local\Programs\Python\Python312\Lib\email\feedparser.py first seen with mtime 1738656312.0
File C:\mypython3\django\Lib\site-packages\asgiref\sync.py first seen with mtime 1773145192.946536
File C:\Users\user\AppData\Local\Programs\Python\Python312\Lib\asyncio\base_futures.py first seen with mtime 1738656312.0
File C:\mypython3\django\Lib\site-packages\django\views\decorators\common.py first seen with mtime 1773145196.3230605
File C:\mypython3\django\Lib\site-packages\_virtualenv.py first seen with mtime 1773145102.794879
File C:\Users\user\AppData\Local\Programs\Python\Python312\Lib\dis.py first seen with mtime 1738656312.0
File C:\mypython3\django\Lib\site-packages\django\conf\global_settings.py first seen with mtime 1773145193.0678706
File C:\Users\user\AppData\Local\Programs\Python\Python312\Lib\asyncio\windows_events.py first seen with mtime 1738656312.0
File C:\mypython3\django\Lib\site-packages\django\core\cache\__init__.py first seen with mtime 1773145195.9847455
File C:\mypython3\django\Lib\site-packages\django\contrib\sessions\backends\__init__.py first seen with mtime 1773145195.5645118
File C:\Users\user\AppData\Local\Programs\Python\Python312\Lib\email\base64mime.py first seen with mtime 1738656312.0
File C:\mypython3\django\Lib\site-packages\django\templatetags\__init__.py first seen with mtime 1773145196.2641056
File C:\mypython3\django\Lib\site-packages\django\core\files\move.py first seen with mtime 1773145196.0071077
File C:\Users\user\AppData\Local\Programs\Python\Python312\Lib\ssl.py first seen with mtime 1738656312.0
File C:\mypython3\django\Lib\site-packages\django\db\models\fields\generated.py first seen with mtime 1773145196.1398132
File C:\Users\user\AppData\Local\Programs\Python\Python312\Lib\tempfile.py first seen with mtime 1738656312.0
File C:\Users\user\AppData\Local\Programs\Python\Python312\Lib\nturl2path.py first seen with mtime 1738656312.0
File C:\Users\user\AppData\Local\Programs\Python\Python312\Lib\glob.py first seen with mtime 1738656312.0
File C:\mypython3\django\Lib\site-packages\django\contrib\staticfiles\handlers.py first seen with mtime 1773145195.9689355
File C:\mypython3\django\Lib\site-packages\django\template\base.py first seen with mtime 1773145196.2468977
File C:\mypython3\django\Lib\site-packages\django\core\serializers\json.py first seen with mtime 1773145196.0503986
File C:\Users\user\AppData\Local\Programs\Python\Python312\Lib\typing.py first seen with mtime 1738656314.0
File C:\mypython3\django\Lib\site-packages\django\core\checks\messages.py first seen with mtime 1773145195.996686
File C:\mypython3\django\Lib\site-packages\django\views\generic\__init__.py first seen with mtime 1773145196.3288577
File C:\mypython3\django\Lib\site-packages\django\db\models\functions\json.py first seen with mtime 1773145196.14814
File C:\mypython3\django\Lib\site-packages\django\db\models\options.py first seen with mtime 1773145196.1347816
File C:\mypython3\django\Lib\site-packages\django\db\utils.py first seen with mtime 1773145196.0555813
File C:\Users\user\AppData\Local\Programs\Python\Python312\Lib\email\mime\__init__.py first seen with mtime 1738656312.0
File C:\mypython3\django\Lib\site-packages\django\urls\resolvers.py first seen with mtime 1773145196.2802548
File C:\mypython3\django\Scripts\hello_django\hello_django\settings.py first seen with mtime 1773210093.7927594
File C:\Users\user\AppData\Local\Programs\Python\Python312\Lib\re\_compiler.py first seen with mtime 1738656312.0
File C:\mypython3\django\Lib\site-packages\django\contrib\staticfiles\utils.py first seen with mtime 1773145195.9714255
File C:\Users\user\AppData\Local\Programs\Python\Python312\Lib\keyword.py first seen with mtime 1738656312.0
File C:\Users\user\AppData\Local\Programs\Python\Python312\Lib\wsgiref\simple_server.py first seen with mtime 1738656314.0
File C:\mypython3\django\Lib\site-packages\django\contrib\staticfiles\checks.py first seen with mtime 1773145195.9679174
File C:\mypython3\django\Lib\site-packages\django\db\models\functions\comparison.py first seen with mtime 1773145196.14814
File C:\mypython3\django\Lib\site-packages\django\utils\_os.py first seen with mtime 1773145196.2823725
File C:\mypython3\django\Lib\site-packages\django\core\handlers\asgi.py first seen with mtime 1773145196.0159414
File C:\mypython3\django\Lib\site-packages\django\forms\fields.py first seen with mtime 1773145196.1619065
File C:\Users\user\AppData\Local\Programs\Python\Python312\Lib\encodings\aliases.py first seen with mtime 1738656312.0
File C:\mypython3\django\Lib\site-packages\django\core\paginator.py first seen with mtime 1773145195.9806347
File C:\Users\user\AppData\Local\Programs\Python\Python312\DLLs\_decimal.pyd first seen with mtime 1738656366.0
File C:\Users\user\AppData\Local\Programs\Python\Python312\Lib\concurrent\__init__.py first seen with mtime 1738656312.0
File C:\mypython3\django\Lib\site-packages\django\contrib\sessions\base_session.py first seen with mtime 1773145195.561499
File C:\Users\user\AppData\Local\Programs\Python\Python312\Lib\asyncio\trsock.py first seen with mtime 1738656312.0
File C:\mypython3\django\Lib\site-packages\django\db\migrations\operations\fields.py first seen with mtime 1773145196.125113
File C:\Users\user\AppData\Local\Programs\Python\Python312\Lib\contextlib.py first seen with mtime 1738656312.0
File C:\Users\user\AppData\Local\Programs\Python\Python312\Lib\urllib\__init__.py first seen with mtime 1738656314.0
File C:\mypython3\django\Lib\site-packages\django\utils\dateformat.py first seen with mtime 1773145196.2914486
File C:\mypython3\django\Lib\site-packages\django\contrib\contenttypes\checks.py first seen with mtime 1773145194.4121568
File C:\mypython3\django\Lib\site-packages\django\contrib\admin\sites.py first seen with mtime 1773145193.5029588
File C:\mypython3\django\Lib\site-packages\django\core\handlers\base.py first seen with mtime 1773145196.0159414
File C:\Users\user\AppData\Local\Programs\Python\Python312\DLLs\_bz2.pyd first seen with mtime 1738656366.0
File C:\mypython3\django\Lib\site-packages\django\utils\module_loading.py first seen with mtime 1773145196.3050413
File C:\mypython3\django\Lib\site-packages\sqlparse\engine\grouping.py first seen with mtime 1773145192.8464475
File C:\mypython3\django\Lib\site-packages\django\contrib\contenttypes\views.py first seen with mtime 1773145194.415163
File C:\mypython3\django\Lib\site-packages\django\db\migrations\exceptions.py first seen with mtime 1773145196.1150866
File C:\mypython3\django\Lib\site-packages\django\core\files\storage\__init__.py first seen with mtime 1773145196.0107872
File C:\mypython3\django\Lib\site-packages\django\views\decorators\debug.py first seen with mtime 1773145196.325538
File C:\Users\user\AppData\Local\Programs\Python\Python312\Lib\email\mime\nonmultipart.py first seen with mtime 1738656312.0
File C:\mypython3\django\Lib\site-packages\django\db\migrations\operations\special.py first seen with mtime 1773145196.1261158
File C:\mypython3\django\Lib\site-packages\django\template\exceptions.py first seen with mtime 1773145196.2509928
File C:\mypython3\django\Lib\site-packages\django\core\__init__.py first seen with mtime 1773145195.978595
File C:\Users\user\AppData\Local\Programs\Python\Python312\Lib\signal.py first seen with mtime 1738656312.0
File C:\Users\user\AppData\Local\Programs\Python\Python312\Lib\asyncio\__init__.py first seen with mtime 1738656312.0
File C:\mypython3\django\Lib\site-packages\django\core\validators.py first seen with mtime 1773145195.9827394
File C:\mypython3\django\Lib\site-packages\django\contrib\staticfiles\management\commands\__init__.py first seen with mtime 1773145195.9739394
File C:\Users\user\AppData\Local\Programs\Python\Python312\Lib\wsgiref\headers.py first seen with mtime 1738656314.0
File C:\mypython3\django\Lib\site-packages\django\db\models\fields\proxy.py first seen with mtime 1773145196.1428242
File C:\mypython3\django\Lib\site-packages\django\db\models\fields\related_lookups.py first seen with mtime 1773145196.1449113
File C:\mypython3\django\Lib\site-packages\sqlparse\filters\reindent.py first seen with mtime 1773145192.8509643
File C:\Users\user\AppData\Local\Programs\Python\Python312\Lib\asyncio\futures.py first seen with mtime 1738656312.0
File C:\mypython3\django\Lib\site-packages\django\utils\encoding.py first seen with mtime 1773145196.2962735
File C:\mypython3\django\Lib\site-packages\django\contrib\admin\filters.py first seen with mtime 1773145193.498147
File C:\mypython3\django\Lib\site-packages\django\http\response.py first seen with mtime 1773145196.2320373
File C:\mypython3\django\Lib\site-packages\django\db\backends\sqlite3\base.py first seen with mtime 1773145196.1074038
File C:\Users\user\AppData\Local\Programs\Python\Python312\Lib\reprlib.py first seen with mtime 1738656312.0
File C:\Users\user\AppData\Local\Programs\Python\Python312\Lib\selectors.py first seen with mtime 1738656312.0
File C:\mypython3\django\Lib\site-packages\django\template\loaders\app_directories.py first seen with mtime 1773145196.2604578
File C:\mypython3\django\Scripts\hello_django\myhello\models.py first seen with mtime 1773209089.9959147
File C:\mypython3\django\Lib\site-packages\django\contrib\admin\options.py first seen with mtime 1773145193.5018322
File C:\mypython3\django\Lib\site-packages\django\utils\autoreload.py first seen with mtime 1773145196.2862146
File C:\Users\user\AppData\Local\Programs\Python\Python312\Lib\json\scanner.py first seen with mtime 1738656312.0
File C:\mypython3\django\Lib\site-packages\django\core\cache\utils.py first seen with mtime 1773145195.9857483
File C:\mypython3\django\Lib\site-packages\django\contrib\auth\password_validation.py first seen with mtime 1773145194.2097628
File C:\mypython3\django\Scripts\hello_django\myhello\urls.py first seen with mtime 1773210372.6971161
File C:\mypython3\django\Lib\site-packages\django\contrib\admin\templatetags\base.py first seen with mtime 1773145193.9981663
File C:\mypython3\django\Lib\site-packages\django\core\servers\basehttp.py first seen with mtime 1773145196.053576
File C:\mypython3\django\Lib\site-packages\django\core\checks\commands.py first seen with mtime 1773145195.9946108
File C:\mypython3\django\Lib\site-packages\django\utils\deconstruct.py first seen with mtime 1773145196.2939546
File C:\mypython3\django\Lib\site-packages\django\contrib\admin\views\__init__.py first seen with mtime 1773145193.999184
File C:\Users\user\AppData\Local\Programs\Python\Python312\Lib\email\mime\base.py first seen with mtime 1738656312.0
File C:\mypython3\django\Lib\site-packages\django\utils\formats.py first seen with mtime 1773145196.297287
File C:\mypython3\django\Lib\site-packages\django\apps\registry.py first seen with mtime 1773145193.0654418
File C:\mypython3\django\Lib\site-packages\django\db\models\fields\files.py first seen with mtime 1773145196.1398132
File C:\mypython3\django\Lib\site-packages\django\urls\conf.py first seen with mtime 1773145196.2778685
File C:\Users\user\AppData\Local\Programs\Python\Python312\Lib\_weakrefset.py first seen with mtime 1738656312.0
File C:\Users\user\AppData\Local\Programs\Python\Python312\Lib\shutil.py first seen with mtime 1738656312.0
File C:\mypython3\django\Lib\site-packages\sqlparse\filters\tokens.py first seen with mtime 1773145192.8523216
File C:\Users\user\AppData\Local\Programs\Python\Python312\Lib\urllib\parse.py first seen with mtime 1738656314.0
File C:\mypython3\django\Lib\site-packages\django\urls\utils.py first seen with mtime 1773145196.2802548
File C:\mypython3\django\Lib\site-packages\sqlparse\filters\aligned_indent.py first seen with mtime 1773145192.848455
File C:\mypython3\django\Lib\site-packages\django\contrib\auth\signals.py first seen with mtime 1773145194.2097628
File C:\mypython3\django\Lib\site-packages\django\core\signals.py first seen with mtime 1773145195.9817367
File C:\Users\user\AppData\Local\Programs\Python\Python312\Lib\platform.py first seen with mtime 1738656312.0
File C:\Users\user\AppData\Local\Programs\Python\Python312\Lib\asyncio\coroutines.py first seen with mtime 1738656312.0
File C:\mypython3\django\Lib\site-packages\django\db\models\query.py first seen with mtime 1773145196.1357875
File C:\Users\user\AppData\Local\Programs\Python\Python312\Lib\wsgiref\handlers.py first seen with mtime 1738656314.0
File C:\Users\user\AppData\Local\Programs\Python\Python312\Lib\queue.py first seen with mtime 1738656312.0
File C:\mypython3\django\Lib\site-packages\django\contrib\staticfiles\finders.py first seen with mtime 1773145195.9689355
File C:\mypython3\django\Lib\site-packages\django\core\files\base.py first seen with mtime 1773145196.0051029
File C:\mypython3\django\Lib\site-packages\django\contrib\auth\backends.py first seen with mtime 1773145194.202163
File C:\Users\user\AppData\Local\Programs\Python\Python312\Lib\logging\handlers.py first seen with mtime 1738656312.0
File C:\Users\user\AppData\Local\Programs\Python\Python312\Lib\hashlib.py first seen with mtime 1738656312.0
File C:\mypython3\django\Lib\site-packages\django\contrib\admin\helpers.py first seen with mtime 1773145193.4997232
File C:\mypython3\django\Lib\site-packages\django\middleware\security.py first seen with mtime 1773145196.2384107
File C:\mypython3\django\Lib\site-packages\django\contrib\staticfiles\management\__init__.py first seen with mtime 1773145195.972909
File C:\mypython3\django\Lib\site-packages\django\db\backends\__init__.py first seen with mtime 1773145196.056584
File C:\mypython3\django\Lib\site-packages\django\template\utils.py first seen with mtime 1773145196.2546358
File C:\Users\user\AppData\Local\Programs\Python\Python312\Lib\asyncio\queues.py first seen with mtime 1738656312.0
File C:\mypython3\django\Lib\site-packages\django\core\files\utils.py first seen with mtime 1773145196.00958
File C:\mypython3\django\Lib\site-packages\django\core\management\color.py first seen with mtime 1773145196.0270288
File C:\mypython3\django\Lib\site-packages\django\templatetags\cache.py first seen with mtime 1773145196.2654092
File C:\Users\user\AppData\Local\Programs\Python\Python312\Lib\lzma.py first seen with mtime 1738656312.0
File C:\Users\user\AppData\Local\Programs\Python\Python312\Lib\secrets.py first seen with mtime 1738656312.0
File C:\Users\user\AppData\Local\Programs\Python\Python312\DLLs\_zoneinfo.pyd first seen with mtime 1738656366.0
File C:\Users\user\AppData\Local\Programs\Python\Python312\Lib\graphlib.py first seen with mtime 1738656312.0
File C:\mypython3\django\Lib\site-packages\django\core\handlers\__init__.py first seen with mtime 1773145196.0148456
File C:\mypython3\django\Lib\site-packages\django\contrib\auth\validators.py first seen with mtime 1773145194.211765
File C:\Users\user\AppData\Local\Programs\Python\Python312\Lib\html\parser.py first seen with mtime 1738656312.0
File C:\Users\user\AppData\Local\Programs\Python\Python312\Lib\asyncio\protocols.py first seen with mtime 1738656312.0
File C:\Users\user\AppData\Local\Programs\Python\Python312\Lib\linecache.py first seen with mtime 1738656312.0
File C:\Users\user\AppData\Local\Programs\Python\Python312\Lib\ctypes\_endian.py first seen with mtime 1738656312.0
File C:\mypython3\django\Lib\site-packages\django\template\defaultfilters.py first seen with mtime 1773145196.2489684
File C:\mypython3\django\Lib\site-packages\django\middleware\csrf.py first seen with mtime 1773145196.236068
File C:\Users\user\AppData\Local\Programs\Python\Python312\Lib\asyncio\locks.py first seen with mtime 1738656312.0
File C:\Users\user\AppData\Local\Programs\Python\Python312\Lib\pickle.py first seen with mtime 1738656312.0
File C:\mypython3\django\Lib\site-packages\django\contrib\staticfiles\apps.py first seen with mtime 1773145195.966913
File C:\mypython3\django\Lib\site-packages\django\middleware\cache.py first seen with mtime 1773145196.2330432
File C:\mypython3\django\Lib\site-packages\django\utils\hashable.py first seen with mtime 1773145196.2994263
File C:\mypython3\django\Lib\site-packages\django\contrib\admin\templatetags\log.py first seen with mtime 1773145193.999184
File C:\Users\user\AppData\Local\Programs\Python\Python312\Lib\email\_parseaddr.py first seen with mtime 1738656312.0
File C:\mypython3\django\Lib\site-packages\django\core\files\storage\memory.py first seen with mtime 1773145196.0128129
File C:\Users\user\AppData\Local\Programs\Python\Python312\Lib\re\_casefix.py first seen with mtime 1738656312.0
File C:\Users\user\AppData\Local\Programs\Python\Python312\Lib\asyncio\timeouts.py first seen with mtime 1738656312.0
File C:\mypython3\django\Lib\site-packages\django\conf\__init__.py first seen with mtime 1773145193.0665152
File C:\Users\user\AppData\Local\Programs\Python\Python312\Lib\asyncio\streams.py first seen with mtime 1738656312.0
File C:\mypython3\django\Lib\site-packages\django\db\models\query_utils.py first seen with mtime 1773145196.1357875
File C:\mypython3\django\Lib\site-packages\django\template\loaders\__init__.py first seen with mtime 1773145196.2604578
File C:\Users\user\AppData\Local\Programs\Python\Python312\Lib\email\contentmanager.py first seen with mtime 1738656312.0
File C:\mypython3\django\Lib\site-packages\django\db\models\functions\math.py first seen with mtime 1773145196.1494844
File C:\mypython3\django\Lib\site-packages\django\core\files\images.py first seen with mtime 1773145196.006105
File C:\Users\user\AppData\Local\Programs\Python\Python312\Lib\subprocess.py first seen with mtime 1738656312.0
File C:\mypython3\django\Lib\site-packages\django\conf\urls\__init__.py first seen with mtime 1773145193.4895015
File C:\mypython3\django\Lib\site-packages\django\core\handlers\exception.py first seen with mtime 1773145196.0171359
File C:\mypython3\django\Lib\site-packages\sqlparse\exceptions.py first seen with mtime 1773145192.8387983
File C:\mypython3\django\Lib\site-packages\django\template\loaders\base.py first seen with mtime 1773145196.2619398
File C:\mypython3\django\Lib\site-packages\django\contrib\auth\templatetags\auth.py first seen with mtime 1773145194.4101508
File C:\mypython3\django\Lib\site-packages\django\http\request.py first seen with mtime 1773145196.231031
File C:\Users\user\AppData\Local\Programs\Python\Python312\DLLs\_socket.pyd first seen with mtime 1738656366.0
File C:\mypython3\django\Lib\site-packages\django\utils\duration.py first seen with mtime 1773145196.2962735
File C:\mypython3\django\Lib\site-packages\django\db\backends\base\operations.py first seen with mtime 1773145196.0636237
File C:\Users\user\AppData\Local\Programs\Python\Python312\Lib\opcode.py first seen with mtime 1738656312.0
File C:\Users\user\AppData\Local\Programs\Python\Python312\Lib\heapq.py first seen with mtime 1738656312.0
File C:\mypython3\django\Lib\site-packages\django\core\cache\backends\__init__.py first seen with mtime 1773145195.9857483
File C:\Users\user\AppData\Local\Programs\Python\Python312\Lib\json\encoder.py first seen with mtime 1738656312.0
File C:\mypython3\django\Lib\site-packages\django\db\models\functions\window.py first seen with mtime 1773145196.15149
File C:\Users\user\AppData\Local\Programs\Python\Python312\Lib\email\quoprimime.py first seen with mtime 1738656312.0
File C:\Users\user\AppData\Local\Programs\Python\Python312\Lib\email\mime\multipart.py first seen with mtime 1738656312.0
File C:\mypython3\django\Lib\site-packages\django\contrib\auth\templatetags\__init__.py first seen with mtime 1773145194.4091442
File C:\mypython3\django\Lib\site-packages\django\contrib\auth\management\__init__.py first seen with mtime 1773145194.3959832
File C:\mypython3\django\Lib\site-packages\sqlparse\lexer.py first seen with mtime 1773145192.8408105
File C:\mypython3\django\Lib\site-packages\django\db\backends\sqlite3\creation.py first seen with mtime 1773145196.1094236
File C:\mypython3\django\Lib\site-packages\django\dispatch\dispatcher.py first seen with mtime 1773145196.1588857
File C:\Users\user\AppData\Local\Programs\Python\Python312\Lib\ipaddress.py first seen with mtime 1738656312.0
File C:\Users\user\AppData\Local\Programs\Python\Python312\DLLs\unicodedata.pyd first seen with mtime 1738656366.0
File C:\mypython3\django\Lib\site-packages\django\contrib\auth\checks.py first seen with mtime 1773145194.2036693
File C:\mypython3\django\Scripts\hello_django\manage.py first seen with mtime 1773146754.8730004
File C:\Users\user\AppData\Local\Programs\Python\Python312\Lib\argparse.py first seen with mtime 1738656312.0
File C:\Users\user\AppData\Local\Programs\Python\Python312\Lib\_compression.py first seen with mtime 1738656312.0
File C:\mypython3\django\Lib\site-packages\django\db\backends\sqlite3\introspection.py first seen with mtime 1773145196.110429
File C:\mypython3\django\Lib\site-packages\django\utils\decorators.py first seen with mtime 1773145196.2951896
File C:\mypython3\django\Lib\site-packages\asgiref\__init__.py first seen with mtime 1773145192.9425004
File C:\Users\user\AppData\Local\Programs\Python\Python312\Lib\encodings\utf_8_sig.py first seen with mtime 1738656312.0
File C:\mypython3\django\Lib\site-packages\sqlparse\filters\right_margin.py first seen with mtime 1773145192.8509643
File C:\Users\user\AppData\Local\Programs\Python\Python312\Lib\asyncio\exceptions.py first seen with mtime 1738656312.0
File C:\mypython3\django\Lib\site-packages\django\db\models\constraints.py first seen with mtime 1773145196.130504
File C:\mypython3\django\Lib\site-packages\django\contrib\messages\storage\__init__.py first seen with mtime 1773145195.2149706
File C:\mypython3\django\Lib\site-packages\django\utils\translation\__init__.py first seen with mtime 1773145196.3137293
File C:\mypython3\django\Lib\site-packages\django\http\cookie.py first seen with mtime 1773145196.2290022
File C:\Users\user\AppData\Local\Programs\Python\Python312\Lib\__future__.py first seen with mtime 1738656312.0
File C:\Users\user\AppData\Local\Programs\Python\Python312\DLLs\_asyncio.pyd first seen with mtime 1738656366.0
File C:\mypython3\django\Lib\site-packages\django\contrib\messages\utils.py first seen with mtime 1773145195.2139518
File C:\mypython3\django\Lib\site-packages\django\db\backends\sqlite3\__init__.py first seen with mtime 1773145196.1062877
File C:\mypython3\django\Lib\site-packages\django\db\models\constants.py first seen with mtime 1773145196.1291237
File C:\mypython3\django\Lib\site-packages\django\db\migrations\operations\__init__.py first seen with mtime 1773145196.1231077
File C:\mypython3\django\Lib\site-packages\django\template\response.py first seen with mtime 1773145196.2546358
File C:\mypython3\django\Lib\site-packages\django\utils\tree.py first seen with mtime 1773145196.3107
File C:\mypython3\django\Lib\site-packages\django\core\checks\files.py first seen with mtime 1773145195.9956176
File C:\mypython3\django\Lib\site-packages\django\template\engine.py first seen with mtime 1773145196.2499743
File C:\mypython3\django\Lib\site-packages\django\views\decorators\cache.py first seen with mtime 1773145196.3217947
File C:\Users\user\AppData\Local\Programs\Python\Python312\Lib\multiprocessing\__init__.py first seen with mtime 1738656312.0
File C:\mypython3\django\Lib\site-packages\django\db\models\__init__.py first seen with mtime 1773145196.127118
File C:\Users\user\AppData\Local\Programs\Python\Python312\Lib\json\decoder.py first seen with mtime 1738656312.0
File C:\mypython3\django\Lib\site-packages\django\contrib\admin\checks.py first seen with mtime 1773145193.4961762
File C:\mypython3\django\Lib\site-packages\django\db\migrations\executor.py first seen with mtime 1773145196.116089
File C:\mypython3\django\Lib\site-packages\django\contrib\admin\migrations\0001_initial.py first seen with mtime 1773145193.8655589
File C:\Users\user\AppData\Local\Programs\Python\Python312\Lib\stringprep.py first seen with mtime 1738656312.0
File C:\mypython3\django\Lib\site-packages\django\contrib\sessions\backends\base.py first seen with mtime 1773145195.5655143
File C:\mypython3\django\Lib\site-packages\django\db\migrations\optimizer.py first seen with mtime 1773145196.1180944
File C:\mypython3\django\Lib\site-packages\django\db\migrations\writer.py first seen with mtime 1773145196.1221051
File C:\mypython3\django\Lib\site-packages\django\contrib\auth\migrations\0006_require_contenttypes_0002.py first seen with mtime 1773145194.402981
File C:\mypython3\django\Lib\site-packages\django\db\migrations\loader.py first seen with mtime 1773145196.117092
File C:\mypython3\django\Lib\site-packages\django\contrib\auth\migrations\0011_update_proxy_permissions.py first seen with mtime 1773145194.406077
File C:\mypython3\django\Lib\site-packages\django\db\migrations\serializer.py first seen with mtime 1773145196.1201
File C:\mypython3\django\Lib\site-packages\django\middleware\common.py first seen with mtime 1773145196.2340477
File C:\mypython3\django\Lib\site-packages\django\contrib\messages\middleware.py first seen with mtime 1773145195.212948
File C:\mypython3\django\Lib\site-packages\django\contrib\auth\migrations\0010_alter_group_name_max_length.py first seen with mtime 1773145194.4049964
File C:\mypython3\django\Lib\site-packages\django\contrib\auth\migrations\0003_alter_user_email_max_length.py first seen with mtime 1773145194.4016032
File C:\mypython3\django\Scripts\hello_django\myhello\migrations\__init__.py first seen with mtime 1773209090.0023472
File C:\mypython3\django\Lib\site-packages\django\core\cache\backends\locmem.py first seen with mtime 1773145195.9901798
File C:\mypython3\django\Lib\site-packages\django\db\migrations\autodetector.py first seen with mtime 1773145196.1140866
File C:\mypython3\django\Lib\site-packages\django\contrib\admin\migrations\0002_logentry_remove_auto_add.py first seen with mtime 1773145193.8655589
File C:\mypython3\django\Lib\site-packages\django\contrib\auth\migrations\0012_alter_user_first_name_max_length.py first seen with mtime 1773145194.406077
File C:\mypython3\django\Lib\site-packages\django\contrib\sessions\migrations\__init__.py first seen with mtime 1773145195.7615552
File C:\mypython3\django\Lib\site-packages\django\contrib\auth\migrations\0005_alter_user_last_login_null.py first seen with mtime 1773145194.4016032
File C:\mypython3\django\Lib\site-packages\django\views\csrf.py first seen with mtime 1773145196.31751
File C:\mypython3\django\Scripts\hello_django\hello_django\wsgi.py first seen with mtime 1773146754.8780456
File C:\mypython3\django\Lib\site-packages\django\db\migrations\recorder.py first seen with mtime 1773145196.1201
File C:\mypython3\django\Lib\site-packages\django\contrib\auth\migrations\0008_alter_user_username_max_length.py first seen with mtime 1773145194.403992
File C:\mypython3\django\Lib\site-packages\django\contrib\admin\migrations\__init__.py first seen with mtime 1773145193.8665588
File C:\mypython3\django\Lib\site-packages\django\db\migrations\questioner.py first seen with mtime 1773145196.119097
File C:\mypython3\django\Lib\site-packages\django\contrib\contenttypes\migrations\0001_initial.py first seen with mtime 1773145194.6132505
File C:\mypython3\django\Lib\site-packages\django\core\management\sql.py first seen with mtime 1773145196.0280325
File C:\mypython3\django\Lib\site-packages\django\core\management\utils.py first seen with mtime 1773145196.0292833
File C:\mypython3\django\Lib\site-packages\django\contrib\contenttypes\migrations\__init__.py first seen with mtime 1773145194.6132505
File C:\mypython3\django\Lib\site-packages\django\contrib\auth\migrations\__init__.py first seen with mtime 1773145194.406077
File C:\mypython3\django\Lib\site-packages\django\contrib\sessions\exceptions.py first seen with mtime 1773145195.561499
File C:\mypython3\django\Lib\site-packages\django\contrib\auth\migrations\0004_alter_user_username_opts.py first seen with mtime 1773145194.4016032
File C:\mypython3\django\Lib\site-packages\django\contrib\sessions\migrations\0001_initial.py first seen with mtime 1773145195.7615552
File C:\mypython3\django\Lib\site-packages\django\contrib\auth\migrations\0009_alter_user_last_name_max_length.py first seen with mtime 1773145194.403992
File C:\mypython3\django\Lib\site-packages\django\contrib\admin\migrations\0003_logentry_add_action_flag_choices.py first seen with mtime 1773145193.8665588
File C:\mypython3\django\Lib\site-packages\django\contrib\auth\migrations\0001_initial.py first seen with mtime 1773145194.3994298
File C:\mypython3\django\Lib\site-packages\django\contrib\sessions\backends\db.py first seen with mtime 1773145195.56752
File C:\mypython3\django\Lib\site-packages\django\middleware\clickjacking.py first seen with mtime 1773145196.2330432
File C:\mypython3\django\Lib\site-packages\django\db\migrations\graph.py first seen with mtime 1773145196.116089
File C:\mypython3\django\Lib\site-packages\django\contrib\contenttypes\migrations\0002_remove_content_type_name.py first seen with mtime 1773145194.6132505
File C:\mypython3\django\Lib\site-packages\django\core\management\commands\migrate.py first seen with mtime 1773145196.0391147
File C:\mypython3\django\Lib\site-packages\django\contrib\auth\migrations\0002_alter_permission_name_max_length.py first seen with mtime 1773145194.3994298
File C:\mypython3\django\Lib\site-packages\django\core\management\commands\makemigrations.py first seen with mtime 1773145196.0381
File C:\Users\user\AppData\Local\Programs\Python\Python312\Lib\encodings\idna.py first seen with mtime 1738656312.0
File C:\mypython3\django\Lib\site-packages\django\contrib\auth\migrations\0007_alter_validators_add_error_messages.py first seen with mtime 1773145194.402981
"GET /myhello/?name=2 HTTP/1.1" 200 9
Exception while resolving variable 'name' in template 'unknown'.
Traceback (most recent call last):
  File "C:\mypython3\django\Lib\site-packages\django\core\handlers\exception.py", line 55, in inner
    response = get_response(request)
               ^^^^^^^^^^^^^^^^^^^^^
  File "C:\mypython3\django\Lib\site-packages\django\core\handlers\base.py", line 182, in _get_response
    callback, callback_args, callback_kwargs = self.resolve_request(request)
                                               ^^^^^^^^^^^^^^^^^^^^^^^^^^^^^
  File "C:\mypython3\django\Lib\site-packages\django\core\handlers\base.py", line 314, in resolve_request
    resolver_match = resolver.resolve(request.path_info)
                     ^^^^^^^^^^^^^^^^^^^^^^^^^^^^^^^^^^^
  File "C:\mypython3\django\Lib\site-packages\django\urls\resolvers.py", line 716, in resolve
    raise Resolver404({"tried": tried, "path": new_path})
django.urls.exceptions.Resolver404: {'tried': [[<URLResolver <URLPattern list> (admin:admin) 'admin/'>], [<URLResolver <module 'myhello.urls' from 'C:\\mypython3\\django\\Scripts\\hello_django\\myhello\\urls.py'> (None:None) 'myhello/'>]], 'path': 'favicon.ico'}

During handling of the above exception, another exception occurred:

Traceback (most recent call last):
  File "C:\mypython3\django\Lib\site-packages\django\template\base.py", line 964, in _resolve_lookup
    raise TypeError
TypeError

During handling of the above exception, another exception occurred:

Traceback (most recent call last):
  File "C:\mypython3\django\Lib\site-packages\django\template\base.py", line 976, in _resolve_lookup
    current = getattr(current, bit)
              ^^^^^^^^^^^^^^^^^^^^^
AttributeError: 'URLResolver' object has no attribute 'name'

During handling of the above exception, another exception occurred:

Traceback (most recent call last):
  File "C:\mypython3\django\Lib\site-packages\django\template\base.py", line 982, in _resolve_lookup
    current = current[int(bit)]
                      ^^^^^^^^
ValueError: invalid literal for int() with base 10: 'name'

During handling of the above exception, another exception occurred:

Traceback (most recent call last):
  File "C:\mypython3\django\Lib\site-packages\django\template\base.py", line 989, in _resolve_lookup
    raise VariableDoesNotExist(
django.template.base.VariableDoesNotExist: Failed lookup for key [name] in <URLResolver <URLPattern list> (admin:admin) 'admin/'>
Exception while resolving variable 'name' in template 'unknown'.
Traceback (most recent call last):
  File "C:\mypython3\django\Lib\site-packages\django\core\handlers\exception.py", line 55, in inner
    response = get_response(request)
               ^^^^^^^^^^^^^^^^^^^^^
  File "C:\mypython3\django\Lib\site-packages\django\core\handlers\base.py", line 182, in _get_response
    callback, callback_args, callback_kwargs = self.resolve_request(request)
                                               ^^^^^^^^^^^^^^^^^^^^^^^^^^^^^
  File "C:\mypython3\django\Lib\site-packages\django\core\handlers\base.py", line 314, in resolve_request
    resolver_match = resolver.resolve(request.path_info)
                     ^^^^^^^^^^^^^^^^^^^^^^^^^^^^^^^^^^^
  File "C:\mypython3\django\Lib\site-packages\django\urls\resolvers.py", line 716, in resolve
    raise Resolver404({"tried": tried, "path": new_path})
django.urls.exceptions.Resolver404: {'tried': [[<URLResolver <URLPattern list> (admin:admin) 'admin/'>], [<URLResolver <module 'myhello.urls' from 'C:\\mypython3\\django\\Scripts\\hello_django\\myhello\\urls.py'> (None:None) 'myhello/'>]], 'path': 'favicon.ico'}

During handling of the above exception, another exception occurred:

Traceback (most recent call last):
  File "C:\mypython3\django\Lib\site-packages\django\template\base.py", line 964, in _resolve_lookup
    raise TypeError
TypeError

During handling of the above exception, another exception occurred:

Traceback (most recent call last):
  File "C:\mypython3\django\Lib\site-packages\django\template\base.py", line 976, in _resolve_lookup
    current = getattr(current, bit)
              ^^^^^^^^^^^^^^^^^^^^^
AttributeError: 'URLResolver' object has no attribute 'name'

During handling of the above exception, another exception occurred:

Traceback (most recent call last):
  File "C:\mypython3\django\Lib\site-packages\django\template\base.py", line 982, in _resolve_lookup
    current = current[int(bit)]
                      ^^^^^^^^
ValueError: invalid literal for int() with base 10: 'name'

During handling of the above exception, another exception occurred:

Traceback (most recent call last):
  File "C:\mypython3\django\Lib\site-packages\django\template\base.py", line 989, in _resolve_lookup
    raise VariableDoesNotExist(
django.template.base.VariableDoesNotExist: Failed lookup for key [name] in <URLResolver <module 'myhello.urls' from 'C:\\mypython3\\django\\Scripts\\hello_django\\myhello\\urls.py'> (None:None) 'myhello/'>
Not Found: /favicon.ico
"GET /favicon.ico HTTP/1.1" 404 2365
File C:\Users\user\AppData\Local\Programs\Python\Python312\Lib\encodings\unicode_escape.py first seen with mtime 1738656312.0
File C:\mypython3\django\Lib\site-packages\django\contrib\messages\storage\session.py first seen with mtime 1773145195.2171793
File C:\mypython3\django\Lib\site-packages\django\contrib\messages\storage\fallback.py first seen with mtime 1773145195.2171793
File C:\mypython3\django\Lib\site-packages\django\contrib\messages\storage\cookie.py first seen with mtime 1773145195.216087
File C:\mypython3\django\Lib\site-packages\django\contrib\sessions\serializers.py first seen with mtime 1773145195.5635092
Exception while resolving variable 'name' in template 'unknown'.
Traceback (most recent call last):
  File "C:\mypython3\django\Lib\site-packages\django\core\handlers\exception.py", line 55, in inner
    response = get_response(request)
               ^^^^^^^^^^^^^^^^^^^^^
  File "C:\mypython3\django\Lib\site-packages\django\core\handlers\base.py", line 182, in _get_response
    callback, callback_args, callback_kwargs = self.resolve_request(request)
                                               ^^^^^^^^^^^^^^^^^^^^^^^^^^^^^
  File "C:\mypython3\django\Lib\site-packages\django\core\handlers\base.py", line 314, in resolve_request
    resolver_match = resolver.resolve(request.path_info)
                     ^^^^^^^^^^^^^^^^^^^^^^^^^^^^^^^^^^^
  File "C:\mypython3\django\Lib\site-packages\django\urls\resolvers.py", line 716, in resolve
    raise Resolver404({"tried": tried, "path": new_path})
django.urls.exceptions.Resolver404: {'tried': [[<URLResolver <URLPattern list> (admin:admin) 'admin/'>], [<URLResolver <module 'myhello.urls' from 'C:\\mypython3\\django\\Scripts\\hello_django\\myhello\\urls.py'> (None:None) 'myhello/'>, <URLPattern '' [name='Index']>]], 'path': 'myhello/name=2'}

During handling of the above exception, another exception occurred:

Traceback (most recent call last):
  File "C:\mypython3\django\Lib\site-packages\django\template\base.py", line 964, in _resolve_lookup
    raise TypeError
TypeError

During handling of the above exception, another exception occurred:

Traceback (most recent call last):
  File "C:\mypython3\django\Lib\site-packages\django\template\base.py", line 976, in _resolve_lookup
    current = getattr(current, bit)
              ^^^^^^^^^^^^^^^^^^^^^
AttributeError: 'URLResolver' object has no attribute 'name'

During handling of the above exception, another exception occurred:

Traceback (most recent call last):
  File "C:\mypython3\django\Lib\site-packages\django\template\base.py", line 982, in _resolve_lookup
    current = current[int(bit)]
                      ^^^^^^^^
ValueError: invalid literal for int() with base 10: 'name'

During handling of the above exception, another exception occurred:

Traceback (most recent call last):
  File "C:\mypython3\django\Lib\site-packages\django\template\base.py", line 989, in _resolve_lookup
    raise VariableDoesNotExist(
django.template.base.VariableDoesNotExist: Failed lookup for key [name] in <URLResolver <URLPattern list> (admin:admin) 'admin/'>
Not Found: /myhello/name=2
"GET /myhello/name=2 HTTP/1.1" 404 2480
"GET /myhello/?name==2 HTTP/1.1" 200 9
"GET /myhello/?name=2 HTTP/1.1" 200 9
Watching for file changes with StatReloader
Waiting for apps ready_event.
Apps ready_event triggered. Sending autoreload_started signal.
Watching dir C:\mypython3\django\Scripts\hello_django\locale with glob **/*.mo.
Watching dir C:\mypython3\django\Scripts\hello_django\myhello\locale with glob **/*.mo.
(0.000) 
            SELECT name, type FROM sqlite_master
            WHERE type in ('table', 'view') AND NOT name='sqlite_sequence'
            ORDER BY name; args=None; alias=default
File C:\mypython3\django\Lib\site-packages\django\core\cache\__init__.py first seen with mtime 1773145195.9847455
File C:\mypython3\django\Lib\site-packages\django\contrib\auth\password_validation.py first seen with mtime 1773145194.2097628
File C:\mypython3\django\Lib\site-packages\django\contrib\staticfiles\checks.py first seen with mtime 1773145195.9679174
File C:\Users\user\AppData\Local\Programs\Python\Python312\Lib\email\parser.py first seen with mtime 1738656312.0
File C:\mypython3\django\Lib\site-packages\sqlparse\engine\__init__.py first seen with mtime 1773145192.8452957
File C:\Users\user\AppData\Local\Programs\Python\Python312\Lib\quopri.py first seen with mtime 1738656312.0
File C:\Users\user\AppData\Local\Programs\Python\Python312\Lib\concurrent\futures\thread.py first seen with mtime 1738656312.0
File C:\mypython3\django\Lib\site-packages\django\utils\autoreload.py first seen with mtime 1773145196.2862146
File C:\mypython3\django\Lib\site-packages\django\views\decorators\csp.py first seen with mtime 1773145196.3242855
File C:\mypython3\django\Lib\site-packages\asgiref\current_thread_executor.py first seen with mtime 1773145192.9433763
File C:\Users\user\AppData\Local\Programs\Python\Python312\Lib\email\utils.py first seen with mtime 1738656312.0
File C:\mypython3\django\Lib\site-packages\django\utils\version.py first seen with mtime 1773145196.3117063
File C:\mypython3\django\Lib\site-packages\django\contrib\admin\widgets.py first seen with mtime 1773145193.5056791
File C:\mypython3\django\Lib\site-packages\django\contrib\staticfiles\handlers.py first seen with mtime 1773145195.9689355
File C:\mypython3\django\Lib\site-packages\django\db\models\constraints.py first seen with mtime 1773145196.130504
File C:\Users\user\AppData\Local\Programs\Python\Python312\Lib\secrets.py first seen with mtime 1738656312.0
File C:\mypython3\django\Lib\site-packages\django\contrib\auth\apps.py first seen with mtime 1773145194.202163
File C:\Users\user\AppData\Local\Programs\Python\Python312\Lib\asyncio\timeouts.py first seen with mtime 1738656312.0
File C:\mypython3\django\Lib\site-packages\django\template\loader.py first seen with mtime 1773145196.252318
File C:\mypython3\django\Lib\site-packages\django\utils\regex_helper.py first seen with mtime 1773145196.306123
File C:\mypython3\django\Lib\site-packages\django\contrib\contenttypes\models.py first seen with mtime 1773145194.414056
File C:\mypython3\django\Lib\site-packages\django\contrib\auth\validators.py first seen with mtime 1773145194.211765
File C:\mypython3\django\Lib\site-packages\django\views\generic\list.py first seen with mtime 1773145196.3316674
File C:\Users\user\AppData\Local\Programs\Python\Python312\Lib\http\server.py first seen with mtime 1738656312.0
File C:\Users\user\AppData\Local\Programs\Python\Python312\Lib\email\mime\message.py first seen with mtime 1738656312.0
File C:\mypython3\django\Lib\site-packages\django\db\models\lookups.py first seen with mtime 1773145196.133716
File C:\mypython3\django\Lib\site-packages\django\db\models\functions\window.py first seen with mtime 1773145196.15149
File C:\mypython3\django\Lib\site-packages\django\views\defaults.py first seen with mtime 1773145196.3195925
File C:\mypython3\django\Lib\site-packages\django\templatetags\i18n.py first seen with mtime 1773145196.2654092
File C:\mypython3\django\Lib\site-packages\django\contrib\__init__.py first seen with mtime 1773145193.4910147
File C:\mypython3\django\Lib\site-packages\django\core\checks\registry.py first seen with mtime 1773145195.9976888
File C:\mypython3\django\Lib\site-packages\django\core\files\storage\base.py first seen with mtime 1773145196.0107872
File C:\Users\user\AppData\Local\Programs\Python\Python312\Lib\asyncio\base_tasks.py first seen with mtime 1738656312.0
File C:\mypython3\django\Lib\site-packages\django\views\decorators\common.py first seen with mtime 1773145196.3230605
File C:\mypython3\django\Lib\site-packages\django\contrib\admin\__init__.py first seen with mtime 1773145193.4930222
File C:\mypython3\django\Lib\site-packages\django\contrib\messages\api.py first seen with mtime 1773145195.2104838
File C:\mypython3\django\Lib\site-packages\django\db\migrations\migration.py first seen with mtime 1773145196.1180944
File C:\mypython3\django\Lib\site-packages\django\contrib\staticfiles\apps.py first seen with mtime 1773145195.966913
File C:\mypython3\django\Lib\site-packages\django\template\library.py first seen with mtime 1773145196.252318
File C:\Users\user\AppData\Local\Programs\Python\Python312\DLLs\_bz2.pyd first seen with mtime 1738656366.0
File C:\Users\user\AppData\Local\Programs\Python\Python312\DLLs\_overlapped.pyd first seen with mtime 1738656366.0
File C:\Users\user\AppData\Local\Programs\Python\Python312\Lib\socketserver.py first seen with mtime 1738656312.0
File C:\mypython3\django\Lib\site-packages\django\contrib\messages\constants.py first seen with mtime 1773145195.2114909
File C:\mypython3\django\Lib\site-packages\django\db\models\sql\constants.py first seen with mtime 1773145196.1544979
File C:\mypython3\django\Lib\site-packages\django\middleware\cache.py first seen with mtime 1773145196.2330432
File C:\Users\user\AppData\Local\Programs\Python\Python312\Lib\re\_casefix.py first seen with mtime 1738656312.0
File C:\Users\user\AppData\Local\Programs\Python\Python312\Lib\re\_compiler.py first seen with mtime 1738656312.0
File C:\mypython3\django\Lib\site-packages\django\forms\forms.py first seen with mtime 1773145196.1629066
File C:\Users\user\AppData\Local\Programs\Python\Python312\Lib\email\feedparser.py first seen with mtime 1738656312.0
File C:\mypython3\django\Lib\site-packages\sqlparse\exceptions.py first seen with mtime 1773145192.8387983
File C:\mypython3\django\Lib\site-packages\django\core\paginator.py first seen with mtime 1773145195.9806347
File C:\Users\user\AppData\Local\Programs\Python\Python312\Lib\html\__init__.py first seen with mtime 1738656312.0
File C:\Users\user\AppData\Local\Programs\Python\Python312\Lib\platform.py first seen with mtime 1738656312.0
File C:\mypython3\django\Lib\site-packages\django\templatetags\cache.py first seen with mtime 1773145196.2654092
File C:\mypython3\django\Lib\site-packages\django\utils\encoding.py first seen with mtime 1773145196.2962735
File C:\mypython3\django\Lib\site-packages\django\contrib\auth\models.py first seen with mtime 1773145194.209344
File C:\Users\user\AppData\Local\Programs\Python\Python312\Lib\asyncio\subprocess.py first seen with mtime 1738656312.0
File C:\mypython3\django\Lib\site-packages\django\db\backends\sqlite3\schema.py first seen with mtime 1773145196.113003
File C:\Users\user\AppData\Local\Programs\Python\Python312\DLLs\_socket.pyd first seen with mtime 1738656366.0
File C:\mypython3\django\Lib\site-packages\django\db\migrations\utils.py first seen with mtime 1773145196.1221051
File C:\mypython3\django\Lib\site-packages\django\core\handlers\__init__.py first seen with mtime 1773145196.0148456
File C:\Users\user\AppData\Local\Programs\Python\Python312\Lib\email\iterators.py first seen with mtime 1738656312.0
File C:\mypython3\django\Lib\site-packages\django\core\management\commands\runserver.py first seen with mtime 1773145196.0401168
File C:\mypython3\django\Lib\site-packages\django\utils\termcolors.py first seen with mtime 1773145196.308205
File C:\mypython3\django\Lib\site-packages\django\http\multipartparser.py first seen with mtime 1773145196.2300172
File C:\mypython3\django\Lib\site-packages\django\template\smartif.py first seen with mtime 1773145196.2546358
File C:\Users\user\AppData\Local\Programs\Python\Python312\Lib\email\encoders.py first seen with mtime 1738656312.0
File C:\Users\user\AppData\Local\Programs\Python\Python312\Lib\_weakrefset.py first seen with mtime 1738656312.0
File C:\mypython3\django\Lib\site-packages\django\db\migrations\operations\fields.py first seen with mtime 1773145196.125113
File C:\mypython3\django\Lib\site-packages\django\db\models\fields\json.py first seen with mtime 1773145196.141822
File C:\Users\user\AppData\Local\Programs\Python\Python312\Lib\token.py first seen with mtime 1738656314.0
File C:\mypython3\django\Lib\site-packages\django\db\models\base.py first seen with mtime 1773145196.128121
File C:\Users\user\AppData\Local\Programs\Python\Python312\Lib\collections\abc.py first seen with mtime 1738656312.0
File C:\mypython3\django\Lib\site-packages\django\core\files\move.py first seen with mtime 1773145196.0071077
File C:\Users\user\AppData\Local\Programs\Python\Python312\Lib\email\header.py first seen with mtime 1738656312.0
File C:\mypython3\django\Lib\site-packages\django\core\files\utils.py first seen with mtime 1773145196.00958
File C:\mypython3\django\Lib\site-packages\django\db\backends\base\creation.py first seen with mtime 1773145196.0605943
File C:\mypython3\django\Lib\site-packages\django\db\models\fields\composite.py first seen with mtime 1773145196.1388083
File C:\mypython3\django\Lib\site-packages\django\db\backends\base\introspection.py first seen with mtime 1773145196.0626051
File C:\Users\user\AppData\Local\Programs\Python\Python312\Lib\types.py first seen with mtime 1738656314.0
File C:\mypython3\django\Lib\site-packages\django\core\management\color.py first seen with mtime 1773145196.0270288
File C:\mypython3\django\Lib\site-packages\django\db\models\fields\generated.py first seen with mtime 1773145196.1398132
File C:\Users\user\AppData\Local\Programs\Python\Python312\Lib\encodings\utf_8.py first seen with mtime 1738656312.0
File C:\mypython3\django\Lib\site-packages\django\template\loaders\filesystem.py first seen with mtime 1773145196.2629397
File C:\mypython3\django\Lib\site-packages\django\contrib\contenttypes\management\__init__.py first seen with mtime 1773145194.610613
File C:\mypython3\django\Lib\site-packages\django\views\decorators\csrf.py first seen with mtime 1773145196.325538
File C:\mypython3\django\Lib\site-packages\django\db\backends\base\operations.py first seen with mtime 1773145196.0636237
File C:\mypython3\django\Lib\site-packages\django\utils\hashable.py first seen with mtime 1773145196.2994263
File C:\Users\user\AppData\Local\Programs\Python\Python312\Lib\asyncio\transports.py first seen with mtime 1738656312.0
File C:\Users\user\AppData\Local\Programs\Python\Python312\Lib\html\parser.py first seen with mtime 1738656312.0
File C:\mypython3\django\Lib\site-packages\django\db\backends\sqlite3\base.py first seen with mtime 1773145196.1074038
File C:\Users\user\AppData\Local\Programs\Python\Python312\Lib\threading.py first seen with mtime 1738656314.0
File C:\mypython3\django\Lib\site-packages\django\urls\base.py first seen with mtime 1773145196.2768354
File C:\Users\user\AppData\Local\Programs\Python\Python312\Lib\pathlib.py first seen with mtime 1738656312.0
File C:\mypython3\django\Lib\site-packages\django\db\backends\sqlite3\operations.py first seen with mtime 1773145196.110429
File C:\mypython3\django\Lib\site-packages\django\utils\safestring.py first seen with mtime 1773145196.3072007
File C:\Users\user\AppData\Local\Programs\Python\Python312\Lib\signal.py first seen with mtime 1738656312.0
File C:\mypython3\django\Lib\site-packages\django\views\generic\edit.py first seen with mtime 1773145196.3316674
File C:\mypython3\django\Lib\site-packages\django\db\backends\sqlite3\features.py first seen with mtime 1773145196.1094236
File C:\mypython3\django\Lib\site-packages\django\contrib\contenttypes\checks.py first seen with mtime 1773145194.4121568
File C:\mypython3\django\Lib\site-packages\django\contrib\staticfiles\utils.py first seen with mtime 1773145195.9714255
File C:\Users\user\AppData\Local\Programs\Python\Python312\DLLs\_wmi.pyd first seen with mtime 1738656366.0
File C:\mypython3\django\Lib\site-packages\django\http\cookie.py first seen with mtime 1773145196.2290022
File C:\Users\user\AppData\Local\Programs\Python\Python312\Lib\email\message.py first seen with mtime 1738656312.0
File C:\mypython3\django\Lib\site-packages\django\db\models\functions\__init__.py first seen with mtime 1773145196.1471357
File C:\mypython3\django\Lib\site-packages\django\db\__init__.py first seen with mtime 1773145196.054579
File C:\Users\user\AppData\Local\Programs\Python\Python312\Lib\asyncio\events.py first seen with mtime 1738656312.0
File C:\mypython3\django\Lib\site-packages\django\db\models\fields\related_descriptors.py first seen with mtime 1773145196.1449113
File C:\mypython3\django\Lib\site-packages\sqlparse\filters\output.py first seen with mtime 1773145192.8499115
File C:\Users\user\AppData\Local\Programs\Python\Python312\Lib\ast.py first seen with mtime 1738656312.0
File C:\mypython3\django\Lib\site-packages\django\urls\converters.py first seen with mtime 1773145196.2778685
File C:\Users\user\AppData\Local\Programs\Python\Python312\Lib\email\errors.py first seen with mtime 1738656312.0
File C:\Users\user\AppData\Local\Programs\Python\Python312\Lib\asyncio\locks.py first seen with mtime 1738656312.0
File C:\Users\user\AppData\Local\Programs\Python\Python312\Lib\statistics.py first seen with mtime 1738656312.0
File C:\mypython3\django\Lib\site-packages\django\utils\deprecation.py first seen with mtime 1773145196.2951896
File C:\mypython3\django\Lib\site-packages\django\db\models\fields\mixins.py first seen with mtime 1773145196.141822
File C:\mypython3\django\Lib\site-packages\django\http\request.py first seen with mtime 1773145196.231031
File C:\mypython3\django\Lib\site-packages\django\core\files\__init__.py first seen with mtime 1773145196.0051029
File C:\mypython3\django\Lib\site-packages\django\utils\asyncio.py first seen with mtime 1773145196.284721
File C:\Users\user\AppData\Local\Programs\Python\Python312\Lib\fnmatch.py first seen with mtime 1738656312.0
File C:\Users\user\AppData\Local\Programs\Python\Python312\Lib\mimetypes.py first seen with mtime 1738656312.0
File C:\Users\user\AppData\Local\Programs\Python\Python312\Lib\bisect.py first seen with mtime 1738656312.0
File C:\mypython3\django\Lib\site-packages\django\conf\global_settings.py first seen with mtime 1773145193.0678706
File C:\mypython3\django\Lib\site-packages\django\core\files\storage\memory.py first seen with mtime 1773145196.0128129
File C:\Users\user\AppData\Local\Programs\Python\Python312\Lib\urllib\parse.py first seen with mtime 1738656314.0
File C:\mypython3\django\Lib\site-packages\django\db\migrations\operations\models.py first seen with mtime 1773145196.125113
File C:\mypython3\django\Lib\site-packages\django\db\migrations\__init__.py first seen with mtime 1773145196.1140866
File C:\mypython3\django\Lib\site-packages\django\contrib\messages\__init__.py first seen with mtime 1773145195.2094755
File C:\Users\user\AppData\Local\Programs\Python\Python312\Lib\email\_parseaddr.py first seen with mtime 1738656312.0
File C:\mypython3\django\Lib\site-packages\django\core\validators.py first seen with mtime 1773145195.9827394
File C:\Users\user\AppData\Local\Programs\Python\Python312\Lib\wsgiref\simple_server.py first seen with mtime 1738656314.0
File C:\Users\user\AppData\Local\Programs\Python\Python312\Lib\wsgiref\util.py first seen with mtime 1738656314.0
File C:\Users\user\AppData\Local\Programs\Python\Python312\Lib\email\__init__.py first seen with mtime 1738656312.0
File C:\mypython3\django\Lib\site-packages\django\utils\text.py first seen with mtime 1773145196.308205
File C:\Users\user\AppData\Local\Programs\Python\Python312\Lib\encodings\aliases.py first seen with mtime 1738656312.0
File C:\Users\user\AppData\Local\Programs\Python\Python312\Lib\decimal.py first seen with mtime 1738656312.0
File C:\mypython3\django\Lib\site-packages\django\contrib\admin\apps.py first seen with mtime 1773145193.4951673
File C:\Users\user\AppData\Local\Programs\Python\Python312\DLLs\_lzma.pyd first seen with mtime 1738656366.0
File C:\Users\user\AppData\Local\Programs\Python\Python312\DLLs\_asyncio.pyd first seen with mtime 1738656366.0
File C:\mypython3\django\Lib\site-packages\django\contrib\admin\templatetags\log.py first seen with mtime 1773145193.999184
File C:\mypython3\django\Lib\site-packages\django\utils\translation\trans_real.py first seen with mtime 1773145196.3164568
File C:\Users\user\AppData\Local\Programs\Python\Python312\Lib\ctypes\wintypes.py first seen with mtime 1738656312.0
File C:\mypython3\django\Lib\site-packages\django\template\loaders\app_directories.py first seen with mtime 1773145196.2604578
File C:\Users\user\AppData\Local\Programs\Python\Python312\DLLs\select.pyd first seen with mtime 1738656366.0
File C:\mypython3\django\Lib\site-packages\django\core\signing.py first seen with mtime 1773145195.9827394
File C:\mypython3\django\Lib\site-packages\django\db\models\fields\related_lookups.py first seen with mtime 1773145196.1449113
File C:\Users\user\AppData\Local\Programs\Python\Python312\Lib\asyncio\protocols.py first seen with mtime 1738656312.0
File C:\Users\user\AppData\Local\Programs\Python\Python312\Lib\collections\__init__.py first seen with mtime 1738656312.0
File C:\mypython3\django\Lib\site-packages\django\views\generic\base.py first seen with mtime 1773145196.3288577
File C:\mypython3\django\Lib\site-packages\django\core\files\locks.py first seen with mtime 1773145196.006105
File C:\mypython3\django\Lib\site-packages\django\db\models\sql\subqueries.py first seen with mtime 1773145196.15688
File C:\Users\user\AppData\Local\Programs\Python\Python312\Lib\concurrent\__init__.py first seen with mtime 1738656312.0
File C:\mypython3\django\Lib\site-packages\django\db\backends\sqlite3\creation.py first seen with mtime 1773145196.1094236
File C:\mypython3\django\Lib\site-packages\django\db\models\query_utils.py first seen with mtime 1773145196.1357875
File C:\mypython3\django\Lib\site-packages\django\db\utils.py first seen with mtime 1773145196.0555813
File C:\mypython3\django\Lib\site-packages\django\contrib\admin\templatetags\__init__.py first seen with mtime 1773145193.9942608
File C:\mypython3\django\Lib\site-packages\django\shortcuts.py first seen with mtime 1773145193.0633047
File C:\Users\user\AppData\Local\Programs\Python\Python312\Lib\logging\handlers.py first seen with mtime 1738656312.0
File C:\mypython3\django\Lib\site-packages\django\template\engine.py first seen with mtime 1773145196.2499743
File C:\mypython3\django\Lib\site-packages\asgiref\local.py first seen with mtime 1773145192.9444926
File C:\mypython3\django\Lib\site-packages\django\core\files\uploadedfile.py first seen with mtime 1773145196.0081103
File C:\mypython3\django\Lib\site-packages\django\core\files\storage\handler.py first seen with mtime 1773145196.0128129
File C:\Users\user\AppData\Local\Programs\Python\Python312\Lib\email\mime\text.py first seen with mtime 1738656312.0
File C:\mypython3\django\Lib\site-packages\django\views\generic\__init__.py first seen with mtime 1773145196.3288577
File C:\mypython3\django\Lib\site-packages\django\contrib\contenttypes\admin.py first seen with mtime 1773145194.411154
File C:\mypython3\django\Lib\site-packages\django\contrib\admin\sites.py first seen with mtime 1773145193.5029588
File C:\Users\user\AppData\Local\Programs\Python\Python312\Lib\heapq.py first seen with mtime 1738656312.0
File C:\Users\user\AppData\Local\Programs\Python\Python312\Lib\weakref.py first seen with mtime 1738656314.0
File C:\mypython3\django\Lib\site-packages\django\middleware\csrf.py first seen with mtime 1773145196.236068
File C:\mypython3\django\Lib\site-packages\django\db\backends\base\features.py first seen with mtime 1773145196.0615973
File C:\mypython3\django\Lib\site-packages\django\http\__init__.py first seen with mtime 1773145196.2290022
File C:\Users\user\AppData\Local\Programs\Python\Python312\Lib\contextlib.py first seen with mtime 1738656312.0
File C:\mypython3\django\Lib\site-packages\django\views\generic\detail.py first seen with mtime 1773145196.3303373
File C:\mypython3\django\Lib\site-packages\django\views\debug.py first seen with mtime 1773145196.3185208
File C:\mypython3\django\Lib\site-packages\django\contrib\auth\views.py first seen with mtime 1773145194.212838
File C:\mypython3\django\Lib\site-packages\django\core\checks\database.py first seen with mtime 1773145195.9956176
File C:\mypython3\django\Scripts\hello_django\myhello\models.py first seen with mtime 1773209089.9959147
File C:\Users\user\AppData\Local\Programs\Python\Python312\Lib\asyncio\staggered.py first seen with mtime 1738656312.0
File C:\Users\user\AppData\Local\Programs\Python\Python312\Lib\ssl.py first seen with mtime 1738656312.0
File C:\mypython3\django\Lib\site-packages\django\contrib\auth\admin.py first seen with mtime 1773145194.2009065
File C:\mypython3\django\Lib\site-packages\django\forms\renderers.py first seen with mtime 1773145196.1649306
File C:\mypython3\django\Lib\site-packages\django\utils\connection.py first seen with mtime 1773145196.2887466
File C:\mypython3\django\Lib\site-packages\django\db\backends\base\__init__.py first seen with mtime 1773145196.0595918
File C:\Users\user\AppData\Local\Programs\Python\Python312\Lib\logging\__init__.py first seen with mtime 1738656312.0
File C:\mypython3\django\Lib\site-packages\django\apps\registry.py first seen with mtime 1773145193.0654418
File C:\mypython3\django\Lib\site-packages\django\utils\numberformat.py first seen with mtime 1773145196.306123
File C:\mypython3\django\Lib\site-packages\sqlparse\tokens.py first seen with mtime 1773145192.8428211
File C:\mypython3\django\Lib\site-packages\django\db\migrations\operations\__init__.py first seen with mtime 1773145196.1231077
File C:\mypython3\django\Lib\site-packages\django\core\servers\__init__.py first seen with mtime 1773145196.053576
File C:\Users\user\AppData\Local\Programs\Python\Python312\Lib\numbers.py first seen with mtime 1738656312.0
File C:\Users\user\AppData\Local\Programs\Python\Python312\Lib\email\base64mime.py first seen with mtime 1738656312.0
File C:\Users\user\AppData\Local\Programs\Python\Python312\Lib\multiprocessing\process.py first seen with mtime 1738656312.0
File C:\Users\user\AppData\Local\Programs\Python\Python312\Lib\email\charset.py first seen with mtime 1738656312.0
File C:\mypython3\django\Lib\site-packages\django\contrib\admin\exceptions.py first seen with mtime 1773145193.498147
File C:\Users\user\AppData\Local\Programs\Python\Python312\Lib\shutil.py first seen with mtime 1738656312.0
File C:\Users\user\AppData\Local\Programs\Python\Python312\Lib\wsgiref\handlers.py first seen with mtime 1738656314.0
File C:\mypython3\django\Lib\site-packages\sqlparse\filters\others.py first seen with mtime 1773145192.8499115
File C:\mypython3\django\Lib\site-packages\django\db\models\enums.py first seen with mtime 1773145196.1317077
File C:\Users\user\AppData\Local\Programs\Python\Python312\Lib\http\client.py first seen with mtime 1738656312.0
File C:\mypython3\django\Lib\site-packages\django\templatetags\l10n.py first seen with mtime 1773145196.2664125
File C:\mypython3\django\Lib\site-packages\django\utils\html.py first seen with mtime 1773145196.3005579
File C:\mypython3\django\Lib\site-packages\django\db\models\fields\related.py first seen with mtime 1773145196.143908
File C:\mypython3\django\Lib\site-packages\django\forms\__init__.py first seen with mtime 1773145196.1608996
File C:\Users\user\AppData\Local\Programs\Python\Python312\Lib\uuid.py first seen with mtime 1738656314.0
File C:\Users\user\AppData\Local\Programs\Python\Python312\Lib\asyncio\runners.py first seen with mtime 1738656312.0
File C:\Users\user\AppData\Local\Programs\Python\Python312\Lib\wsgiref\headers.py first seen with mtime 1738656314.0
File C:\Users\user\AppData\Local\Programs\Python\Python312\Lib\copyreg.py first seen with mtime 1738656312.0
File C:\Users\user\AppData\Local\Programs\Python\Python312\Lib\email\mime\multipart.py first seen with mtime 1738656312.0
File C:\Users\user\AppData\Local\Programs\Python\Python312\Lib\asyncio\coroutines.py first seen with mtime 1738656312.0
File C:\mypython3\django\Lib\site-packages\django\db\backends\signals.py first seen with mtime 1773145196.057587
File C:\mypython3\django\Lib\site-packages\django\contrib\admin\utils.py first seen with mtime 1773145193.5046785
File C:\mypython3\django\Lib\site-packages\django\db\backends\base\validation.py first seen with mtime 1773145196.0737398
File C:\mypython3\django\Lib\site-packages\_virtualenv.py first seen with mtime 1773145102.794879
File C:\Users\user\AppData\Local\Programs\Python\Python312\Lib\gettext.py first seen with mtime 1738656312.0
File C:\mypython3\django\Lib\site-packages\django\contrib\staticfiles\views.py first seen with mtime 1773145195.972909
File C:\mypython3\django\Lib\site-packages\sqlparse\filters\right_margin.py first seen with mtime 1773145192.8509643
File C:\mypython3\django\Lib\site-packages\django\db\models\sql\where.py first seen with mtime 1773145196.1578827
File C:\mypython3\django\Lib\site-packages\django\db\transaction.py first seen with mtime 1773145196.0555813
File C:\Users\user\AppData\Local\Programs\Python\Python312\Lib\zoneinfo\_tzpath.py first seen with mtime 1738656314.0
File C:\Users\user\AppData\Local\Programs\Python\Python312\Lib\asyncio\tasks.py first seen with mtime 1738656312.0
File C:\mypython3\django\Lib\site-packages\django\utils\cache.py first seen with mtime 1773145196.2874978
File C:\mypython3\django\Lib\site-packages\django\core\checks\commands.py first seen with mtime 1773145195.9946108
File C:\Users\user\AppData\Local\Programs\Python\Python312\Lib\asyncio\base_futures.py first seen with mtime 1738656312.0
File C:\mypython3\django\Lib\site-packages\django\utils\timezone.py first seen with mtime 1773145196.3096595
File C:\Users\user\AppData\Local\Programs\Python\Python312\Lib\logging\config.py first seen with mtime 1738656312.0
File C:\mypython3\django\Scripts\hello_django\myhello\__init__.py first seen with mtime 1773209089.9994023
File C:\Users\user\AppData\Local\Programs\Python\Python312\Lib\html\entities.py first seen with mtime 1738656312.0
File C:\mypython3\django\Lib\site-packages\django\__init__.py first seen with mtime 1773145193.0611882
File C:\Users\user\AppData\Local\Programs\Python\Python312\Lib\asyncio\taskgroups.py first seen with mtime 1738656312.0
File C:\mypython3\django\Lib\site-packages\django\contrib\admin\options.py first seen with mtime 1773145193.5018322
File C:\mypython3\django\Lib\site-packages\asgiref\__init__.py first seen with mtime 1773145192.9425004
File C:\mypython3\django\Lib\site-packages\django\apps\config.py first seen with mtime 1773145193.0643098
File C:\mypython3\django\Lib\site-packages\django\core\checks\caches.py first seen with mtime 1773145195.993607
File C:\mypython3\django\Lib\site-packages\django\forms\formsets.py first seen with mtime 1773145196.1629066
File C:\mypython3\django\Lib\site-packages\django\contrib\admin\decorators.py first seen with mtime 1773145193.4971223
File C:\Users\user\AppData\Local\Programs\Python\Python312\Lib\importlib\_abc.py first seen with mtime 1738656312.0
File C:\Users\user\AppData\Local\Programs\Python\Python312\Lib\dis.py first seen with mtime 1738656312.0
File C:\mypython3\django\Lib\site-packages\django\contrib\admin\templatetags\admin_urls.py first seen with mtime 1773145193.9976585
File C:\mypython3\django\Lib\site-packages\django\db\models\sql\query.py first seen with mtime 1773145196.1555007
File C:\mypython3\django\Lib\site-packages\django\template\loaders\__init__.py first seen with mtime 1773145196.2604578
File C:\mypython3\django\Lib\site-packages\django\contrib\messages\apps.py first seen with mtime 1773145195.2114909
File C:\mypython3\django\Lib\site-packages\django\core\handlers\base.py first seen with mtime 1773145196.0159414
File C:\mypython3\django\Lib\site-packages\django\db\models\query.py first seen with mtime 1773145196.1357875
File C:\mypython3\django\Lib\site-packages\django\contrib\staticfiles\__init__.py first seen with mtime 1773145195.966913
File C:\mypython3\django\Lib\site-packages\django\contrib\staticfiles\management\commands\__init__.py first seen with mtime 1773145195.9739394
File C:\mypython3\django\Lib\site-packages\django\utils\choices.py first seen with mtime 1773145196.2874978
File C:\mypython3\django\Lib\site-packages\django\utils\translation\__init__.py first seen with mtime 1773145196.3137293
File C:\Users\user\AppData\Local\Programs\Python\Python312\Lib\sqlite3\__init__.py first seen with mtime 1738656312.0
File C:\mypython3\django\Lib\site-packages\django\core\exceptions.py first seen with mtime 1773145195.9806347
File C:\Users\user\AppData\Local\Programs\Python\Python312\DLLs\_ctypes.pyd first seen with mtime 1738656366.0
File C:\mypython3\django\Lib\site-packages\django\views\decorators\cache.py first seen with mtime 1773145196.3217947
File C:\mypython3\django\Lib\site-packages\django\core\management\base.py first seen with mtime 1773145196.0260246
File C:\mypython3\django\Lib\site-packages\django\contrib\admin\views\__init__.py first seen with mtime 1773145193.999184
File C:\mypython3\django\Lib\site-packages\django\template\defaultfilters.py first seen with mtime 1773145196.2489684
File C:\mypython3\django\Lib\site-packages\django\utils\_os.py first seen with mtime 1773145196.2823725
File C:\mypython3\django\Lib\site-packages\django\template\loader_tags.py first seen with mtime 1773145196.2536273
File C:\mypython3\django\Lib\site-packages\django\db\models\functions\math.py first seen with mtime 1773145196.1494844
File C:\Users\user\AppData\Local\Programs\Python\Python312\Lib\http\cookies.py first seen with mtime 1738656312.0
File C:\Users\user\AppData\Local\Programs\Python\Python312\Lib\asyncio\base_events.py first seen with mtime 1738656312.0
File C:\Users\user\AppData\Local\Programs\Python\Python312\Lib\concurrent\futures\_base.py first seen with mtime 1738656312.0
File C:\Users\user\AppData\Local\Programs\Python\Python312\Lib\queue.py first seen with mtime 1738656312.0
File C:\mypython3\django\Lib\site-packages\django\core\checks\files.py first seen with mtime 1773145195.9956176
File C:\mypython3\django\Scripts\hello_django\manage.py first seen with mtime 1773146754.8730004
File C:\mypython3\django\Lib\site-packages\django\core\files\storage\mixins.py first seen with mtime 1773145196.0138185
File C:\mypython3\django\Lib\site-packages\django\db\models\manager.py first seen with mtime 1773145196.133716
File C:\Users\user\AppData\Local\Programs\Python\Python312\Lib\sqlite3\dbapi2.py first seen with mtime 1738656312.0
File C:\mypython3\django\Scripts\hello_django\hello_django\settings.py first seen with mtime 1773210093.7927594
File C:\Users\user\AppData\Local\Programs\Python\Python312\Lib\argparse.py first seen with mtime 1738656312.0
File C:\mypython3\django\Lib\site-packages\django\contrib\staticfiles\finders.py first seen with mtime 1773145195.9689355
File C:\mypython3\django\Lib\site-packages\django\contrib\admin\models.py first seen with mtime 1773145193.5007255
File C:\Users\user\AppData\Local\Programs\Python\Python312\Lib\email\policy.py first seen with mtime 1738656312.0
File C:\mypython3\django\Lib\site-packages\django\contrib\admin\filters.py first seen with mtime 1773145193.498147
File C:\mypython3\django\Lib\site-packages\django\urls\__init__.py first seen with mtime 1773145196.2758312
File C:\Users\user\AppData\Local\Programs\Python\Python312\Lib\copy.py first seen with mtime 1738656312.0
File C:\mypython3\django\Lib\site-packages\django\template\loaders\cached.py first seen with mtime 1773145196.2619398
File C:\mypython3\django\Lib\site-packages\sqlparse\sql.py first seen with mtime 1773145192.8428211
File C:\mypython3\django\Lib\site-packages\django\forms\fields.py first seen with mtime 1773145196.1619065
File C:\mypython3\django\Lib\site-packages\django\conf\locale\__init__.py first seen with mtime 1773145193.0745852
File C:\mypython3\django\Lib\site-packages\django\template\backends\__init__.py first seen with mtime 1773145196.2559953
File C:\Users\user\AppData\Local\Programs\Python\Python312\Lib\bz2.py first seen with mtime 1738656312.0
File C:\mypython3\django\Lib\site-packages\django\db\models\functions\mixins.py first seen with mtime 1773145196.1504881
File C:\Users\user\AppData\Local\Programs\Python\Python312\Lib\email\_header_value_parser.py first seen with mtime 1738656312.0
File C:\Users\user\AppData\Local\Programs\Python\Python312\Lib\asyncio\__init__.py first seen with mtime 1738656312.0
File C:\Users\user\AppData\Local\Programs\Python\Python312\Lib\asyncio\selector_events.py first seen with mtime 1738656312.0
File C:\Users\user\AppData\Local\Programs\Python\Python312\Lib\nturl2path.py first seen with mtime 1738656312.0
File C:\mypython3\django\Lib\site-packages\django\contrib\messages\utils.py first seen with mtime 1773145195.2139518
File C:\mypython3\django\Lib\site-packages\django\db\migrations\operations\special.py first seen with mtime 1773145196.1261158
File C:\Users\user\AppData\Local\Programs\Python\Python312\Lib\difflib.py first seen with mtime 1738656312.0
File C:\mypython3\django\Lib\site-packages\django\core\wsgi.py first seen with mtime 1773145195.9837432
File C:\mypython3\django\Lib\site-packages\django\contrib\auth\base_user.py first seen with mtime 1773145194.2031653
File C:\Users\user\AppData\Local\Programs\Python\Python312\Lib\asyncio\proactor_events.py first seen with mtime 1738656312.0
File C:\Users\user\AppData\Local\Programs\Python\Python312\Lib\urllib\response.py first seen with mtime 1738656314.0
File C:\mypython3\django\Lib\site-packages\sqlparse\filters\__init__.py first seen with mtime 1773145192.848455
File C:\Users\user\AppData\Local\Programs\Python\Python312\DLLs\_hashlib.pyd first seen with mtime 1738656366.0
File C:\Users\user\AppData\Local\Programs\Python\Python312\Lib\multiprocessing\__init__.py first seen with mtime 1738656312.0
File C:\Users\user\AppData\Local\Programs\Python\Python312\DLLs\_decimal.pyd first seen with mtime 1738656366.0
File C:\Users\user\AppData\Local\Programs\Python\Python312\Lib\datetime.py first seen with mtime 1738656312.0
File C:\Users\user\AppData\Local\Programs\Python\Python312\Lib\zoneinfo\_common.py first seen with mtime 1738656314.0
File C:\mypython3\django\Lib\site-packages\django\core\mail\__init__.py first seen with mtime 1773145196.0181444
File C:\mypython3\django\Lib\site-packages\django\templatetags\static.py first seen with mtime 1773145196.2664125
File C:\Users\user\AppData\Local\Programs\Python\Python312\Lib\hashlib.py first seen with mtime 1738656312.0
File C:\Users\user\AppData\Local\Programs\Python\Python312\Lib\hmac.py first seen with mtime 1738656312.0
File C:\mypython3\django\Lib\site-packages\django\contrib\sites\requests.py first seen with mtime 1773145195.7729342
File C:\Users\user\AppData\Local\Programs\Python\Python312\Lib\email\headerregistry.py first seen with mtime 1738656312.0
File C:\Users\user\AppData\Local\Programs\Python\Python312\Lib\random.py first seen with mtime 1738656312.0
File C:\Users\user\AppData\Local\Programs\Python\Python312\Lib\concurrent\futures\__init__.py first seen with mtime 1738656312.0
File C:\mypython3\django\Lib\site-packages\django\utils\http.py first seen with mtime 1773145196.3016546
File C:\mypython3\django\Lib\site-packages\django\core\cache\backends\filebased.py first seen with mtime 1773145195.9891803
File C:\mypython3\django\Lib\site-packages\django\db\backends\base\schema.py first seen with mtime 1773145196.0646853
File C:\mypython3\django\Lib\site-packages\django\core\checks\messages.py first seen with mtime 1773145195.996686
File C:\mypython3\django\Lib\site-packages\django\template\utils.py first seen with mtime 1773145196.2546358
File C:\mypython3\django\Lib\site-packages\sqlparse\filters\reindent.py first seen with mtime 1773145192.8509643
File C:\mypython3\django\Lib\site-packages\django\core\files\storage\__init__.py first seen with mtime 1773145196.0107872
File C:\mypython3\django\Lib\site-packages\django\dispatch\dispatcher.py first seen with mtime 1773145196.1588857
File C:\Users\user\AppData\Local\Programs\Python\Python312\Lib\email\generator.py first seen with mtime 1738656312.0
File C:\mypython3\django\Lib\site-packages\django\template\response.py first seen with mtime 1773145196.2546358
File C:\Users\user\AppData\Local\Programs\Python\Python312\Lib\email\contentmanager.py first seen with mtime 1738656312.0
File C:\mypython3\django\Lib\site-packages\sqlparse\filters\aligned_indent.py first seen with mtime 1773145192.848455
File C:\mypython3\django\Lib\site-packages\django\contrib\admin\helpers.py first seen with mtime 1773145193.4997232
File C:\Users\user\AppData\Local\Programs\Python\Python312\Lib\asyncio\threads.py first seen with mtime 1738656312.0
File C:\Users\user\AppData\Local\Programs\Python\Python312\Lib\subprocess.py first seen with mtime 1738656312.0
File C:\Users\user\AppData\Local\Programs\Python\Python312\Lib\zoneinfo\__init__.py first seen with mtime 1738656314.0
File C:\mypython3\django\Lib\site-packages\django\utils\lorem_ipsum.py first seen with mtime 1773145196.3050413
File C:\mypython3\django\Lib\site-packages\django\core\serializers\__init__.py first seen with mtime 1773145196.049322
File C:\mypython3\django\Scripts\hello_django\myhello\urls.py first seen with mtime 1773210372.6971161
File C:\mypython3\django\Lib\site-packages\django\contrib\contenttypes\apps.py first seen with mtime 1773145194.4121568
File C:\Users\user\AppData\Local\Programs\Python\Python312\Lib\enum.py first seen with mtime 1738656312.0
File C:\mypython3\django\Lib\site-packages\django\contrib\admin\actions.py first seen with mtime 1773145193.4940405
File C:\Users\user\AppData\Local\Programs\Python\Python312\Lib\fractions.py first seen with mtime 1738656312.0
File C:\mypython3\django\Lib\site-packages\django\db\models\__init__.py first seen with mtime 1773145196.127118
File C:\Users\user\AppData\Local\Programs\Python\Python312\Lib\urllib\request.py first seen with mtime 1738656314.0
File C:\mypython3\django\Lib\site-packages\django\contrib\staticfiles\management\__init__.py first seen with mtime 1773145195.972909
File C:\mypython3\django\Lib\site-packages\django\core\management\__init__.py first seen with mtime 1773145196.0260246
File C:\Users\user\AppData\Local\Programs\Python\Python312\DLLs\_queue.pyd first seen with mtime 1738656366.0
File C:\mypython3\django\Lib\site-packages\django\contrib\contenttypes\forms.py first seen with mtime 1773145194.414056
File C:\mypython3\django\Lib\site-packages\django\utils\dates.py first seen with mtime 1773145196.292947
File C:\Users\user\AppData\Local\Programs\Python\Python312\Lib\linecache.py first seen with mtime 1738656312.0
File C:\mypython3\django\Lib\site-packages\django\core\cache\backends\__init__.py first seen with mtime 1773145195.9857483
File C:\mypython3\django\Lib\site-packages\django\contrib\staticfiles\management\commands\runserver.py first seen with mtime 1773145195.976585
File C:\mypython3\django\Lib\site-packages\django\db\models\fields\__init__.py first seen with mtime 1773145196.1388083
File C:\mypython3\django\Lib\site-packages\django\core\checks\translation.py first seen with mtime 1773145195.999038
File C:\mypython3\django\Lib\site-packages\django\db\models\indexes.py first seen with mtime 1773145196.132712
File C:\mypython3\django\Lib\site-packages\django\core\__init__.py first seen with mtime 1773145195.978595
File C:\Users\user\AppData\Local\Programs\Python\Python312\Lib\gzip.py first seen with mtime 1738656312.0
File C:\mypython3\django\Lib\site-packages\django\contrib\auth\signals.py first seen with mtime 1773145194.2097628
File C:\Users\user\AppData\Local\Programs\Python\Python312\Lib\ctypes\_endian.py first seen with mtime 1738656312.0
File C:\mypython3\django\Lib\site-packages\django\db\models\fields\reverse_related.py first seen with mtime 1773145196.1460817
File C:\mypython3\django\Lib\site-packages\django\db\models\deletion.py first seen with mtime 1773145196.130504
File C:\mypython3\django\Lib\site-packages\django\utils\crypto.py first seen with mtime 1773145196.289754
File C:\Users\user\AppData\Local\Programs\Python\Python312\Lib\ipaddress.py first seen with mtime 1738656312.0
File C:\mypython3\django\Lib\site-packages\django\contrib\sessions\models.py first seen with mtime 1773145195.5635092
File C:\mypython3\django\Lib\site-packages\django\db\backends\sqlite3\__init__.py first seen with mtime 1773145196.1062877
File C:\mypython3\django\Lib\site-packages\django\db\backends\sqlite3\_functions.py first seen with mtime 1773145196.1074038
File C:\mypython3\django\Lib\site-packages\django\utils\module_loading.py first seen with mtime 1773145196.3050413
File C:\Users\user\AppData\Local\Programs\Python\Python312\Lib\asyncio\exceptions.py first seen with mtime 1738656312.0
File C:\mypython3\django\Lib\site-packages\django\template\backends\django.py first seen with mtime 1773145196.256998
File C:\mypython3\django\Lib\site-packages\django\utils\inspect.py first seen with mtime 1773145196.3016546
File C:\mypython3\django\Lib\site-packages\django\core\serializers\python.py first seen with mtime 1773145196.051571
File C:\Users\user\AppData\Local\Programs\Python\Python312\Lib\json\scanner.py first seen with mtime 1738656312.0
File C:\Users\user\AppData\Local\Programs\Python\Python312\Lib\_compat_pickle.py first seen with mtime 1738656312.0
File C:\Users\user\AppData\Local\Programs\Python\Python312\Lib\asyncio\format_helpers.py first seen with mtime 1738656312.0
File C:\mypython3\django\Lib\site-packages\django\contrib\auth\decorators.py first seen with mtime 1773145194.2058501
File C:\Users\user\AppData\Local\Programs\Python\Python312\Lib\ctypes\__init__.py first seen with mtime 1738656312.0
File C:\Users\user\AppData\Local\Programs\Python\Python312\Lib\email\mime\base.py first seen with mtime 1738656312.0
File C:\Users\user\AppData\Local\Programs\Python\Python312\Lib\urllib\__init__.py first seen with mtime 1738656314.0
File C:\Users\user\AppData\Local\Programs\Python\Python312\DLLs\_zoneinfo.pyd first seen with mtime 1738656366.0
File C:\Users\user\AppData\Local\Programs\Python\Python312\Lib\selectors.py first seen with mtime 1738656312.0
File C:\Users\user\AppData\Local\Programs\Python\Python312\Lib\pkgutil.py first seen with mtime 1738656312.0
File C:\mypython3\django\Lib\site-packages\django\template\__init__.py first seen with mtime 1773145196.245047
File C:\Users\user\AppData\Local\Programs\Python\Python312\Lib\asyncio\log.py first seen with mtime 1738656312.0
File C:\mypython3\django\Lib\site-packages\django\template\base.py first seen with mtime 1773145196.2468977
File C:\mypython3\django\Lib\site-packages\sqlparse\utils.py first seen with mtime 1773145192.8442674
File C:\Users\user\AppData\Local\Programs\Python\Python312\Lib\importlib\__init__.py first seen with mtime 1738656312.0
File C:\mypython3\django\Lib\site-packages\django\views\decorators\debug.py first seen with mtime 1773145196.325538
File C:\mypython3\django\Lib\site-packages\django\utils\duration.py first seen with mtime 1773145196.2962735
File C:\mypython3\django\Lib\site-packages\django\db\backends\__init__.py first seen with mtime 1773145196.056584
File C:\Users\user\AppData\Local\Programs\Python\Python312\DLLs\_uuid.pyd first seen with mtime 1738656366.0
File C:\Users\user\AppData\Local\Programs\Python\Python312\Lib\locale.py first seen with mtime 1738656312.0
File C:\Users\user\AppData\Local\Programs\Python\Python312\Lib\contextvars.py first seen with mtime 1738656312.0
File C:\Users\user\AppData\Local\Programs\Python\Python312\Lib\json\encoder.py first seen with mtime 1738656312.0
File C:\mypython3\django\Lib\site-packages\django\core\files\temp.py first seen with mtime 1773145196.0071077
File C:\mypython3\django\Lib\site-packages\django\forms\utils.py first seen with mtime 1773145196.165933
File C:\mypython3\django\Lib\site-packages\django\core\checks\templates.py first seen with mtime 1773145195.9976888
File C:\mypython3\django\Lib\site-packages\django\template\loaders\base.py first seen with mtime 1773145196.2619398
File C:\Users\user\AppData\Local\Programs\Python\Python312\Lib\keyword.py first seen with mtime 1738656312.0
File C:\Users\user\AppData\Local\Programs\Python\Python312\Lib\functools.py first seen with mtime 1738656312.0
File C:\mypython3\django\Lib\site-packages\django\conf\__init__.py first seen with mtime 1773145193.0665152
File C:\Users\user\AppData\Local\Programs\Python\Python312\Lib\struct.py first seen with mtime 1738656312.0
File C:\mypython3\django\Lib\site-packages\django\db\models\sql\__init__.py first seen with mtime 1773145196.152493
File C:\mypython3\django\Lib\site-packages\django\db\backends\sqlite3\client.py first seen with mtime 1773145196.1084104
File C:\mypython3\django\Lib\site-packages\django\templatetags\tz.py first seen with mtime 1773145196.2678335
File C:\mypython3\django\Lib\site-packages\django\core\files\storage\filesystem.py first seen with mtime 1773145196.011807
File C:\Users\user\AppData\Local\Programs\Python\Python312\Lib\asyncio\futures.py first seen with mtime 1738656312.0
File C:\Users\user\AppData\Local\Programs\Python\Python312\Lib\pprint.py first seen with mtime 1738656312.0
File C:\mypython3\django\Lib\site-packages\django\db\models\signals.py first seen with mtime 1773145196.1367948
File C:\mypython3\django\Lib\site-packages\django\core\checks\urls.py first seen with mtime 1773145196.0000894
File C:\Users\user\AppData\Local\Programs\Python\Python312\Lib\re\_constants.py first seen with mtime 1738656312.0
File C:\mypython3\django\Scripts\hello_django\hello_django\urls.py first seen with mtime 1773210014.6663246
File C:\mypython3\django\Lib\site-packages\django\contrib\messages\storage\__init__.py first seen with mtime 1773145195.2149706
File C:\mypython3\django\Lib\site-packages\django\db\migrations\operations\base.py first seen with mtime 1773145196.1241107
File C:\mypython3\django\Scripts\hello_django\hello_django\__init__.py first seen with mtime 1773146754.8790936
File C:\Users\user\AppData\Local\Programs\Python\Python312\Lib\email\_policybase.py first seen with mtime 1738656312.0
File C:\mypython3\django\Lib\site-packages\django\db\models\functions\datetime.py first seen with mtime 1773145196.14814
File C:\Users\user\AppData\Local\Programs\Python\Python312\Lib\inspect.py first seen with mtime 1738656312.0
File C:\mypython3\django\Lib\site-packages\django\core\handlers\exception.py first seen with mtime 1773145196.0171359
File C:\mypython3\django\Lib\site-packages\django\template\autoreload.py first seen with mtime 1773145196.246394
File C:\Users\user\AppData\Local\Programs\Python\Python312\Lib\json\__init__.py first seen with mtime 1738656312.0
File C:\mypython3\django\Lib\site-packages\django\core\checks\security\__init__.py first seen with mtime 1773145196.0020945
File C:\mypython3\django\Lib\site-packages\django\contrib\auth\middleware.py first seen with mtime 1773145194.207342
File C:\mypython3\django\Lib\site-packages\django\db\models\fields\files.py first seen with mtime 1773145196.1398132
File C:\mypython3\django\Lib\site-packages\django\contrib\admin\views\autocomplete.py first seen with mtime 1773145194.000275
File C:\mypython3\django\Lib\site-packages\django\db\models\constants.py first seen with mtime 1773145196.1291237
File C:\Users\user\AppData\Local\Programs\Python\Python312\Lib\re\__init__.py first seen with mtime 1738656312.0
File C:\Users\user\AppData\Local\Programs\Python\Python312\Lib\encodings\__init__.py first seen with mtime 1738656312.0
File C:\Users\user\AppData\Local\Programs\Python\Python312\Lib\pickle.py first seen with mtime 1738656312.0
File C:\Users\user\AppData\Local\Programs\Python\Python312\Lib\asyncio\mixins.py first seen with mtime 1738656312.0
File C:\mypython3\django\Lib\site-packages\django\core\checks\model_checks.py first seen with mtime 1773145195.996686
File C:\mypython3\django\Lib\site-packages\django\core\checks\security\csrf.py first seen with mtime 1773145196.003097
File C:\Users\user\AppData\Local\Programs\Python\Python312\Lib\calendar.py first seen with mtime 1738656312.0
File C:\Users\user\AppData\Local\Programs\Python\Python312\Lib\asyncio\base_subprocess.py first seen with mtime 1738656312.0
File C:\Users\user\AppData\Local\Programs\Python\Python312\Lib\asyncio\constants.py first seen with mtime 1738656312.0
File C:\mypython3\django\Lib\site-packages\django\utils\__init__.py first seen with mtime 1773145196.281257
File C:\Users\user\AppData\Local\Programs\Python\Python312\Lib\email\mime\nonmultipart.py first seen with mtime 1738656312.0
File C:\Users\user\AppData\Local\Programs\Python\Python312\Lib\email\_encoded_words.py first seen with mtime 1738656312.0
File C:\mypython3\django\Lib\site-packages\django\contrib\auth\checks.py first seen with mtime 1773145194.2036693
File C:\mypython3\django\Lib\site-packages\sqlparse\formatter.py first seen with mtime 1773145192.8398044
File C:\mypython3\django\Lib\site-packages\django\db\migrations\exceptions.py first seen with mtime 1773145196.1150866
File C:\mypython3\django\Lib\site-packages\django\contrib\sessions\base_session.py first seen with mtime 1773145195.561499
File C:\Users\user\AppData\Local\Programs\Python\Python312\Lib\dataclasses.py first seen with mtime 1738656312.0
File C:\mypython3\django\Lib\site-packages\django\utils\deconstruct.py first seen with mtime 1773145196.2939546
File C:\mypython3\django\Lib\site-packages\django\db\models\sql\datastructures.py first seen with mtime 1773145196.1544979
File C:\mypython3\django\Lib\site-packages\django\views\generic\dates.py first seen with mtime 1773145196.3303373
File C:\mypython3\django\Lib\site-packages\django\contrib\auth\__init__.py first seen with mtime 1773145194.2009065
File C:\mypython3\django\Lib\site-packages\django\dispatch\__init__.py first seen with mtime 1773145196.1578827
File C:\Users\user\AppData\Local\Programs\Python\Python312\Lib\tokenize.py first seen with mtime 1738656314.0
File C:\Users\user\AppData\Local\Programs\Python\Python312\Lib\asyncio\sslproto.py first seen with mtime 1738656312.0
File C:\mypython3\django\Lib\site-packages\django\core\files\uploadhandler.py first seen with mtime 1773145196.00958
File C:\Users\user\AppData\Local\Programs\Python\Python312\Lib\encodings\utf_8_sig.py first seen with mtime 1738656312.0
File C:\Users\user\AppData\Local\Programs\Python\Python312\Lib\email\mime\__init__.py first seen with mtime 1738656312.0
File C:\mypython3\django\Lib\site-packages\django\core\signals.py first seen with mtime 1773145195.9817367
File C:\mypython3\django\Lib\site-packages\django\db\models\aggregates.py first seen with mtime 1773145196.127118
File C:\mypython3\django\Lib\site-packages\django\urls\utils.py first seen with mtime 1773145196.2802548
File C:\mypython3\django\Lib\site-packages\django\db\backends\base\client.py first seen with mtime 1773145196.0605943
File C:\mypython3\django\Lib\site-packages\django\utils\tree.py first seen with mtime 1773145196.3107
File C:\mypython3\django\Lib\site-packages\django\http\response.py first seen with mtime 1773145196.2320373
File C:\mypython3\django\Lib\site-packages\django\contrib\contenttypes\views.py first seen with mtime 1773145194.415163
File C:\mypython3\django\Lib\site-packages\sqlparse\__init__.py first seen with mtime 1773145192.8363185
File C:\mypython3\django\Lib\site-packages\sqlparse\keywords.py first seen with mtime 1773145192.8408105
File C:\mypython3\django\Lib\site-packages\sqlparse\cli.py first seen with mtime 1773145192.837533
File C:\Users\user\AppData\Local\Programs\Python\Python312\Lib\reprlib.py first seen with mtime 1738656312.0
File C:\mypython3\django\Lib\site-packages\sqlparse\engine\statement_splitter.py first seen with mtime 1773145192.8474536
File C:\mypython3\django\Lib\site-packages\django\core\serializers\base.py first seen with mtime 1773145196.049322
File C:\Users\user\AppData\Local\Programs\Python\Python312\Lib\typing.py first seen with mtime 1738656314.0
File C:\mypython3\django\Lib\site-packages\django\views\decorators\__init__.py first seen with mtime 1773145196.3217947
File C:\mypython3\django\Lib\site-packages\django\core\cache\utils.py first seen with mtime 1773145195.9857483
File C:\mypython3\django\Lib\site-packages\django\utils\translation\reloader.py first seen with mtime 1773145196.3137293
File C:\mypython3\django\Lib\site-packages\django\middleware\__init__.py first seen with mtime 1773145196.2320373
File C:\mypython3\django\Scripts\hello_django\myhello\apps.py first seen with mtime 1773209089.9947636
File C:\Users\user\AppData\Local\Programs\Python\Python312\DLLs\_ssl.pyd first seen with mtime 1738656366.0
File C:\mypython3\django\Lib\site-packages\django\core\servers\basehttp.py first seen with mtime 1773145196.053576
File C:\mypython3\django\Lib\site-packages\django\utils\decorators.py first seen with mtime 1773145196.2951896
File C:\mypython3\django\Lib\site-packages\django\contrib\auth\templatetags\auth.py first seen with mtime 1773145194.4101508
File C:\mypython3\django\Lib\site-packages\django\middleware\security.py first seen with mtime 1773145196.2384107
File C:\mypython3\django\Lib\site-packages\django\utils\formats.py first seen with mtime 1773145196.297287
File C:\Users\user\AppData\Local\Programs\Python\Python312\Lib\_markupbase.py first seen with mtime 1738656312.0
File C:\mypython3\django\Lib\site-packages\django\core\checks\security\base.py first seen with mtime 1773145196.0020945
File C:\Users\user\AppData\Local\Programs\Python\Python312\Lib\sysconfig.py first seen with mtime 1738656312.0
File C:\mypython3\django\Lib\site-packages\django\db\models\utils.py first seen with mtime 1773145196.137802
File C:\mypython3\django\Lib\site-packages\django\db\migrations\state.py first seen with mtime 1773145196.121103
File C:\Users\user\AppData\Local\Programs\Python\Python312\Lib\tempfile.py first seen with mtime 1738656312.0
File C:\Users\user\AppData\Local\Programs\Python\Python312\Lib\opcode.py first seen with mtime 1738656312.0
File C:\Users\user\AppData\Local\Programs\Python\Python312\Lib\encodings\cp950.py first seen with mtime 1738656312.0
File C:\mypython3\django\Lib\site-packages\sqlparse\lexer.py first seen with mtime 1773145192.8408105
File C:\Users\user\AppData\Local\Programs\Python\Python312\Lib\glob.py first seen with mtime 1738656312.0
File C:\Users\user\AppData\Local\Programs\Python\Python312\Lib\email\quoprimime.py first seen with mtime 1738656312.0
File C:\mypython3\django\Lib\site-packages\django\contrib\admin\templatetags\admin_modify.py first seen with mtime 1773145193.9964445
File C:\mypython3\django\Lib\site-packages\django\core\cache\backends\base.py first seen with mtime 1773145195.9867523
File C:\mypython3\django\Lib\site-packages\django\core\handlers\asgi.py first seen with mtime 1773145196.0159414
File C:\mypython3\django\Lib\site-packages\django\db\models\functions\text.py first seen with mtime 1773145196.15149
File C:\mypython3\django\Lib\site-packages\django\db\backends\base\base.py first seen with mtime 1773145196.0595918
File C:\mypython3\django\Lib\site-packages\django\core\management\commands\__init__.py first seen with mtime 1773145196.0303128
File C:\mypython3\django\Lib\site-packages\sqlparse\engine\grouping.py first seen with mtime 1773145192.8464475
File C:\mypython3\django\Lib\site-packages\django\contrib\sessions\middleware.py first seen with mtime 1773145195.562503
File C:\Users\user\AppData\Local\Programs\Python\Python312\Lib\getpass.py first seen with mtime 1738656312.0
File C:\mypython3\django\Lib\site-packages\django\template\exceptions.py first seen with mtime 1773145196.2509928
File C:\Users\user\AppData\Local\Programs\Python\Python312\Lib\socket.py first seen with mtime 1738656312.0
File C:\mypython3\django\Lib\site-packages\django\contrib\messages\storage\base.py first seen with mtime 1773145195.216087
File C:\mypython3\django\Lib\site-packages\django\db\models\functions\json.py first seen with mtime 1773145196.14814
File C:\Users\user\AppData\Local\Programs\Python\Python312\Lib\traceback.py first seen with mtime 1738656314.0
File C:\mypython3\django\Lib\site-packages\django\conf\urls\__init__.py first seen with mtime 1773145193.4895015
File C:\mypython3\django\Lib\site-packages\django\core\files\images.py first seen with mtime 1773145196.006105
File C:\mypython3\django\Lib\site-packages\django\core\serializers\json.py first seen with mtime 1773145196.0503986
File C:\Users\user\AppData\Local\Programs\Python\Python312\Lib\base64.py first seen with mtime 1738656312.0
File C:\mypython3\django\Lib\site-packages\django\contrib\auth\management\__init__.py first seen with mtime 1773145194.3959832
File C:\mypython3\django\Lib\site-packages\django\core\files\base.py first seen with mtime 1773145196.0051029
File C:\mypython3\django\Lib\site-packages\django\db\models\options.py first seen with mtime 1773145196.1347816
File C:\mypython3\django\Lib\site-packages\django\utils\functional.py first seen with mtime 1773145196.2984064
File C:\mypython3\django\Lib\site-packages\django\contrib\sessions\__init__.py first seen with mtime 1773145195.5604944
File C:\mypython3\django\Lib\site-packages\django\core\handlers\wsgi.py first seen with mtime 1773145196.0171359
File C:\mypython3\django\Lib\site-packages\django\db\models\fields\proxy.py first seen with mtime 1773145196.1428242
File C:\mypython3\django\Lib\site-packages\django\contrib\admin\templatetags\admin_list.py first seen with mtime 1773145193.9954436
File C:\mypython3\django\Lib\site-packages\django\forms\models.py first seen with mtime 1773145196.1639163
File C:\mypython3\django\Lib\site-packages\django\db\backends\ddl_references.py first seen with mtime 1773145196.057587
File C:\mypython3\django\Lib\site-packages\django\template\backends\base.py first seen with mtime 1773145196.256998
File C:\Users\user\AppData\Local\Programs\Python\Python312\Lib\asyncio\streams.py first seen with mtime 1738656312.0
File C:\mypython3\django\Lib\site-packages\django\forms\widgets.py first seen with mtime 1773145196.1669354
File C:\mypython3\django\Lib\site-packages\django\contrib\auth\tokens.py first seen with mtime 1773145194.2107623
File C:\Users\user\AppData\Local\Programs\Python\Python312\Lib\json\decoder.py first seen with mtime 1738656312.0
File C:\Users\user\AppData\Local\Programs\Python\Python312\DLLs\unicodedata.pyd first seen with mtime 1738656366.0
File C:\mypython3\django\Lib\site-packages\django\db\backends\utils.py first seen with mtime 1773145196.058589
File C:\mypython3\django\Lib\site-packages\django\db\models\functions\comparison.py first seen with mtime 1773145196.14814
File C:\mypython3\django\Lib\site-packages\asgiref\sync.py first seen with mtime 1773145192.946536
File C:\mypython3\django\Lib\site-packages\django\core\mail\message.py first seen with mtime 1773145196.0191846
File C:\mypython3\django\Lib\site-packages\django\contrib\auth\hashers.py first seen with mtime 1773145194.207342
File C:\mypython3\django\Lib\site-packages\django\contrib\admin\checks.py first seen with mtime 1773145193.4961762
File C:\mypython3\django\Lib\site-packages\django\core\mail\utils.py first seen with mtime 1773145196.0191846
File C:\Users\user\AppData\Local\Programs\Python\Python312\Lib\wsgiref\__init__.py first seen with mtime 1738656314.0
File C:\Users\user\AppData\Local\Programs\Python\Python312\Lib\textwrap.py first seen with mtime 1738656314.0
File C:\mypython3\django\Lib\site-packages\django\contrib\auth\forms.py first seen with mtime 1773145194.2068572
File C:\mypython3\django\Lib\site-packages\django\views\__init__.py first seen with mtime 1773145196.31751
File C:\Users\user\AppData\Local\Programs\Python\Python312\Lib\asyncio\windows_events.py first seen with mtime 1738656312.0
File C:\Users\user\AppData\Local\Programs\Python\Python312\Lib\multiprocessing\reduction.py first seen with mtime 1738656312.0
File C:\Users\user\AppData\Local\Programs\Python\Python312\Lib\_compression.py first seen with mtime 1738656312.0
File C:\Users\user\AppData\Local\Programs\Python\Python312\Lib\multiprocessing\context.py first seen with mtime 1738656312.0
File C:\mypython3\django\Lib\site-packages\django\contrib\contenttypes\fields.py first seen with mtime 1773145194.4131591
File C:\mypython3\django\Lib\site-packages\django\contrib\auth\templatetags\__init__.py first seen with mtime 1773145194.4091442
File C:\mypython3\django\Lib\site-packages\django\templatetags\__init__.py first seen with mtime 1773145196.2641056
File C:\mypython3\django\Lib\site-packages\django\core\checks\__init__.py first seen with mtime 1773145195.9926045
File C:\mypython3\django\Lib\site-packages\django\db\models\expressions.py first seen with mtime 1773145196.1317077
File C:\mypython3\django\Lib\site-packages\django\db\models\fields\tuple_lookups.py first seen with mtime 1773145196.1460817
File C:\mypython3\django\Lib\site-packages\django\urls\exceptions.py first seen with mtime 1773145196.2792509
File C:\mypython3\django\Lib\site-packages\django\utils\ipv6.py first seen with mtime 1773145196.3027143
File C:\mypython3\django\Lib\site-packages\sqlparse\engine\filter_stack.py first seen with mtime 1773145192.8452957
File C:\mypython3\django\Lib\site-packages\django\contrib\sites\shortcuts.py first seen with mtime 1773145195.7729342
File C:\mypython3\django\Lib\site-packages\django\core\checks\compatibility\django_4_0.py first seen with mtime 1773145196.0010917
File C:\Users\user\AppData\Local\Programs\Python\Python312\Lib\asyncio\trsock.py first seen with mtime 1738656312.0
File C:\Users\user\AppData\Local\Programs\Python\Python312\Lib\graphlib.py first seen with mtime 1738656312.0
File C:\mypython3\django\Scripts\hello_django\myhello\admin.py first seen with mtime 1773209089.9926696
File C:\mypython3\django\Lib\site-packages\django\core\checks\async_checks.py first seen with mtime 1773145195.993607
File C:\mypython3\django\Lib\site-packages\django\contrib\contenttypes\__init__.py first seen with mtime 1773145194.411154
File C:\mypython3\django\Lib\site-packages\django\contrib\sessions\apps.py first seen with mtime 1773145195.5604944
File C:\mypython3\django\Lib\site-packages\django\views\i18n.py first seen with mtime 1773145196.3195925
File C:\mypython3\django\Lib\site-packages\django\db\backends\sqlite3\introspection.py first seen with mtime 1773145196.110429
File C:\Users\user\AppData\Local\Programs\Python\Python312\Lib\asyncio\queues.py first seen with mtime 1738656312.0
File C:\mypython3\django\Lib\site-packages\django\views\static.py first seen with mtime 1773145196.3207896
File C:\mypython3\django\Lib\site-packages\django\urls\resolvers.py first seen with mtime 1773145196.2802548
File C:\mypython3\django\Lib\site-packages\sqlparse\filters\tokens.py first seen with mtime 1773145192.8523216
File C:\mypython3\django\Lib\site-packages\django\utils\dateformat.py first seen with mtime 1773145196.2914486
File C:\mypython3\django\Lib\site-packages\django\utils\log.py first seen with mtime 1773145196.3038268
File C:\Users\user\AppData\Local\Programs\Python\Python312\DLLs\_sqlite3.pyd first seen with mtime 1738656366.0
File C:\mypython3\django\Lib\site-packages\django\contrib\admin\views\main.py first seen with mtime 1773145194.0013695
File C:\Users\user\AppData\Local\Programs\Python\Python312\Lib\operator.py first seen with mtime 1738656312.0
File C:\mypython3\django\Lib\site-packages\django\contrib\auth\backends.py first seen with mtime 1773145194.202163
File C:\Users\user\AppData\Local\Programs\Python\Python312\Lib\warnings.py first seen with mtime 1738656314.0
File C:\Users\user\AppData\Local\Programs\Python\Python312\Lib\re\_parser.py first seen with mtime 1738656312.0
File C:\Users\user\AppData\Local\Programs\Python\Python312\Lib\string.py first seen with mtime 1738656312.0
File C:\Users\user\AppData\Local\Programs\Python\Python312\Lib\lzma.py first seen with mtime 1738656312.0
File C:\mypython3\django\Lib\site-packages\django\utils\datastructures.py first seen with mtime 1773145196.2914486
File C:\Users\user\AppData\Local\Programs\Python\Python312\Lib\__future__.py first seen with mtime 1738656312.0
File C:\mypython3\django\Lib\site-packages\django\contrib\sites\__init__.py first seen with mtime 1773145195.7663884
File C:\mypython3\django\Lib\site-packages\django\core\checks\security\sessions.py first seen with mtime 1773145196.0041006
File C:\mypython3\django\Lib\site-packages\django\forms\boundfield.py first seen with mtime 1773145196.1608996
File C:\Users\user\AppData\Local\Programs\Python\Python312\Lib\http\__init__.py first seen with mtime 1738656312.0
File C:\mypython3\django\Lib\site-packages\django\utils\copy.py first seen with mtime 1773145196.2887466
File C:\mypython3\django\Lib\site-packages\django\utils\timesince.py first seen with mtime 1773145196.3096595
File C:\Users\user\AppData\Local\Programs\Python\Python312\Lib\asyncio\windows_utils.py first seen with mtime 1738656312.0
File C:\mypython3\django\Lib\site-packages\django\apps\__init__.py first seen with mtime 1773145193.0633047
File C:\Users\user\AppData\Local\Programs\Python\Python312\Lib\urllib\error.py first seen with mtime 1738656314.0
File C:\mypython3\django\Lib\site-packages\django\template\context.py first seen with mtime 1773145196.247962
File C:\mypython3\django\Lib\site-packages\django\core\checks\compatibility\__init__.py first seen with mtime 1773145196.0000894
File C:\mypython3\django\Lib\site-packages\django\utils\dateparse.py first seen with mtime 1773145196.2914486
File C:\mypython3\django\Lib\site-packages\django\template\defaulttags.py first seen with mtime 1773145196.2499743
File C:\mypython3\django\Lib\site-packages\django\contrib\admin\templatetags\base.py first seen with mtime 1773145193.9981663
File C:\mypython3\django\Lib\site-packages\django\urls\conf.py first seen with mtime 1773145196.2778685
File C:\mypython3\django\Scripts\hello_django\myhello\views.py first seen with mtime 1773210802.929804
File C:\mypython3\django\Lib\site-packages\django\db\migrations\optimizer.py first seen with mtime 1773145196.1180944
File C:\mypython3\django\Lib\site-packages\django\core\cache\backends\locmem.py first seen with mtime 1773145195.9901798
File C:\mypython3\django\Lib\site-packages\django\contrib\admin\migrations\0002_logentry_remove_auto_add.py first seen with mtime 1773145193.8655589
File C:\mypython3\django\Lib\site-packages\django\contrib\auth\migrations\0010_alter_group_name_max_length.py first seen with mtime 1773145194.4049964
File C:\mypython3\django\Lib\site-packages\django\db\migrations\recorder.py first seen with mtime 1773145196.1201
File C:\Users\user\AppData\Local\Programs\Python\Python312\Lib\encodings\idna.py first seen with mtime 1738656312.0
File C:\mypython3\django\Lib\site-packages\django\db\migrations\writer.py first seen with mtime 1773145196.1221051
File C:\mypython3\django\Lib\site-packages\django\contrib\sessions\backends\db.py first seen with mtime 1773145195.56752
File C:\mypython3\django\Lib\site-packages\django\contrib\auth\migrations\0002_alter_permission_name_max_length.py first seen with mtime 1773145194.3994298
File C:\mypython3\django\Lib\site-packages\django\contrib\auth\migrations\0009_alter_user_last_name_max_length.py first seen with mtime 1773145194.403992
File C:\mypython3\django\Lib\site-packages\django\contrib\auth\migrations\__init__.py first seen with mtime 1773145194.406077
File C:\mypython3\django\Lib\site-packages\django\core\management\utils.py first seen with mtime 1773145196.0292833
File C:\mypython3\django\Lib\site-packages\django\contrib\auth\migrations\0004_alter_user_username_opts.py first seen with mtime 1773145194.4016032
File C:\mypython3\django\Lib\site-packages\django\contrib\auth\migrations\0001_initial.py first seen with mtime 1773145194.3994298
File C:\mypython3\django\Lib\site-packages\django\contrib\auth\migrations\0006_require_contenttypes_0002.py first seen with mtime 1773145194.402981
File C:\mypython3\django\Lib\site-packages\django\contrib\auth\migrations\0007_alter_validators_add_error_messages.py first seen with mtime 1773145194.402981
File C:\mypython3\django\Lib\site-packages\django\contrib\auth\migrations\0005_alter_user_last_login_null.py first seen with mtime 1773145194.4016032
File C:\mypython3\django\Lib\site-packages\django\contrib\contenttypes\migrations\0002_remove_content_type_name.py first seen with mtime 1773145194.6132505
File C:\mypython3\django\Lib\site-packages\django\db\migrations\executor.py first seen with mtime 1773145196.116089
File C:\mypython3\django\Lib\site-packages\django\db\migrations\questioner.py first seen with mtime 1773145196.119097
File C:\mypython3\django\Lib\site-packages\django\core\management\commands\makemigrations.py first seen with mtime 1773145196.0381
File C:\mypython3\django\Lib\site-packages\django\middleware\common.py first seen with mtime 1773145196.2340477
File C:\mypython3\django\Lib\site-packages\django\core\management\commands\migrate.py first seen with mtime 1773145196.0391147
File C:\mypython3\django\Lib\site-packages\django\middleware\clickjacking.py first seen with mtime 1773145196.2330432
File C:\mypython3\django\Lib\site-packages\django\contrib\messages\middleware.py first seen with mtime 1773145195.212948
File C:\mypython3\django\Lib\site-packages\django\contrib\auth\migrations\0008_alter_user_username_max_length.py first seen with mtime 1773145194.403992
File C:\mypython3\django\Lib\site-packages\django\db\migrations\loader.py first seen with mtime 1773145196.117092
File C:\Users\user\AppData\Local\Programs\Python\Python312\Lib\stringprep.py first seen with mtime 1738656312.0
File C:\mypython3\django\Lib\site-packages\django\contrib\admin\migrations\__init__.py first seen with mtime 1773145193.8665588
File C:\mypython3\django\Lib\site-packages\django\core\management\sql.py first seen with mtime 1773145196.0280325
File C:\mypython3\django\Lib\site-packages\django\contrib\admin\migrations\0003_logentry_add_action_flag_choices.py first seen with mtime 1773145193.8665588
File C:\mypython3\django\Lib\site-packages\django\contrib\contenttypes\migrations\0001_initial.py first seen with mtime 1773145194.6132505
File C:\mypython3\django\Lib\site-packages\django\contrib\sessions\exceptions.py first seen with mtime 1773145195.561499
File C:\mypython3\django\Lib\site-packages\django\db\migrations\autodetector.py first seen with mtime 1773145196.1140866
File C:\mypython3\django\Lib\site-packages\django\contrib\admin\migrations\0001_initial.py first seen with mtime 1773145193.8655589
File C:\mypython3\django\Scripts\hello_django\myhello\migrations\__init__.py first seen with mtime 1773209090.0023472
File C:\mypython3\django\Lib\site-packages\django\contrib\auth\migrations\0011_update_proxy_permissions.py first seen with mtime 1773145194.406077
File C:\mypython3\django\Lib\site-packages\django\contrib\sessions\migrations\0001_initial.py first seen with mtime 1773145195.7615552
File C:\mypython3\django\Scripts\hello_django\hello_django\wsgi.py first seen with mtime 1773146754.8780456
File C:\mypython3\django\Lib\site-packages\django\db\migrations\graph.py first seen with mtime 1773145196.116089
File C:\mypython3\django\Lib\site-packages\django\contrib\sessions\backends\base.py first seen with mtime 1773145195.5655143
File C:\mypython3\django\Lib\site-packages\django\contrib\sessions\backends\__init__.py first seen with mtime 1773145195.5645118
File C:\mypython3\django\Lib\site-packages\django\db\migrations\serializer.py first seen with mtime 1773145196.1201
File C:\mypython3\django\Lib\site-packages\django\contrib\sessions\migrations\__init__.py first seen with mtime 1773145195.7615552
File C:\mypython3\django\Lib\site-packages\django\contrib\auth\migrations\0003_alter_user_email_max_length.py first seen with mtime 1773145194.4016032
File C:\mypython3\django\Lib\site-packages\django\views\csrf.py first seen with mtime 1773145196.31751
File C:\mypython3\django\Lib\site-packages\django\contrib\auth\migrations\0012_alter_user_first_name_max_length.py first seen with mtime 1773145194.406077
File C:\mypython3\django\Lib\site-packages\django\contrib\contenttypes\migrations\__init__.py first seen with mtime 1773145194.6132505
"GET /myhello/?name=2 HTTP/1.1" 200 7
File C:\mypython3\django\Lib\site-packages\django\contrib\messages\storage\fallback.py first seen with mtime 1773145195.2171793
File C:\mypython3\django\Lib\site-packages\django\contrib\messages\storage\session.py first seen with mtime 1773145195.2171793
File C:\Users\user\AppData\Local\Programs\Python\Python312\Lib\encodings\unicode_escape.py first seen with mtime 1738656312.0
File C:\mypython3\django\Lib\site-packages\django\contrib\sessions\serializers.py first seen with mtime 1773145195.5635092
File C:\mypython3\django\Lib\site-packages\django\contrib\messages\storage\cookie.py first seen with mtime 1773145195.216087
Watching for file changes with StatReloader
Waiting for apps ready_event.
Apps ready_event triggered. Sending autoreload_started signal.
Watching dir C:\mypython3\django\Lib\site-packages\rest_framework\templates with glob **/*.
Watching dir C:\mypython3\django\Scripts\hello_django1\locale with glob **/*.mo.
Watching dir C:\mypython3\django\Scripts\hello_django1\myhello\locale with glob **/*.mo.
Watching dir C:\mypython3\django\Lib\site-packages\rest_framework\locale with glob **/*.mo.
(0.000) 
            SELECT name, type FROM sqlite_master
            WHERE type in ('table', 'view') AND NOT name='sqlite_sequence'
            ORDER BY name; args=None; alias=default
File C:\Users\user\AppData\Local\Programs\Python\Python312\Lib\email\utils.py first seen with mtime 1738656312.0
File C:\mypython3\django\Lib\site-packages\django\db\backends\base\features.py first seen with mtime 1773145196.0615973
File C:\mypython3\django\Lib\site-packages\django\utils\crypto.py first seen with mtime 1773145196.289754
File C:\Users\user\AppData\Local\Programs\Python\Python312\Lib\importlib\_abc.py first seen with mtime 1738656312.0
File C:\mypython3\django\Lib\site-packages\sqlparse\sql.py first seen with mtime 1773145192.8428211
File C:\mypython3\django\Lib\site-packages\django\conf\locale\__init__.py first seen with mtime 1773145193.0745852
File C:\mypython3\django\Lib\site-packages\django\core\checks\security\sessions.py first seen with mtime 1773145196.0041006
File C:\Users\user\AppData\Local\Programs\Python\Python312\Lib\asyncio\sslproto.py first seen with mtime 1738656312.0
File C:\Users\user\AppData\Local\Programs\Python\Python312\Lib\email\charset.py first seen with mtime 1738656312.0
File C:\Users\user\AppData\Local\Programs\Python\Python312\Lib\functools.py first seen with mtime 1738656312.0
File C:\Users\user\AppData\Local\Programs\Python\Python312\Lib\platform.py first seen with mtime 1738656312.0
File C:\Users\user\AppData\Local\Programs\Python\Python312\Lib\types.py first seen with mtime 1738656314.0
File C:\Users\user\AppData\Local\Programs\Python\Python312\Lib\glob.py first seen with mtime 1738656312.0
File C:\Users\user\AppData\Local\Programs\Python\Python312\Lib\fractions.py first seen with mtime 1738656312.0
File C:\Users\user\AppData\Local\Programs\Python\Python312\DLLs\_ssl.pyd first seen with mtime 1738656366.0
File C:\mypython3\django\Lib\site-packages\django\db\models\enums.py first seen with mtime 1773145196.1317077
File C:\mypython3\django\Lib\site-packages\django\db\backends\base\introspection.py first seen with mtime 1773145196.0626051
File C:\mypython3\django\Lib\site-packages\django\db\backends\base\operations.py first seen with mtime 1773145196.0636237
File C:\mypython3\django\Lib\site-packages\django\utils\choices.py first seen with mtime 1773145196.2874978
File C:\Users\user\AppData\Local\Programs\Python\Python312\Lib\_compression.py first seen with mtime 1738656312.0
File C:\mypython3\django\Lib\site-packages\django\db\models\options.py first seen with mtime 1773145196.1347816
File C:\Users\user\AppData\Local\Programs\Python\Python312\Lib\logging\handlers.py first seen with mtime 1738656312.0
File C:\Users\user\AppData\Local\Programs\Python\Python312\Lib\dis.py first seen with mtime 1738656312.0
File C:\mypython3\django\Lib\site-packages\django\contrib\contenttypes\forms.py first seen with mtime 1773145194.414056
File C:\mypython3\django\Lib\site-packages\django\core\management\color.py first seen with mtime 1773145196.0270288
File C:\mypython3\django\Lib\site-packages\rest_framework\serializers.py first seen with mtime 1773211312.7804887
File C:\mypython3\django\Lib\site-packages\django\db\models\sql\constants.py first seen with mtime 1773145196.1544979
File C:\mypython3\django\Lib\site-packages\django\contrib\admin\templatetags\admin_list.py first seen with mtime 1773145193.9954436
File C:\Users\user\AppData\Local\Programs\Python\Python312\Lib\decimal.py first seen with mtime 1738656312.0
File C:\mypython3\django\Lib\site-packages\django\contrib\auth\__init__.py first seen with mtime 1773145194.2009065
File C:\mypython3\django\Lib\site-packages\django\views\debug.py first seen with mtime 1773145196.3185208
File C:\mypython3\django\Lib\site-packages\django\core\cache\backends\locmem.py first seen with mtime 1773145195.9901798
File C:\mypython3\django\Lib\site-packages\django\core\checks\security\csrf.py first seen with mtime 1773145196.003097
File C:\mypython3\django\Lib\site-packages\django\db\backends\base\base.py first seen with mtime 1773145196.0595918
File C:\Users\user\AppData\Local\Programs\Python\Python312\Lib\ssl.py first seen with mtime 1738656312.0
File C:\Users\user\AppData\Local\Programs\Python\Python312\Lib\uuid.py first seen with mtime 1738656314.0
File C:\mypython3\django\Lib\site-packages\django\http\response.py first seen with mtime 1773145196.2320373
File C:\Users\user\AppData\Local\Programs\Python\Python312\Lib\email\generator.py first seen with mtime 1738656312.0
File C:\mypython3\django\Lib\site-packages\django\contrib\staticfiles\management\commands\runserver.py first seen with mtime 1773145195.976585
File C:\mypython3\django\Lib\site-packages\django\db\migrations\__init__.py first seen with mtime 1773145196.1140866
File C:\mypython3\django\Lib\site-packages\django\http\request.py first seen with mtime 1773145196.231031
File C:\Users\user\AppData\Local\Programs\Python\Python312\Lib\wsgiref\__init__.py first seen with mtime 1738656314.0
File C:\mypython3\django\Lib\site-packages\django\core\files\storage\mixins.py first seen with mtime 1773145196.0138185
File C:\Users\user\AppData\Local\Programs\Python\Python312\Lib\zoneinfo\__init__.py first seen with mtime 1738656314.0
File C:\mypython3\django\Lib\site-packages\django\urls\conf.py first seen with mtime 1773145196.2778685
File C:\mypython3\django\Lib\site-packages\django\core\checks\__init__.py first seen with mtime 1773145195.9926045
File C:\mypython3\django\Lib\site-packages\django\contrib\admin\models.py first seen with mtime 1773145193.5007255
File C:\mypython3\django\Lib\site-packages\django\contrib\sessions\middleware.py first seen with mtime 1773145195.562503
File C:\mypython3\django\Scripts\hello_django1\myhello\admin.py first seen with mtime 1773209089.9926696
File C:\Users\user\AppData\Local\Programs\Python\Python312\Lib\urllib\error.py first seen with mtime 1738656314.0
File C:\mypython3\django\Lib\site-packages\django\contrib\staticfiles\handlers.py first seen with mtime 1773145195.9689355
File C:\mypython3\django\Lib\site-packages\django\utils\asyncio.py first seen with mtime 1773145196.284721
File C:\mypython3\django\Lib\site-packages\rest_framework\utils\__init__.py first seen with mtime 1773211313.0499468
File C:\Users\user\AppData\Local\Programs\Python\Python312\Lib\wsgiref\util.py first seen with mtime 1738656314.0
File C:\mypython3\django\Lib\site-packages\django\utils\formats.py first seen with mtime 1773145196.297287
File C:\mypython3\django\Lib\site-packages\django\middleware\clickjacking.py first seen with mtime 1773145196.2330432
File C:\Users\user\AppData\Local\Programs\Python\Python312\Lib\multiprocessing\__init__.py first seen with mtime 1738656312.0
File C:\Users\user\AppData\Local\Programs\Python\Python312\Lib\re\_casefix.py first seen with mtime 1738656312.0
File C:\mypython3\django\Lib\site-packages\django\dispatch\__init__.py first seen with mtime 1773145196.1578827
File C:\mypython3\django\Lib\site-packages\django\utils\datastructures.py first seen with mtime 1773145196.2914486
File C:\mypython3\django\Lib\site-packages\django\urls\__init__.py first seen with mtime 1773145196.2758312
File C:\Users\user\AppData\Local\Programs\Python\Python312\Lib\asyncio\locks.py first seen with mtime 1738656312.0
File C:\mypython3\django\Lib\site-packages\django\views\decorators\csrf.py first seen with mtime 1773145196.325538
File C:\mypython3\django\Lib\site-packages\django\core\files\storage\__init__.py first seen with mtime 1773145196.0107872
File C:\mypython3\django\Lib\site-packages\django\contrib\admin\apps.py first seen with mtime 1773145193.4951673
File C:\mypython3\django\Lib\site-packages\django\utils\text.py first seen with mtime 1773145196.308205
File C:\mypython3\django\Lib\site-packages\django\core\checks\caches.py first seen with mtime 1773145195.993607
File C:\Users\user\AppData\Local\Programs\Python\Python312\Lib\concurrent\__init__.py first seen with mtime 1738656312.0
File C:\mypython3\django\Lib\site-packages\sqlparse\utils.py first seen with mtime 1773145192.8442674
File C:\mypython3\django\Lib\site-packages\django\contrib\__init__.py first seen with mtime 1773145193.4910147
File C:\mypython3\django\Lib\site-packages\django\contrib\admin\actions.py first seen with mtime 1773145193.4940405
File C:\Users\user\AppData\Local\Programs\Python\Python312\Lib\dataclasses.py first seen with mtime 1738656312.0
File C:\Users\user\AppData\Local\Programs\Python\Python312\DLLs\_socket.pyd first seen with mtime 1738656366.0
File C:\mypython3\django\Lib\site-packages\django\db\models\manager.py first seen with mtime 1773145196.133716
File C:\mypython3\django\Lib\site-packages\django\template\base.py first seen with mtime 1773145196.2468977
File C:\Users\user\AppData\Local\Programs\Python\Python312\Lib\asyncio\base_subprocess.py first seen with mtime 1738656312.0
File C:\Users\user\AppData\Local\Programs\Python\Python312\Lib\asyncio\trsock.py first seen with mtime 1738656312.0
File C:\Users\user\AppData\Local\Programs\Python\Python312\Lib\http\client.py first seen with mtime 1738656312.0
File C:\Users\user\AppData\Local\Programs\Python\Python312\Lib\enum.py first seen with mtime 1738656312.0
File C:\mypython3\django\Lib\site-packages\rest_framework\settings.py first seen with mtime 1773211312.7804887
File C:\mypython3\django\Lib\site-packages\django\contrib\staticfiles\utils.py first seen with mtime 1773145195.9714255
File C:\mypython3\django\Lib\site-packages\django\db\backends\base\creation.py first seen with mtime 1773145196.0605943
File C:\Users\user\AppData\Local\Programs\Python\Python312\Lib\tempfile.py first seen with mtime 1738656312.0
File C:\mypython3\django\Lib\site-packages\django\contrib\staticfiles\checks.py first seen with mtime 1773145195.9679174
File C:\mypython3\django\Lib\site-packages\django\core\files\storage\filesystem.py first seen with mtime 1773145196.011807
File C:\Users\user\AppData\Local\Programs\Python\Python312\Lib\random.py first seen with mtime 1738656312.0
File C:\mypython3\django\Lib\site-packages\django\db\models\fields\related.py first seen with mtime 1773145196.143908
File C:\mypython3\django\Lib\site-packages\django\contrib\auth\views.py first seen with mtime 1773145194.212838
File C:\mypython3\django\Lib\site-packages\django\core\servers\basehttp.py first seen with mtime 1773145196.053576
File C:\mypython3\django\Lib\site-packages\django\db\backends\sqlite3\introspection.py first seen with mtime 1773145196.110429
File C:\mypython3\django\Lib\site-packages\django\utils\dateformat.py first seen with mtime 1773145196.2914486
File C:\mypython3\django\Lib\site-packages\django\views\generic\list.py first seen with mtime 1773145196.3316674
File C:\mypython3\django\Lib\site-packages\rest_framework\__init__.py first seen with mtime 1773211312.7706516
File C:\mypython3\django\Lib\site-packages\django\template\engine.py first seen with mtime 1773145196.2499743
File C:\Users\user\AppData\Local\Programs\Python\Python312\Lib\asyncio\selector_events.py first seen with mtime 1738656312.0
File C:\mypython3\django\Lib\site-packages\django\contrib\auth\templatetags\__init__.py first seen with mtime 1773145194.4091442
File C:\Users\user\AppData\Local\Programs\Python\Python312\Lib\collections\__init__.py first seen with mtime 1738656312.0
File C:\mypython3\django\Lib\site-packages\django\db\models\sql\datastructures.py first seen with mtime 1773145196.1544979
File C:\Users\user\AppData\Local\Programs\Python\Python312\Lib\quopri.py first seen with mtime 1738656312.0
File C:\Users\user\AppData\Local\Programs\Python\Python312\Lib\hmac.py first seen with mtime 1738656312.0
File C:\mypython3\django\Lib\site-packages\django\core\checks\translation.py first seen with mtime 1773145195.999038
File C:\Users\user\AppData\Local\Programs\Python\Python312\Lib\importlib\__init__.py first seen with mtime 1738656312.0
File C:\mypython3\django\Lib\site-packages\django\contrib\admin\checks.py first seen with mtime 1773145193.4961762
File C:\mypython3\django\Lib\site-packages\rest_framework\status.py first seen with mtime 1773211312.7804887
File C:\mypython3\django\Scripts\hello_django1\hello_django\__init__.py first seen with mtime 1773146754.8790936
File C:\mypython3\django\Lib\site-packages\django\db\models\base.py first seen with mtime 1773145196.128121
File C:\mypython3\django\Lib\site-packages\django\core\checks\urls.py first seen with mtime 1773145196.0000894
File C:\Users\user\AppData\Local\Programs\Python\Python312\Lib\email\header.py first seen with mtime 1738656312.0
File C:\mypython3\django\Lib\site-packages\django\core\mail\__init__.py first seen with mtime 1773145196.0181444
File C:\Users\user\AppData\Local\Programs\Python\Python312\Lib\asyncio\protocols.py first seen with mtime 1738656312.0
File C:\mypython3\django\Lib\site-packages\django\core\cache\backends\__init__.py first seen with mtime 1773145195.9857483
File C:\mypython3\django\Lib\site-packages\django\core\serializers\base.py first seen with mtime 1773145196.049322
File C:\mypython3\django\Lib\site-packages\django\contrib\messages\middleware.py first seen with mtime 1773145195.212948
File C:\mypython3\django\Lib\site-packages\django\template\loader.py first seen with mtime 1773145196.252318
File C:\mypython3\django\Lib\site-packages\sqlparse\formatter.py first seen with mtime 1773145192.8398044
File C:\Users\user\AppData\Local\Programs\Python\Python312\Lib\collections\abc.py first seen with mtime 1738656312.0
File C:\Users\user\AppData\Local\Programs\Python\Python312\Lib\concurrent\futures\_base.py first seen with mtime 1738656312.0
File C:\mypython3\django\Lib\site-packages\django\db\backends\sqlite3\__init__.py first seen with mtime 1773145196.1062877
File C:\mypython3\django\Lib\site-packages\django\core\checks\compatibility\django_4_0.py first seen with mtime 1773145196.0010917
File C:\mypython3\django\Lib\site-packages\django\template\backends\django.py first seen with mtime 1773145196.256998
File C:\Users\user\AppData\Local\Programs\Python\Python312\Lib\pkgutil.py first seen with mtime 1738656312.0
File C:\mypython3\django\Lib\site-packages\django\templatetags\__init__.py first seen with mtime 1773145196.2641056
File C:\mypython3\django\Lib\site-packages\django\contrib\admindocs\views.py first seen with mtime 1773145194.0047195
File C:\mypython3\django\Lib\site-packages\rest_framework\response.py first seen with mtime 1773211312.7804887
File C:\mypython3\django\Lib\site-packages\django\template\backends\base.py first seen with mtime 1773145196.256998
File C:\mypython3\django\Lib\site-packages\django\utils\deprecation.py first seen with mtime 1773145196.2951896
File C:\mypython3\django\Lib\site-packages\django\core\files\utils.py first seen with mtime 1773145196.00958
File C:\mypython3\django\Lib\site-packages\django\core\handlers\exception.py first seen with mtime 1773145196.0171359
File C:\mypython3\django\Lib\site-packages\django\views\generic\base.py first seen with mtime 1773145196.3288577
File C:\mypython3\django\Lib\site-packages\django\contrib\sites\requests.py first seen with mtime 1773145195.7729342
File C:\mypython3\django\Lib\site-packages\rest_framework\utils\field_mapping.py first seen with mtime 1773211313.0499468
File C:\Users\user\AppData\Local\Programs\Python\Python312\Lib\heapq.py first seen with mtime 1738656312.0
File C:\Users\user\AppData\Local\Programs\Python\Python312\Lib\urllib\response.py first seen with mtime 1738656314.0
File C:\Users\user\AppData\Local\Programs\Python\Python312\Lib\asyncio\futures.py first seen with mtime 1738656312.0
File C:\mypython3\django\Lib\site-packages\rest_framework\renderers.py first seen with mtime 1773211312.7804887
File C:\mypython3\django\Lib\site-packages\django\utils\timezone.py first seen with mtime 1773145196.3096595
File C:\mypython3\django\Lib\site-packages\django\db\models\aggregates.py first seen with mtime 1773145196.127118
File C:\mypython3\django\Lib\site-packages\django\conf\global_settings.py first seen with mtime 1773145193.0678706
File C:\mypython3\django\Lib\site-packages\rest_framework\fields.py first seen with mtime 1773211312.7706516
File C:\Users\user\AppData\Local\Programs\Python\Python312\Lib\socketserver.py first seen with mtime 1738656312.0
File C:\Users\user\AppData\Local\Programs\Python\Python312\Lib\encodings\__init__.py first seen with mtime 1738656312.0
File C:\mypython3\django\Lib\site-packages\django\db\models\functions\window.py first seen with mtime 1773145196.15149
File C:\mypython3\django\Lib\site-packages\django\core\handlers\base.py first seen with mtime 1773145196.0159414
File C:\mypython3\django\Lib\site-packages\django\utils\decorators.py first seen with mtime 1773145196.2951896
File C:\mypython3\django\Lib\site-packages\django\db\models\fields\composite.py first seen with mtime 1773145196.1388083
File C:\mypython3\django\Lib\site-packages\django\core\files\uploadhandler.py first seen with mtime 1773145196.00958
File C:\mypython3\django\Lib\site-packages\django\template\loaders\cached.py first seen with mtime 1773145196.2619398
File C:\mypython3\django\Lib\site-packages\django\contrib\auth\forms.py first seen with mtime 1773145194.2068572
File C:\mypython3\django\Lib\site-packages\django\utils\tree.py first seen with mtime 1773145196.3107
File C:\mypython3\django\Lib\site-packages\rest_framework\checks.py first seen with mtime 1773211312.7706516
File C:\mypython3\django\Lib\site-packages\django\db\migrations\loader.py first seen with mtime 1773145196.117092
File C:\mypython3\django\Lib\site-packages\django\contrib\auth\base_user.py first seen with mtime 1773145194.2031653
File C:\Users\user\AppData\Local\Programs\Python\Python312\Lib\typing.py first seen with mtime 1738656314.0
File C:\mypython3\django\Lib\site-packages\django\db\migrations\optimizer.py first seen with mtime 1773145196.1180944
File C:\mypython3\django\Lib\site-packages\django\core\__init__.py first seen with mtime 1773145195.978595
File C:\mypython3\django\Lib\site-packages\django\db\backends\sqlite3\operations.py first seen with mtime 1773145196.110429
File C:\mypython3\django\Lib\site-packages\django\template\defaulttags.py first seen with mtime 1773145196.2499743
File C:\mypython3\django\Lib\site-packages\django\utils\copy.py first seen with mtime 1773145196.2887466
File C:\Users\user\AppData\Local\Programs\Python\Python312\Lib\logging\config.py first seen with mtime 1738656312.0
File C:\mypython3\django\Lib\site-packages\django\contrib\auth\apps.py first seen with mtime 1773145194.202163
File C:\mypython3\django\Lib\site-packages\django\db\models\query.py first seen with mtime 1773145196.1357875
File C:\Users\user\AppData\Local\Programs\Python\Python312\Lib\http\__init__.py first seen with mtime 1738656312.0
File C:\Users\user\AppData\Local\Programs\Python\Python312\Lib\re\__init__.py first seen with mtime 1738656312.0
File C:\mypython3\django\Lib\site-packages\rest_framework\templatetags\rest_framework.py first seen with mtime 1773211313.0499468
File C:\mypython3\django\Lib\site-packages\django\db\models\sql\where.py first seen with mtime 1773145196.1578827
File C:\mypython3\django\Lib\site-packages\django\contrib\admin\exceptions.py first seen with mtime 1773145193.498147
File C:\mypython3\django\Lib\site-packages\django\contrib\messages\storage\base.py first seen with mtime 1773145195.216087
File C:\mypython3\django\Lib\site-packages\django\contrib\staticfiles\management\commands\__init__.py first seen with mtime 1773145195.9739394
File C:\mypython3\django\Lib\site-packages\django\dispatch\dispatcher.py first seen with mtime 1773145196.1588857
File C:\mypython3\django\Scripts\hello_django1\myhello\__init__.py first seen with mtime 1773209089.9994023
File C:\Users\user\AppData\Local\Programs\Python\Python312\Lib\opcode.py first seen with mtime 1738656312.0
File C:\mypython3\django\Lib\site-packages\django\db\models\fields\proxy.py first seen with mtime 1773145196.1428242
File C:\mypython3\django\Lib\site-packages\django\utils\termcolors.py first seen with mtime 1773145196.308205
File C:\mypython3\django\Lib\site-packages\django\contrib\auth\backends.py first seen with mtime 1773145194.202163
File C:\Users\user\AppData\Local\Programs\Python\Python312\Lib\pathlib.py first seen with mtime 1738656312.0
File C:\Users\user\AppData\Local\Programs\Python\Python312\DLLs\_hashlib.pyd first seen with mtime 1738656366.0
File C:\Users\user\AppData\Local\Programs\Python\Python312\Lib\http\server.py first seen with mtime 1738656312.0
File C:\mypython3\django\Lib\site-packages\django\db\models\fields\reverse_related.py first seen with mtime 1773145196.1460817
File C:\Users\user\AppData\Local\Programs\Python\Python312\DLLs\select.pyd first seen with mtime 1738656366.0
File C:\mypython3\django\Lib\site-packages\django\utils\dateparse.py first seen with mtime 1773145196.2914486
File C:\mypython3\django\Lib\site-packages\django\utils\dates.py first seen with mtime 1773145196.292947
File C:\Users\user\AppData\Local\Programs\Python\Python312\Lib\mimetypes.py first seen with mtime 1738656312.0
File C:\Users\user\AppData\Local\Programs\Python\Python312\Lib\asyncio\timeouts.py first seen with mtime 1738656312.0
File C:\mypython3\django\Lib\site-packages\django\core\management\commands\runserver.py first seen with mtime 1773145196.0401168
File C:\mypython3\django\Lib\site-packages\asgiref\sync.py first seen with mtime 1773145192.946536
File C:\mypython3\django\Lib\site-packages\django\utils\numberformat.py first seen with mtime 1773145196.306123
File C:\Users\user\AppData\Local\Programs\Python\Python312\Lib\email\mime\nonmultipart.py first seen with mtime 1738656312.0
File C:\mypython3\django\Lib\site-packages\django\contrib\contenttypes\checks.py first seen with mtime 1773145194.4121568
File C:\mypython3\django\Lib\site-packages\django\db\backends\base\client.py first seen with mtime 1773145196.0605943
File C:\mypython3\django\Lib\site-packages\django\utils\log.py first seen with mtime 1773145196.3038268
File C:\Users\user\AppData\Local\Programs\Python\Python312\DLLs\_wmi.pyd first seen with mtime 1738656366.0
File C:\mypython3\django\Lib\site-packages\django\core\checks\database.py first seen with mtime 1773145195.9956176
File C:\mypython3\django\Lib\site-packages\django\db\utils.py first seen with mtime 1773145196.0555813
File C:\Users\user\AppData\Local\Programs\Python\Python312\Lib\email\parser.py first seen with mtime 1738656312.0
File C:\Users\user\AppData\Local\Programs\Python\Python312\Lib\operator.py first seen with mtime 1738656312.0
File C:\mypython3\django\Scripts\hello_django1\manage.py first seen with mtime 1773146754.8730004
File C:\mypython3\django\Lib\site-packages\django\views\decorators\csp.py first seen with mtime 1773145196.3242855
File C:\Users\user\AppData\Local\Programs\Python\Python312\Lib\ctypes\_endian.py first seen with mtime 1738656312.0
File C:\Users\user\AppData\Local\Programs\Python\Python312\Lib\ctypes\__init__.py first seen with mtime 1738656312.0
File C:\mypython3\django\Lib\site-packages\django\core\files\__init__.py first seen with mtime 1773145196.0051029
File C:\mypython3\django\Lib\site-packages\sqlparse\cli.py first seen with mtime 1773145192.837533
File C:\mypython3\django\Lib\site-packages\django\contrib\admin\templatetags\admin_modify.py first seen with mtime 1773145193.9964445
File C:\mypython3\django\Lib\site-packages\django\db\backends\sqlite3\client.py first seen with mtime 1773145196.1084104
File C:\mypython3\django\Lib\site-packages\django\core\signing.py first seen with mtime 1773145195.9827394
File C:\mypython3\django\Lib\site-packages\rest_framework\schemas\utils.py first seen with mtime 1773211312.946916
File C:\mypython3\django\Lib\site-packages\django\views\decorators\common.py first seen with mtime 1773145196.3230605
File C:\Users\user\AppData\Local\Programs\Python\Python312\Lib\linecache.py first seen with mtime 1738656312.0
File C:\mypython3\django\Lib\site-packages\django\contrib\sessions\models.py first seen with mtime 1773145195.5635092
File C:\Users\user\AppData\Local\Programs\Python\Python312\Lib\html\entities.py first seen with mtime 1738656312.0
File C:\Users\user\AppData\Local\Programs\Python\Python312\Lib\threading.py first seen with mtime 1738656314.0
File C:\Users\user\AppData\Local\Programs\Python\Python312\Lib\gzip.py first seen with mtime 1738656312.0
File C:\mypython3\django\Lib\site-packages\django\db\migrations\operations\__init__.py first seen with mtime 1773145196.1231077
File C:\mypython3\django\Lib\site-packages\django\db\models\expressions.py first seen with mtime 1773145196.1317077
File C:\Users\user\AppData\Local\Programs\Python\Python312\Lib\email\iterators.py first seen with mtime 1738656312.0
File C:\mypython3\django\Lib\site-packages\django\core\handlers\wsgi.py first seen with mtime 1773145196.0171359
File C:\Users\user\AppData\Local\Programs\Python\Python312\Lib\subprocess.py first seen with mtime 1738656312.0
File C:\mypython3\django\Lib\site-packages\django\contrib\staticfiles\__init__.py first seen with mtime 1773145195.966913
File C:\mypython3\django\Lib\site-packages\sqlparse\filters\__init__.py first seen with mtime 1773145192.848455
File C:\mypython3\django\Lib\site-packages\django\db\models\fields\related_lookups.py first seen with mtime 1773145196.1449113
File C:\Users\user\AppData\Local\Programs\Python\Python312\Lib\asyncio\runners.py first seen with mtime 1738656312.0
File C:\mypython3\django\Lib\site-packages\django\contrib\sessions\__init__.py first seen with mtime 1773145195.5604944
File C:\mypython3\django\Lib\site-packages\rest_framework\reverse.py first seen with mtime 1773211312.7804887
File C:\mypython3\django\Lib\site-packages\django\db\models\functions\mixins.py first seen with mtime 1773145196.1504881
File C:\Users\user\AppData\Local\Programs\Python\Python312\Lib\asyncio\__init__.py first seen with mtime 1738656312.0
File C:\mypython3\django\Lib\site-packages\django\template\defaultfilters.py first seen with mtime 1773145196.2489684
File C:\Users\user\AppData\Local\Programs\Python\Python312\Lib\_markupbase.py first seen with mtime 1738656312.0
File C:\mypython3\django\Lib\site-packages\django\http\cookie.py first seen with mtime 1773145196.2290022
File C:\mypython3\django\Lib\site-packages\django\contrib\admindocs\__init__.py first seen with mtime 1773145194.0025258
File C:\mypython3\django\Lib\site-packages\django\db\models\constraints.py first seen with mtime 1773145196.130504
File C:\mypython3\django\Lib\site-packages\django\contrib\admin\helpers.py first seen with mtime 1773145193.4997232
File C:\mypython3\django\Lib\site-packages\django\core\files\storage\memory.py first seen with mtime 1773145196.0128129
File C:\mypython3\django\Lib\site-packages\django\templatetags\i18n.py first seen with mtime 1773145196.2654092
File C:\mypython3\django\Lib\site-packages\django\contrib\auth\password_validation.py first seen with mtime 1773145194.2097628
File C:\mypython3\django\Lib\site-packages\django\core\files\temp.py first seen with mtime 1773145196.0071077
File C:\mypython3\django\Lib\site-packages\rest_framework\schemas\generators.py first seen with mtime 1773211312.946916
File C:\mypython3\django\Lib\site-packages\rest_framework\utils\json.py first seen with mtime 1773211313.0659816
File C:\Users\user\AppData\Local\Programs\Python\Python312\Lib\encodings\utf_8.py first seen with mtime 1738656312.0
File C:\mypython3\django\Lib\site-packages\django\core\mail\utils.py first seen with mtime 1773145196.0191846
File C:\mypython3\django\Lib\site-packages\django\db\backends\postgresql\__init__.py first seen with mtime 1773145196.098071
File C:\Users\user\AppData\Local\Programs\Python\Python312\Lib\concurrent\futures\__init__.py first seen with mtime 1738656312.0
File C:\mypython3\django\Lib\site-packages\django\db\models\fields\related_descriptors.py first seen with mtime 1773145196.1449113
File C:\mypython3\django\Lib\site-packages\django\http\__init__.py first seen with mtime 1773145196.2290022
File C:\mypython3\django\Lib\site-packages\django\views\defaults.py first seen with mtime 1773145196.3195925
File C:\mypython3\django\Lib\site-packages\django\contrib\messages\storage\__init__.py first seen with mtime 1773145195.2149706
File C:\Users\user\AppData\Local\Programs\Python\Python312\Lib\asyncio\mixins.py first seen with mtime 1738656312.0
File C:\mypython3\django\Lib\site-packages\django\contrib\admin\templatetags\__init__.py first seen with mtime 1773145193.9942608
File C:\Users\user\AppData\Local\Programs\Python\Python312\Lib\asyncio\proactor_events.py first seen with mtime 1738656312.0
File C:\mypython3\django\Lib\site-packages\django\contrib\auth\checks.py first seen with mtime 1773145194.2036693
File C:\mypython3\django\Lib\site-packages\django\core\servers\__init__.py first seen with mtime 1773145196.053576
File C:\mypython3\django\Lib\site-packages\django\utils\encoding.py first seen with mtime 1773145196.2962735
File C:\Users\user\AppData\Local\Programs\Python\Python312\Lib\email\__init__.py first seen with mtime 1738656312.0
File C:\mypython3\django\Lib\site-packages\django\core\management\commands\makemigrations.py first seen with mtime 1773145196.0381
File C:\mypython3\django\Lib\site-packages\django\utils\inspect.py first seen with mtime 1773145196.3016546
File C:\Users\user\AppData\Local\Programs\Python\Python312\Lib\sysconfig.py first seen with mtime 1738656312.0
File C:\mypython3\django\Lib\site-packages\django\core\checks\files.py first seen with mtime 1773145195.9956176
File C:\mypython3\django\Lib\site-packages\django\contrib\admin\views\__init__.py first seen with mtime 1773145193.999184
File C:\Users\user\AppData\Local\Programs\Python\Python312\Lib\string.py first seen with mtime 1738656312.0
File C:\Users\user\AppData\Local\Programs\Python\Python312\Lib\encodings\cp950.py first seen with mtime 1738656312.0
File C:\mypython3\django\Lib\site-packages\django\core\cache\backends\base.py first seen with mtime 1773145195.9867523
File C:\mypython3\django\Lib\site-packages\django\template\library.py first seen with mtime 1773145196.252318
File C:\Users\user\AppData\Local\Programs\Python\Python312\Lib\encodings\utf_8_sig.py first seen with mtime 1738656312.0
File C:\mypython3\django\Lib\site-packages\django\core\cache\__init__.py first seen with mtime 1773145195.9847455
File C:\mypython3\django\Lib\site-packages\sqlparse\engine\__init__.py first seen with mtime 1773145192.8452957
File C:\Users\user\AppData\Local\Programs\Python\Python312\Lib\urllib\request.py first seen with mtime 1738656314.0
File C:\mypython3\django\Lib\site-packages\django\utils\version.py first seen with mtime 1773145196.3117063
File C:\Users\user\AppData\Local\Programs\Python\Python312\DLLs\_ctypes.pyd first seen with mtime 1738656366.0
File C:\mypython3\django\Lib\site-packages\django\db\models\fields\generated.py first seen with mtime 1773145196.1398132
File C:\Users\user\AppData\Local\Programs\Python\Python312\Lib\re\_parser.py first seen with mtime 1738656312.0
File C:\mypython3\django\Lib\site-packages\django\utils\cache.py first seen with mtime 1773145196.2874978
File C:\Users\user\AppData\Local\Programs\Python\Python312\Lib\asyncio\threads.py first seen with mtime 1738656312.0
File C:\Users\user\AppData\Local\Programs\Python\Python312\Lib\json\decoder.py first seen with mtime 1738656312.0
File C:\mypython3\django\Lib\site-packages\django\core\serializers\python.py first seen with mtime 1773145196.051571
File C:\Users\user\AppData\Local\Programs\Python\Python312\DLLs\_bz2.pyd first seen with mtime 1738656366.0
File C:\mypython3\django\Lib\site-packages\django\db\backends\sqlite3\_functions.py first seen with mtime 1773145196.1074038
File C:\mypython3\django\Lib\site-packages\django\contrib\sessions\backends\__init__.py first seen with mtime 1773145195.5645118
File C:\Users\user\AppData\Local\Programs\Python\Python312\Lib\asyncio\subprocess.py first seen with mtime 1738656312.0
File C:\Users\user\AppData\Local\Programs\Python\Python312\Lib\asyncio\log.py first seen with mtime 1738656312.0
File C:\Users\user\AppData\Local\Programs\Python\Python312\Lib\fnmatch.py first seen with mtime 1738656312.0
File C:\mypython3\django\Lib\site-packages\django\forms\renderers.py first seen with mtime 1773145196.1649306
File C:\mypython3\django\Lib\site-packages\django\contrib\sessions\backends\base.py first seen with mtime 1773145195.5655143
File C:\Users\user\AppData\Local\Programs\Python\Python312\Lib\email\mime\text.py first seen with mtime 1738656312.0
File C:\mypython3\django\Lib\site-packages\django\contrib\contenttypes\apps.py first seen with mtime 1773145194.4121568
File C:\mypython3\django\Lib\site-packages\django\db\migrations\operations\fields.py first seen with mtime 1773145196.125113
File C:\Users\user\AppData\Local\Programs\Python\Python312\Lib\pprint.py first seen with mtime 1738656312.0
File C:\mypython3\django\Lib\site-packages\django\template\loaders\__init__.py first seen with mtime 1773145196.2604578
File C:\mypython3\django\Lib\site-packages\django\views\generic\dates.py first seen with mtime 1773145196.3303373
File C:\mypython3\django\Lib\site-packages\rest_framework\utils\humanize_datetime.py first seen with mtime 1773211313.0659816
File C:\mypython3\django\Lib\site-packages\django\db\backends\utils.py first seen with mtime 1773145196.058589
File C:\Users\user\AppData\Local\Programs\Python\Python312\Lib\bz2.py first seen with mtime 1738656312.0
File C:\mypython3\django\Lib\site-packages\django\db\migrations\operations\models.py first seen with mtime 1773145196.125113
File C:\mypython3\django\Lib\site-packages\django\__init__.py first seen with mtime 1773145193.0611882
File C:\Users\user\AppData\Local\Programs\Python\Python312\Lib\asyncio\tasks.py first seen with mtime 1738656312.0
File C:\Users\user\AppData\Local\Programs\Python\Python312\Lib\secrets.py first seen with mtime 1738656312.0
File C:\mypython3\django\Lib\site-packages\django\db\backends\sqlite3\base.py first seen with mtime 1773145196.1074038
File C:\Users\user\AppData\Local\Programs\Python\Python312\Lib\textwrap.py first seen with mtime 1738656314.0
File C:\Users\user\AppData\Local\Programs\Python\Python312\Lib\http\cookies.py first seen with mtime 1738656312.0
File C:\mypython3\django\Lib\site-packages\django\http\multipartparser.py first seen with mtime 1773145196.2300172
File C:\mypython3\django\Lib\site-packages\django\core\files\move.py first seen with mtime 1773145196.0071077
File C:\mypython3\django\Lib\site-packages\django\middleware\csrf.py first seen with mtime 1773145196.236068
File C:\mypython3\django\Lib\site-packages\django\contrib\auth\models.py first seen with mtime 1773145194.209344
File C:\mypython3\django\Lib\site-packages\rest_framework\relations.py first seen with mtime 1773211312.7804887
File C:\mypython3\django\Lib\site-packages\django\forms\boundfield.py first seen with mtime 1773145196.1608996
File C:\mypython3\django\Lib\site-packages\django\template\exceptions.py first seen with mtime 1773145196.2509928
File C:\Users\user\AppData\Local\Programs\Python\Python312\Lib\email\errors.py first seen with mtime 1738656312.0
File C:\Users\user\AppData\Local\Programs\Python\Python312\Lib\keyword.py first seen with mtime 1738656312.0
File C:\mypython3\django\Lib\site-packages\django\db\backends\sqlite3\features.py first seen with mtime 1773145196.1094236
File C:\mypython3\django\Lib\site-packages\django\db\models\fields\json.py first seen with mtime 1773145196.141822
File C:\Users\user\AppData\Local\Programs\Python\Python312\Lib\email\headerregistry.py first seen with mtime 1738656312.0
File C:\Users\user\AppData\Local\Programs\Python\Python312\Lib\zoneinfo\_tzpath.py first seen with mtime 1738656314.0
File C:\mypython3\django\Lib\site-packages\django\db\models\constants.py first seen with mtime 1773145196.1291237
File C:\mypython3\django\Lib\site-packages\django\utils\translation\trans_real.py first seen with mtime 1773145196.3164568
File C:\mypython3\django\Lib\site-packages\django\utils\module_loading.py first seen with mtime 1773145196.3050413
File C:\mypython3\django\Lib\site-packages\django\core\checks\model_checks.py first seen with mtime 1773145195.996686
File C:\mypython3\django\Lib\site-packages\django\contrib\auth\admin.py first seen with mtime 1773145194.2009065
File C:\Users\user\AppData\Local\Programs\Python\Python312\Lib\queue.py first seen with mtime 1738656312.0
File C:\Users\user\AppData\Local\Programs\Python\Python312\DLLs\_sqlite3.pyd first seen with mtime 1738656366.0
File C:\mypython3\django\Lib\site-packages\django\db\models\functions\comparison.py first seen with mtime 1773145196.14814
File C:\mypython3\django\Lib\site-packages\django\contrib\admin\views\decorators.py first seen with mtime 1773145194.000275
File C:\mypython3\django\Lib\site-packages\django\views\i18n.py first seen with mtime 1773145196.3195925
File C:\Users\user\AppData\Local\Programs\Python\Python312\Lib\calendar.py first seen with mtime 1738656312.0
File C:\Users\user\AppData\Local\Programs\Python\Python312\DLLs\_queue.pyd first seen with mtime 1738656366.0
File C:\mypython3\django\Lib\site-packages\django\utils\regex_helper.py first seen with mtime 1773145196.306123
File C:\mypython3\django\Lib\site-packages\rest_framework\utils\encoders.py first seen with mtime 1773211313.0499468
File C:\Users\user\AppData\Local\Programs\Python\Python312\DLLs\_overlapped.pyd first seen with mtime 1738656366.0
File C:\Users\user\AppData\Local\Programs\Python\Python312\Lib\asyncio\windows_utils.py first seen with mtime 1738656312.0
File C:\mypython3\django\Lib\site-packages\django\core\handlers\asgi.py first seen with mtime 1773145196.0159414
File C:\mypython3\django\Lib\site-packages\django\core\files\base.py first seen with mtime 1773145196.0051029
File C:\Users\user\AppData\Local\Programs\Python\Python312\Lib\email\base64mime.py first seen with mtime 1738656312.0
File C:\Users\user\AppData\Local\Programs\Python\Python312\Lib\argparse.py first seen with mtime 1738656312.0
File C:\mypython3\django\Lib\site-packages\django\middleware\security.py first seen with mtime 1773145196.2384107
File C:\mypython3\django\Lib\site-packages\django\template\utils.py first seen with mtime 1773145196.2546358
File C:\mypython3\django\Lib\site-packages\django\db\models\fields\__init__.py first seen with mtime 1773145196.1388083
File C:\mypython3\django\Scripts\hello_django1\hello_django\settings.py first seen with mtime 1773211438.560818
File C:\mypython3\django\Lib\site-packages\django\core\management\utils.py first seen with mtime 1773145196.0292833
File C:\Users\user\AppData\Local\Programs\Python\Python312\Lib\email\_encoded_words.py first seen with mtime 1738656312.0
File C:\Users\user\AppData\Local\Programs\Python\Python312\Lib\_compat_pickle.py first seen with mtime 1738656312.0
File C:\mypython3\django\Lib\site-packages\django\core\files\uploadedfile.py first seen with mtime 1773145196.0081103
File C:\Users\user\AppData\Local\Programs\Python\Python312\Lib\datetime.py first seen with mtime 1738656312.0
File C:\mypython3\django\Lib\site-packages\rest_framework\utils\timezone.py first seen with mtime 1773211313.0659816
File C:\Users\user\AppData\Local\Programs\Python\Python312\DLLs\_uuid.pyd first seen with mtime 1738656366.0
File C:\mypython3\django\Lib\site-packages\django\template\response.py first seen with mtime 1773145196.2546358
File C:\mypython3\django\Lib\site-packages\rest_framework\schemas\openapi.py first seen with mtime 1773211312.946916
File C:\mypython3\django\Lib\site-packages\django\middleware\common.py first seen with mtime 1773145196.2340477
File C:\Users\user\AppData\Local\Programs\Python\Python312\Lib\json\scanner.py first seen with mtime 1738656312.0
File C:\mypython3\django\Scripts\hello_django1\hello_django\urls.py first seen with mtime 1773210014.6663246
File C:\Users\user\AppData\Local\Programs\Python\Python312\Lib\asyncio\streams.py first seen with mtime 1738656312.0
File C:\Users\user\AppData\Local\Programs\Python\Python312\DLLs\_decimal.pyd first seen with mtime 1738656366.0
File C:\Users\user\AppData\Local\Programs\Python\Python312\Lib\asyncio\transports.py first seen with mtime 1738656312.0
File C:\mypython3\django\Lib\site-packages\django\contrib\contenttypes\__init__.py first seen with mtime 1773145194.411154
File C:\mypython3\django\Lib\site-packages\rest_framework\utils\model_meta.py first seen with mtime 1773211313.0659816
File C:\mypython3\django\Lib\site-packages\django\conf\urls\__init__.py first seen with mtime 1773145193.4895015
File C:\mypython3\django\Lib\site-packages\django\db\migrations\migration.py first seen with mtime 1773145196.1180944
File C:\mypython3\django\Lib\site-packages\django\utils\safestring.py first seen with mtime 1773145196.3072007
File C:\mypython3\django\Lib\site-packages\django\contrib\auth\decorators.py first seen with mtime 1773145194.2058501
File C:\mypython3\django\Lib\site-packages\django\contrib\postgres\__init__.py first seen with mtime 1773145195.2184584
File C:\mypython3\django\Lib\site-packages\django\contrib\sessions\base_session.py first seen with mtime 1773145195.561499
File C:\Users\user\AppData\Local\Programs\Python\Python312\Lib\ipaddress.py first seen with mtime 1738656312.0
File C:\mypython3\django\Lib\site-packages\django\core\checks\compatibility\__init__.py first seen with mtime 1773145196.0000894
File C:\mypython3\django\Lib\site-packages\django\urls\converters.py first seen with mtime 1773145196.2778685
File C:\Users\user\AppData\Local\Programs\Python\Python312\Lib\shutil.py first seen with mtime 1738656312.0
File C:\mypython3\django\Lib\site-packages\sqlparse\filters\tokens.py first seen with mtime 1773145192.8523216
File C:\mypython3\django\Lib\site-packages\django\template\autoreload.py first seen with mtime 1773145196.246394
File C:\Users\user\AppData\Local\Programs\Python\Python312\Lib\__future__.py first seen with mtime 1738656312.0
File C:\mypython3\django\Lib\site-packages\django\contrib\auth\validators.py first seen with mtime 1773145194.211765
File C:\mypython3\django\Lib\site-packages\django\contrib\contenttypes\models.py first seen with mtime 1773145194.414056
File C:\mypython3\django\Lib\site-packages\rest_framework\request.py first seen with mtime 1773211312.7804887
File C:\mypython3\django\Lib\site-packages\django\contrib\contenttypes\fields.py first seen with mtime 1773145194.4131591
File C:\Users\user\AppData\Local\Programs\Python\Python312\Lib\graphlib.py first seen with mtime 1738656312.0
File C:\mypython3\django\Lib\site-packages\rest_framework\utils\formatting.py first seen with mtime 1773211313.0499468
File C:\mypython3\django\Lib\site-packages\django\core\mail\message.py first seen with mtime 1773145196.0191846
File C:\mypython3\django\Lib\site-packages\rest_framework\metadata.py first seen with mtime 1773211312.7706516
File C:\mypython3\django\Lib\site-packages\rest_framework\authentication.py first seen with mtime 1773211312.7706516
File C:\Users\user\AppData\Local\Programs\Python\Python312\Lib\json\__init__.py first seen with mtime 1738656312.0
File C:\mypython3\django\Lib\site-packages\django\views\decorators\cache.py first seen with mtime 1773145196.3217947
File C:\Users\user\AppData\Local\Programs\Python\Python312\Lib\hashlib.py first seen with mtime 1738656312.0
File C:\mypython3\django\Lib\site-packages\django\forms\formsets.py first seen with mtime 1773145196.1629066
File C:\Users\user\AppData\Local\Programs\Python\Python312\Lib\email\quoprimime.py first seen with mtime 1738656312.0
File C:\Users\user\AppData\Local\Programs\Python\Python312\Lib\warnings.py first seen with mtime 1738656314.0
File C:\Users\user\AppData\Local\Programs\Python\Python312\Lib\struct.py first seen with mtime 1738656312.0
File C:\mypython3\django\Lib\site-packages\django\template\loader_tags.py first seen with mtime 1773145196.2536273
File C:\mypython3\django\Lib\site-packages\rest_framework\views.py first seen with mtime 1773211312.7804887
File C:\mypython3\django\Lib\site-packages\django\utils\lorem_ipsum.py first seen with mtime 1773145196.3050413
File C:\Users\user\AppData\Local\Programs\Python\Python312\Lib\asyncio\windows_events.py first seen with mtime 1738656312.0
File C:\mypython3\django\Lib\site-packages\rest_framework\utils\representation.py first seen with mtime 1773211313.0659816
File C:\Users\user\AppData\Local\Programs\Python\Python312\Lib\email\mime\base.py first seen with mtime 1738656312.0
File C:\Users\user\AppData\Local\Programs\Python\Python312\Lib\socket.py first seen with mtime 1738656312.0
File C:\Users\user\AppData\Local\Programs\Python\Python312\Lib\email\feedparser.py first seen with mtime 1738656312.0
File C:\Users\user\AppData\Local\Programs\Python\Python312\Lib\email\mime\message.py first seen with mtime 1738656312.0
File C:\Users\user\AppData\Local\Programs\Python\Python312\Lib\multiprocessing\reduction.py first seen with mtime 1738656312.0
File C:\mypython3\django\Lib\site-packages\django\contrib\auth\templatetags\auth.py first seen with mtime 1773145194.4101508
File C:\mypython3\django\Lib\site-packages\django\core\checks\templates.py first seen with mtime 1773145195.9976888
File C:\mypython3\django\Lib\site-packages\django\core\checks\async_checks.py first seen with mtime 1773145195.993607
File C:\mypython3\django\Lib\site-packages\django\contrib\admin\views\main.py first seen with mtime 1773145194.0013695
File C:\mypython3\django\Lib\site-packages\django\db\models\sql\__init__.py first seen with mtime 1773145196.152493
File C:\mypython3\django\Lib\site-packages\django\db\migrations\autodetector.py first seen with mtime 1773145196.1140866
File C:\mypython3\django\Lib\site-packages\django\db\models\functions\json.py first seen with mtime 1773145196.14814
File C:\mypython3\django\Lib\site-packages\django\conf\__init__.py first seen with mtime 1773145193.0665152
File C:\mypython3\django\Lib\site-packages\django\contrib\admin\widgets.py first seen with mtime 1773145193.5056791
File C:\mypython3\django\Lib\site-packages\django\contrib\sessions\exceptions.py first seen with mtime 1773145195.561499
File C:\mypython3\django\Lib\site-packages\rest_framework\schemas\__init__.py first seen with mtime 1773211312.946916
File C:\Users\user\AppData\Local\Programs\Python\Python312\Lib\html\__init__.py first seen with mtime 1738656312.0
File C:\mypython3\django\Lib\site-packages\django\utils\autoreload.py first seen with mtime 1773145196.2862146
File C:\mypython3\django\Lib\site-packages\django\contrib\staticfiles\views.py first seen with mtime 1773145195.972909
File C:\Users\user\AppData\Local\Programs\Python\Python312\Lib\email\mime\multipart.py first seen with mtime 1738656312.0
File C:\Users\user\AppData\Local\Programs\Python\Python312\Lib\token.py first seen with mtime 1738656314.0
File C:\mypython3\django\Lib\site-packages\django\contrib\messages\api.py first seen with mtime 1773145195.2104838
File C:\mypython3\django\Lib\site-packages\django\db\backends\base\validation.py first seen with mtime 1773145196.0737398
File C:\mypython3\django\Lib\site-packages\django\template\loaders\filesystem.py first seen with mtime 1773145196.2629397
File C:\mypython3\django\Lib\site-packages\sqlparse\keywords.py first seen with mtime 1773145192.8408105
File C:\Users\user\AppData\Local\Programs\Python\Python312\Lib\ast.py first seen with mtime 1738656312.0
File C:\mypython3\django\Lib\site-packages\django\core\checks\commands.py first seen with mtime 1773145195.9946108
File C:\Users\user\AppData\Local\Programs\Python\Python312\Lib\contextlib.py first seen with mtime 1738656312.0
File C:\mypython3\django\Lib\site-packages\django\contrib\admin\templatetags\admin_urls.py first seen with mtime 1773145193.9976585
File C:\mypython3\django\Lib\site-packages\django\views\generic\detail.py first seen with mtime 1773145196.3303373
File C:\mypython3\django\Lib\site-packages\django\core\checks\security\__init__.py first seen with mtime 1773145196.0020945
File C:\mypython3\django\Lib\site-packages\django\utils\deconstruct.py first seen with mtime 1773145196.2939546
File C:\Users\user\AppData\Local\Programs\Python\Python312\Lib\selectors.py first seen with mtime 1738656312.0
File C:\mypython3\django\Lib\site-packages\django\contrib\sessions\apps.py first seen with mtime 1773145195.5604944
File C:\mypython3\django\Lib\site-packages\rest_framework\exceptions.py first seen with mtime 1773211312.7706516
File C:\mypython3\django\Lib\site-packages\django\core\serializers\__init__.py first seen with mtime 1773145196.049322
File C:\mypython3\django\Lib\site-packages\sqlparse\filters\others.py first seen with mtime 1773145192.8499115
File C:\mypython3\django\Lib\site-packages\django\contrib\admin\views\autocomplete.py first seen with mtime 1773145194.000275
File C:\mypython3\django\Lib\site-packages\django\contrib\contenttypes\management\__init__.py first seen with mtime 1773145194.610613
File C:\Users\user\AppData\Local\Programs\Python\Python312\Lib\email\message.py first seen with mtime 1738656312.0
File C:\mypython3\django\Lib\site-packages\_virtualenv.py first seen with mtime 1773145102.794879
File C:\Users\user\AppData\Local\Programs\Python\Python312\DLLs\unicodedata.pyd first seen with mtime 1738656366.0
File C:\mypython3\django\Lib\site-packages\django\urls\base.py first seen with mtime 1773145196.2768354
File C:\mypython3\django\Lib\site-packages\django\contrib\contenttypes\admin.py first seen with mtime 1773145194.411154
File C:\mypython3\django\Lib\site-packages\django\contrib\staticfiles\finders.py first seen with mtime 1773145195.9689355
File C:\Users\user\AppData\Local\Programs\Python\Python312\Lib\gettext.py first seen with mtime 1738656312.0
File C:\mypython3\django\Lib\site-packages\django\db\migrations\graph.py first seen with mtime 1773145196.116089
File C:\Users\user\AppData\Local\Programs\Python\Python312\Lib\asyncio\coroutines.py first seen with mtime 1738656312.0
File C:\mypython3\django\Lib\site-packages\rest_framework\mixins.py first seen with mtime 1773211312.7804887
File C:\mypython3\django\Lib\site-packages\django\templatetags\static.py first seen with mtime 1773145196.2664125
File C:\mypython3\django\Lib\site-packages\django\forms\fields.py first seen with mtime 1773145196.1619065
File C:\mypython3\django\Lib\site-packages\rest_framework\utils\breadcrumbs.py first seen with mtime 1773211313.0499468
File C:\Users\user\AppData\Local\Programs\Python\Python312\Lib\asyncio\constants.py first seen with mtime 1738656312.0
File C:\mypython3\django\Lib\site-packages\django\db\backends\sqlite3\schema.py first seen with mtime 1773145196.113003
File C:\mypython3\django\Lib\site-packages\rest_framework\utils\html.py first seen with mtime 1773211313.0659816
File C:\Users\user\AppData\Local\Programs\Python\Python312\Lib\numbers.py first seen with mtime 1738656312.0
File C:\Users\user\AppData\Local\Programs\Python\Python312\Lib\bisect.py first seen with mtime 1738656312.0
File C:\Users\user\AppData\Local\Programs\Python\Python312\Lib\lzma.py first seen with mtime 1738656312.0
File C:\mypython3\django\Lib\site-packages\django\utils\timesince.py first seen with mtime 1773145196.3096595
File C:\Users\user\AppData\Local\Programs\Python\Python312\DLLs\_lzma.pyd first seen with mtime 1738656366.0
File C:\mypython3\django\Lib\site-packages\django\contrib\messages\constants.py first seen with mtime 1773145195.2114909
File C:\mypython3\django\Lib\site-packages\django\core\wsgi.py first seen with mtime 1773145195.9837432
File C:\mypython3\django\Lib\site-packages\django\db\models\lookups.py first seen with mtime 1773145196.133716
File C:\Users\user\AppData\Local\Programs\Python\Python312\DLLs\_zoneinfo.pyd first seen with mtime 1738656366.0
File C:\Users\user\AppData\Local\Programs\Python\Python312\Lib\tokenize.py first seen with mtime 1738656314.0
File C:\mypython3\django\Lib\site-packages\django\db\backends\signals.py first seen with mtime 1773145196.057587
File C:\mypython3\django\Lib\site-packages\django\utils\__init__.py first seen with mtime 1773145196.281257
File C:\mypython3\django\Lib\site-packages\sqlparse\filters\right_margin.py first seen with mtime 1773145192.8509643
File C:\mypython3\django\Lib\site-packages\django\db\models\__init__.py first seen with mtime 1773145196.127118
File C:\Users\user\AppData\Local\Programs\Python\Python312\Lib\encodings\aliases.py first seen with mtime 1738656312.0
File C:\mypython3\django\Lib\site-packages\asgiref\__init__.py first seen with mtime 1773145192.9425004
File C:\mypython3\django\Lib\site-packages\django\db\models\functions\datetime.py first seen with mtime 1773145196.14814
File C:\Users\user\AppData\Local\Programs\Python\Python312\Lib\re\_constants.py first seen with mtime 1738656312.0
File C:\mypython3\django\Lib\site-packages\sqlparse\engine\filter_stack.py first seen with mtime 1773145192.8452957
File C:\mypython3\django\Lib\site-packages\django\template\loaders\app_directories.py first seen with mtime 1773145196.2604578
File C:\Users\user\AppData\Local\Programs\Python\Python312\Lib\sqlite3\dbapi2.py first seen with mtime 1738656312.0
File C:\Users\user\AppData\Local\Programs\Python\Python312\Lib\multiprocessing\process.py first seen with mtime 1738656312.0
File C:\mypython3\django\Lib\site-packages\django\views\decorators\__init__.py first seen with mtime 1773145196.3217947
File C:\mypython3\django\Lib\site-packages\django\db\models\indexes.py first seen with mtime 1773145196.132712
File C:\Users\user\AppData\Local\Programs\Python\Python312\Lib\multiprocessing\context.py first seen with mtime 1738656312.0
File C:\mypython3\django\Lib\site-packages\rest_framework\negotiation.py first seen with mtime 1773211312.7804887
File C:\mypython3\django\Lib\site-packages\django\templatetags\tz.py first seen with mtime 1773145196.2678335
File C:\Users\user\AppData\Local\Programs\Python\Python312\Lib\email\encoders.py first seen with mtime 1738656312.0
File C:\mypython3\django\Lib\site-packages\django\forms\__init__.py first seen with mtime 1773145196.1608996
File C:\mypython3\django\Lib\site-packages\django\utils\translation\reloader.py first seen with mtime 1773145196.3137293
File C:\mypython3\django\Lib\site-packages\django\templatetags\cache.py first seen with mtime 1773145196.2654092
File C:\mypython3\django\Lib\site-packages\sqlparse\exceptions.py first seen with mtime 1773145192.8387983
File C:\Users\user\AppData\Local\Programs\Python\Python312\Lib\asyncio\taskgroups.py first seen with mtime 1738656312.0
File C:\Users\user\AppData\Local\Programs\Python\Python312\Lib\traceback.py first seen with mtime 1738656314.0
File C:\mypython3\django\Lib\site-packages\django\template\__init__.py first seen with mtime 1773145196.245047
File C:\mypython3\django\Lib\site-packages\django\urls\utils.py first seen with mtime 1773145196.2802548
File C:\mypython3\django\Lib\site-packages\django\contrib\contenttypes\views.py first seen with mtime 1773145194.415163
File C:\mypython3\django\Lib\site-packages\django\core\checks\messages.py first seen with mtime 1773145195.996686
File C:\mypython3\django\Lib\site-packages\django\contrib\admin\options.py first seen with mtime 1773145193.5018322
File C:\mypython3\django\Lib\site-packages\sqlparse\lexer.py first seen with mtime 1773145192.8408105
File C:\mypython3\django\Lib\site-packages\django\templatetags\l10n.py first seen with mtime 1773145196.2664125
File C:\mypython3\django\Lib\site-packages\django\utils\functional.py first seen with mtime 1773145196.2984064
File C:\Users\user\AppData\Local\Programs\Python\Python312\DLLs\_asyncio.pyd first seen with mtime 1738656366.0
File C:\mypython3\django\Lib\site-packages\rest_framework\validators.py first seen with mtime 1773211312.7804887
File C:\mypython3\django\Lib\site-packages\rest_framework\utils\mediatypes.py first seen with mtime 1773211313.0659816
File C:\Users\user\AppData\Local\Programs\Python\Python312\Lib\pickle.py first seen with mtime 1738656312.0
File C:\mypython3\django\Lib\site-packages\django\contrib\sites\shortcuts.py first seen with mtime 1773145195.7729342
File C:\mypython3\django\Lib\site-packages\sqlparse\filters\output.py first seen with mtime 1773145192.8499115
File C:\mypython3\django\Lib\site-packages\django\utils\hashable.py first seen with mtime 1773145196.2994263
File C:\Users\user\AppData\Local\Programs\Python\Python312\Lib\ctypes\wintypes.py first seen with mtime 1738656312.0
File C:\mypython3\django\Lib\site-packages\django\utils\ipv6.py first seen with mtime 1773145196.3027143
File C:\Users\user\AppData\Local\Programs\Python\Python312\Lib\_weakrefset.py first seen with mtime 1738656312.0
File C:\Users\user\AppData\Local\Programs\Python\Python312\Lib\getpass.py first seen with mtime 1738656312.0
File C:\mypython3\django\Lib\site-packages\django\core\files\storage\handler.py first seen with mtime 1773145196.0128129
File C:\mypython3\django\Lib\site-packages\django\views\decorators\debug.py first seen with mtime 1773145196.325538
File C:\mypython3\django\Lib\site-packages\django\contrib\messages\__init__.py first seen with mtime 1773145195.2094755
File C:\mypython3\django\Lib\site-packages\django\apps\__init__.py first seen with mtime 1773145193.0633047
File C:\mypython3\django\Lib\site-packages\django\utils\html.py first seen with mtime 1773145196.3005579
File C:\Users\user\AppData\Local\Programs\Python\Python312\Lib\email\contentmanager.py first seen with mtime 1738656312.0
File C:\mypython3\django\Lib\site-packages\django\contrib\admin\templatetags\base.py first seen with mtime 1773145193.9981663
File C:\Users\user\AppData\Local\Programs\Python\Python312\Lib\asyncio\format_helpers.py first seen with mtime 1738656312.0
File C:\Users\user\AppData\Local\Programs\Python\Python312\Lib\copyreg.py first seen with mtime 1738656312.0
File C:\mypython3\django\Lib\site-packages\django\contrib\staticfiles\management\__init__.py first seen with mtime 1773145195.972909
File C:\mypython3\django\Lib\site-packages\django\db\models\utils.py first seen with mtime 1773145196.137802
File C:\mypython3\django\Lib\site-packages\sqlparse\filters\aligned_indent.py first seen with mtime 1773145192.848455
File C:\mypython3\django\Lib\site-packages\django\db\backends\sqlite3\creation.py first seen with mtime 1773145196.1094236
File C:\mypython3\django\Lib\site-packages\django\core\management\base.py first seen with mtime 1773145196.0260246
File C:\Users\user\AppData\Local\Programs\Python\Python312\Lib\sqlite3\__init__.py first seen with mtime 1738656312.0
File C:\Users\user\AppData\Local\Programs\Python\Python312\Lib\wsgiref\handlers.py first seen with mtime 1738656314.0
File C:\Users\user\AppData\Local\Programs\Python\Python312\Lib\locale.py first seen with mtime 1738656312.0
File C:\Users\user\AppData\Local\Programs\Python\Python312\Lib\asyncio\base_events.py first seen with mtime 1738656312.0
File C:\mypython3\django\Lib\site-packages\rest_framework\utils\urls.py first seen with mtime 1773211313.0659816
File C:\mypython3\django\Lib\site-packages\sqlparse\engine\statement_splitter.py first seen with mtime 1773145192.8474536
File C:\Users\user\AppData\Local\Programs\Python\Python312\Lib\base64.py first seen with mtime 1738656312.0
File C:\mypython3\django\Lib\site-packages\django\contrib\admin\sites.py first seen with mtime 1773145193.5029588
File C:\Users\user\AppData\Local\Programs\Python\Python312\Lib\asyncio\events.py first seen with mtime 1738656312.0
File C:\Users\user\AppData\Local\Programs\Python\Python312\Lib\asyncio\base_futures.py first seen with mtime 1738656312.0
File C:\mypython3\django\Lib\site-packages\django\forms\widgets.py first seen with mtime 1773145196.1669354
File C:\mypython3\django\Lib\site-packages\django\db\models\functions\math.py first seen with mtime 1773145196.1494844
File C:\mypython3\django\Lib\site-packages\django\urls\resolvers.py first seen with mtime 1773145196.2802548
File C:\mypython3\django\Lib\site-packages\sqlparse\__init__.py first seen with mtime 1773145192.8363185
File C:\mypython3\django\Lib\site-packages\django\utils\duration.py first seen with mtime 1773145196.2962735
File C:\Users\user\AppData\Local\Programs\Python\Python312\Lib\urllib\__init__.py first seen with mtime 1738656314.0
File C:\mypython3\django\Lib\site-packages\django\core\signals.py first seen with mtime 1773145195.9817367
File C:\mypython3\django\Lib\site-packages\rest_framework\parsers.py first seen with mtime 1773211312.7804887
File C:\mypython3\django\Lib\site-packages\django\contrib\admin\decorators.py first seen with mtime 1773145193.4971223
File C:\mypython3\django\Lib\site-packages\django\db\models\functions\__init__.py first seen with mtime 1773145196.1471357
File C:\Users\user\AppData\Local\Programs\Python\Python312\Lib\inspect.py first seen with mtime 1738656312.0
File C:\mypython3\django\Lib\site-packages\django\contrib\messages\utils.py first seen with mtime 1773145195.2139518
File C:\mypython3\django\Lib\site-packages\django\utils\connection.py first seen with mtime 1773145196.2887466
File C:\mypython3\django\Lib\site-packages\django\db\backends\__init__.py first seen with mtime 1773145196.056584
File C:\mypython3\django\Lib\site-packages\django\db\transaction.py first seen with mtime 1773145196.0555813
File C:\Users\user\AppData\Local\Programs\Python\Python312\Lib\json\encoder.py first seen with mtime 1738656312.0
File C:\mypython3\django\Lib\site-packages\django\core\checks\security\base.py first seen with mtime 1773145196.0020945
File C:\mypython3\django\Lib\site-packages\django\shortcuts.py first seen with mtime 1773145193.0633047
File C:\mypython3\django\Lib\site-packages\django\contrib\admin\filters.py first seen with mtime 1773145193.498147
File C:\mypython3\django\Lib\site-packages\django\middleware\cache.py first seen with mtime 1773145196.2330432
File C:\mypython3\django\Lib\site-packages\rest_framework\utils\serializer_helpers.py first seen with mtime 1773211313.0659816
File C:\mypython3\django\Lib\site-packages\django\db\__init__.py first seen with mtime 1773145196.054579
File C:\mypython3\django\Lib\site-packages\django\db\models\fields\tuple_lookups.py first seen with mtime 1773145196.1460817
File C:\mypython3\django\Lib\site-packages\django\views\generic\edit.py first seen with mtime 1773145196.3316674
File C:\mypython3\django\Lib\site-packages\django\core\management\commands\__init__.py first seen with mtime 1773145196.0303128
File C:\mypython3\django\Lib\site-packages\django\views\generic\__init__.py first seen with mtime 1773145196.3288577
File C:\Users\user\AppData\Local\Programs\Python\Python312\Lib\html\parser.py first seen with mtime 1738656312.0
File C:\Users\user\AppData\Local\Programs\Python\Python312\Lib\email\_parseaddr.py first seen with mtime 1738656312.0
File C:\Users\user\AppData\Local\Programs\Python\Python312\Lib\email\mime\__init__.py first seen with mtime 1738656312.0
File C:\mypython3\django\Lib\site-packages\django\contrib\sites\__init__.py first seen with mtime 1773145195.7663884
File C:\mypython3\django\Lib\site-packages\django\db\models\fields\mixins.py first seen with mtime 1773145196.141822
File C:\Users\user\AppData\Local\Programs\Python\Python312\Lib\statistics.py first seen with mtime 1738656312.0
File C:\mypython3\django\Lib\site-packages\asgiref\current_thread_executor.py first seen with mtime 1773145192.9433763
File C:\mypython3\django\Lib\site-packages\django\apps\registry.py first seen with mtime 1773145193.0654418
File C:\mypython3\django\Lib\site-packages\rest_framework\compat.py first seen with mtime 1773211312.7706516
File C:\mypython3\django\Lib\site-packages\django\core\cache\backends\filebased.py first seen with mtime 1773145195.9891803
File C:\Users\user\AppData\Local\Programs\Python\Python312\Lib\weakref.py first seen with mtime 1738656314.0
File C:\mypython3\django\Lib\site-packages\django\core\files\images.py first seen with mtime 1773145196.006105
File C:\mypython3\django\Lib\site-packages\django\db\migrations\operations\base.py first seen with mtime 1773145196.1241107
File C:\mypython3\django\Lib\site-packages\django\db\models\functions\text.py first seen with mtime 1773145196.15149
File C:\Users\user\AppData\Local\Programs\Python\Python312\Lib\wsgiref\headers.py first seen with mtime 1738656314.0
File C:\Users\user\AppData\Local\Programs\Python\Python312\Lib\asyncio\staggered.py first seen with mtime 1738656312.0
File C:\mypython3\django\Lib\site-packages\django\core\paginator.py first seen with mtime 1773145195.9806347
File C:\mypython3\django\Lib\site-packages\django\db\models\sql\subqueries.py first seen with mtime 1773145196.15688
File C:\Users\user\AppData\Local\Programs\Python\Python312\Lib\contextvars.py first seen with mtime 1738656312.0
File C:\Users\user\AppData\Local\Programs\Python\Python312\Lib\copy.py first seen with mtime 1738656312.0
File C:\mypython3\django\Lib\site-packages\rest_framework\apps.py first seen with mtime 1773211312.7706516
File C:\mypython3\django\Lib\site-packages\django\utils\_os.py first seen with mtime 1773145196.2823725
File C:\Users\user\AppData\Local\Programs\Python\Python312\Lib\nturl2path.py first seen with mtime 1738656312.0
File C:\mypython3\django\Lib\site-packages\django\contrib\admindocs\utils.py first seen with mtime 1773145194.0047195
File C:\mypython3\django\Lib\site-packages\django\contrib\staticfiles\apps.py first seen with mtime 1773145195.966913
File C:\mypython3\django\Lib\site-packages\django\db\models\query_utils.py first seen with mtime 1773145196.1357875
File C:\Users\user\AppData\Local\Programs\Python\Python312\Lib\wsgiref\simple_server.py first seen with mtime 1738656314.0
File C:\mypython3\django\Lib\site-packages\django\contrib\admin\utils.py first seen with mtime 1773145193.5046785
File C:\mypython3\django\Lib\site-packages\django\utils\http.py first seen with mtime 1773145196.3016546
File C:\mypython3\django\Lib\site-packages\django\apps\config.py first seen with mtime 1773145193.0643098
File C:\mypython3\django\Scripts\hello_django1\myhello\models.py first seen with mtime 1773209089.9959147
File C:\mypython3\django\Lib\site-packages\django\core\exceptions.py first seen with mtime 1773145195.9806347
File C:\mypython3\django\Lib\site-packages\django\contrib\admin\__init__.py first seen with mtime 1773145193.4930222
File C:\mypython3\django\Lib\site-packages\rest_framework\schemas\coreapi.py first seen with mtime 1773211312.946916
File C:\Users\user\AppData\Local\Programs\Python\Python312\Lib\re\_compiler.py first seen with mtime 1738656312.0
File C:\mypython3\django\Lib\site-packages\django\contrib\auth\tokens.py first seen with mtime 1773145194.2107623
File C:\mypython3\django\Lib\site-packages\django\db\migrations\exceptions.py first seen with mtime 1773145196.1150866
File C:\mypython3\django\Lib\site-packages\django\contrib\auth\middleware.py first seen with mtime 1773145194.207342
File C:\mypython3\django\Lib\site-packages\django\db\backends\base\__init__.py first seen with mtime 1773145196.0595918
File C:\mypython3\django\Lib\site-packages\django\db\backends\base\schema.py first seen with mtime 1773145196.0646853
File C:\mypython3\django\Lib\site-packages\django\urls\exceptions.py first seen with mtime 1773145196.2792509
File C:\mypython3\django\Lib\site-packages\django\contrib\admin\templatetags\log.py first seen with mtime 1773145193.999184
File C:\mypython3\django\Lib\site-packages\django\contrib\messages\apps.py first seen with mtime 1773145195.2114909
File C:\mypython3\django\Lib\site-packages\django\utils\translation\__init__.py first seen with mtime 1773145196.3137293
File C:\mypython3\django\Scripts\hello_django1\myhello\views.py first seen with mtime 1773212070.9364257
File C:\mypython3\django\Lib\site-packages\django\db\migrations\state.py first seen with mtime 1773145196.121103
File C:\Users\user\AppData\Local\Programs\Python\Python312\Lib\logging\__init__.py first seen with mtime 1738656312.0
File C:\mypython3\django\Lib\site-packages\sqlparse\engine\grouping.py first seen with mtime 1773145192.8464475
File C:\Users\user\AppData\Local\Programs\Python\Python312\Lib\asyncio\base_tasks.py first seen with mtime 1738656312.0
File C:\mypython3\django\Lib\site-packages\django\core\files\storage\base.py first seen with mtime 1773145196.0107872
File C:\mypython3\django\Lib\site-packages\django\views\static.py first seen with mtime 1773145196.3207896
File C:\mypython3\django\Scripts\hello_django1\myhello\apps.py first seen with mtime 1773209089.9947636
File C:\mypython3\django\Scripts\hello_django1\myhello\urls.py first seen with mtime 1773211551.0516734
File C:\mypython3\django\Lib\site-packages\rest_framework\schemas\inspectors.py first seen with mtime 1773211312.946916
File C:\mypython3\django\Lib\site-packages\asgiref\local.py first seen with mtime 1773145192.9444926
File C:\mypython3\django\Lib\site-packages\django\db\migrations\utils.py first seen with mtime 1773145196.1221051
File C:\mypython3\django\Lib\site-packages\django\views\__init__.py first seen with mtime 1773145196.31751
File C:\Users\user\AppData\Local\Programs\Python\Python312\Lib\reprlib.py first seen with mtime 1738656312.0
File C:\mypython3\django\Lib\site-packages\django\db\migrations\questioner.py first seen with mtime 1773145196.119097
File C:\mypython3\django\Lib\site-packages\django\core\serializers\json.py first seen with mtime 1773145196.0503986
File C:\mypython3\django\Lib\site-packages\rest_framework\permissions.py first seen with mtime 1773211312.7804887
File C:\mypython3\django\Lib\site-packages\django\core\checks\registry.py first seen with mtime 1773145195.9976888
File C:\Users\user\AppData\Local\Programs\Python\Python312\Lib\asyncio\exceptions.py first seen with mtime 1738656312.0
File C:\mypython3\django\Lib\site-packages\django\db\models\sql\query.py first seen with mtime 1773145196.1555007
File C:\mypython3\django\Lib\site-packages\django\db\models\signals.py first seen with mtime 1773145196.1367948
File C:\mypython3\django\Lib\site-packages\django\db\migrations\operations\special.py first seen with mtime 1773145196.1261158
File C:\mypython3\django\Lib\site-packages\django\template\context.py first seen with mtime 1773145196.247962
File C:\mypython3\django\Lib\site-packages\django\contrib\auth\hashers.py first seen with mtime 1773145194.207342
File C:\mypython3\django\Lib\site-packages\django\core\handlers\__init__.py first seen with mtime 1773145196.0148456
File C:\mypython3\django\Lib\site-packages\django\contrib\auth\management\__init__.py first seen with mtime 1773145194.3959832
File C:\mypython3\django\Lib\site-packages\django\template\loaders\base.py first seen with mtime 1773145196.2619398
File C:\mypython3\django\Lib\site-packages\django\contrib\auth\signals.py first seen with mtime 1773145194.2097628
File C:\mypython3\django\Lib\site-packages\django\db\models\deletion.py first seen with mtime 1773145196.130504
File C:\mypython3\django\Lib\site-packages\django\template\smartif.py first seen with mtime 1773145196.2546358
File C:\mypython3\django\Lib\site-packages\django\core\cache\utils.py first seen with mtime 1773145195.9857483
File C:\Users\user\AppData\Local\Programs\Python\Python312\Lib\zoneinfo\_common.py first seen with mtime 1738656314.0
File C:\mypython3\django\Lib\site-packages\django\core\validators.py first seen with mtime 1773145195.9827394
File C:\mypython3\django\Lib\site-packages\sqlparse\tokens.py first seen with mtime 1773145192.8428211
File C:\Users\user\AppData\Local\Programs\Python\Python312\Lib\signal.py first seen with mtime 1738656312.0
File C:\mypython3\django\Lib\site-packages\django\forms\forms.py first seen with mtime 1773145196.1629066
File C:\mypython3\django\Lib\site-packages\django\middleware\__init__.py first seen with mtime 1773145196.2320373
File C:\mypython3\django\Lib\site-packages\django\forms\models.py first seen with mtime 1773145196.1639163
File C:\Users\user\AppData\Local\Programs\Python\Python312\Lib\email\_header_value_parser.py first seen with mtime 1738656312.0
File C:\mypython3\django\Lib\site-packages\django\core\files\locks.py first seen with mtime 1773145196.006105
File C:\Users\user\AppData\Local\Programs\Python\Python312\Lib\urllib\parse.py first seen with mtime 1738656314.0
File C:\Users\user\AppData\Local\Programs\Python\Python312\Lib\difflib.py first seen with mtime 1738656312.0
File C:\Users\user\AppData\Local\Programs\Python\Python312\Lib\concurrent\futures\thread.py first seen with mtime 1738656312.0
File C:\mypython3\django\Lib\site-packages\django\forms\utils.py first seen with mtime 1773145196.165933
File C:\Users\user\AppData\Local\Programs\Python\Python312\Lib\email\_policybase.py first seen with mtime 1738656312.0
File C:\mypython3\django\Lib\site-packages\django\db\models\fields\files.py first seen with mtime 1773145196.1398132
File C:\mypython3\django\Lib\site-packages\django\core\management\__init__.py first seen with mtime 1773145196.0260246
File C:\mypython3\django\Lib\site-packages\django\db\backends\ddl_references.py first seen with mtime 1773145196.057587
File C:\Users\user\AppData\Local\Programs\Python\Python312\Lib\email\policy.py first seen with mtime 1738656312.0
File C:\mypython3\django\Lib\site-packages\rest_framework\templatetags\__init__.py first seen with mtime 1773211313.0499468
File C:\Users\user\AppData\Local\Programs\Python\Python312\Lib\asyncio\queues.py first seen with mtime 1738656312.0
File C:\mypython3\django\Lib\site-packages\sqlparse\filters\reindent.py first seen with mtime 1773145192.8509643
File C:\mypython3\django\Lib\site-packages\django\template\backends\__init__.py first seen with mtime 1773145196.2559953
File C:\mypython3\django\Lib\site-packages\rest_framework\templates\rest_framework first seen with mtime 1773211313.0499468
File C:\mypython3\django\Lib\site-packages\rest_framework\templates\rest_framework\admin first seen with mtime 1773211313.00233
File C:\mypython3\django\Lib\site-packages\rest_framework\templates\rest_framework\admin.html first seen with mtime 1773211312.9863558
File C:\mypython3\django\Lib\site-packages\rest_framework\templates\rest_framework\api.html first seen with mtime 1773211312.9863558
File C:\mypython3\django\Lib\site-packages\rest_framework\templates\rest_framework\base.html first seen with mtime 1773211312.9863558
File C:\mypython3\django\Lib\site-packages\rest_framework\templates\rest_framework\docs first seen with mtime 1773211313.018114
File C:\mypython3\django\Lib\site-packages\rest_framework\templates\rest_framework\filters first seen with mtime 1773211313.0257785
File C:\mypython3\django\Lib\site-packages\rest_framework\templates\rest_framework\horizontal first seen with mtime 1773211313.0339348
File C:\mypython3\django\Lib\site-packages\rest_framework\templates\rest_framework\inline first seen with mtime 1773211313.0339348
File C:\mypython3\django\Lib\site-packages\rest_framework\templates\rest_framework\login.html first seen with mtime 1773211312.9863558
File C:\mypython3\django\Lib\site-packages\rest_framework\templates\rest_framework\login_base.html first seen with mtime 1773211313.00233
File C:\mypython3\django\Lib\site-packages\rest_framework\templates\rest_framework\pagination first seen with mtime 1773211313.0339348
File C:\mypython3\django\Lib\site-packages\rest_framework\templates\rest_framework\raw_data_form.html first seen with mtime 1773211313.00233
File C:\mypython3\django\Lib\site-packages\rest_framework\templates\rest_framework\schema.js first seen with mtime 1773211313.00233
File C:\mypython3\django\Lib\site-packages\rest_framework\templates\rest_framework\vertical first seen with mtime 1773211313.0499468
File C:\mypython3\django\Lib\site-packages\rest_framework\templates\rest_framework\admin\detail.html first seen with mtime 1773211313.00233
File C:\mypython3\django\Lib\site-packages\rest_framework\templates\rest_framework\admin\dict_value.html first seen with mtime 1773211313.00233
File C:\mypython3\django\Lib\site-packages\rest_framework\templates\rest_framework\admin\list.html first seen with mtime 1773211313.00233
File C:\mypython3\django\Lib\site-packages\rest_framework\templates\rest_framework\admin\list_value.html first seen with mtime 1773211313.00233
File C:\mypython3\django\Lib\site-packages\rest_framework\templates\rest_framework\admin\simple_list_value.html first seen with mtime 1773211313.00233
File C:\mypython3\django\Lib\site-packages\rest_framework\templates\rest_framework\docs\auth first seen with mtime 1773211313.018114
File C:\mypython3\django\Lib\site-packages\rest_framework\templates\rest_framework\docs\document.html first seen with mtime 1773211313.00233
File C:\mypython3\django\Lib\site-packages\rest_framework\templates\rest_framework\docs\error.html first seen with mtime 1773211313.00233
File C:\mypython3\django\Lib\site-packages\rest_framework\templates\rest_framework\docs\index.html first seen with mtime 1773211313.00233
File C:\mypython3\django\Lib\site-packages\rest_framework\templates\rest_framework\docs\interact.html first seen with mtime 1773211313.00233
File C:\mypython3\django\Lib\site-packages\rest_framework\templates\rest_framework\docs\langs first seen with mtime 1773211313.018114
File C:\mypython3\django\Lib\site-packages\rest_framework\templates\rest_framework\docs\link.html first seen with mtime 1773211313.00233
File C:\mypython3\django\Lib\site-packages\rest_framework\templates\rest_framework\docs\sidebar.html first seen with mtime 1773211313.00233
File C:\mypython3\django\Lib\site-packages\rest_framework\templates\rest_framework\filters\base.html first seen with mtime 1773211313.0257785
File C:\mypython3\django\Lib\site-packages\rest_framework\templates\rest_framework\filters\ordering.html first seen with mtime 1773211313.0257785
File C:\mypython3\django\Lib\site-packages\rest_framework\templates\rest_framework\filters\search.html first seen with mtime 1773211313.0257785
File C:\mypython3\django\Lib\site-packages\rest_framework\templates\rest_framework\horizontal\checkbox.html first seen with mtime 1773211313.0257785
File C:\mypython3\django\Lib\site-packages\rest_framework\templates\rest_framework\horizontal\checkbox_multiple.html first seen with mtime 1773211313.0257785
File C:\mypython3\django\Lib\site-packages\rest_framework\templates\rest_framework\horizontal\dict_field.html first seen with mtime 1773211313.0257785
File C:\mypython3\django\Lib\site-packages\rest_framework\templates\rest_framework\horizontal\fieldset.html first seen with mtime 1773211313.0257785
File C:\mypython3\django\Lib\site-packages\rest_framework\templates\rest_framework\horizontal\form.html first seen with mtime 1773211313.0257785
File C:\mypython3\django\Lib\site-packages\rest_framework\templates\rest_framework\horizontal\input.html first seen with mtime 1773211313.0257785
File C:\mypython3\django\Lib\site-packages\rest_framework\templates\rest_framework\horizontal\list_field.html first seen with mtime 1773211313.0257785
File C:\mypython3\django\Lib\site-packages\rest_framework\templates\rest_framework\horizontal\list_fieldset.html first seen with mtime 1773211313.0257785
File C:\mypython3\django\Lib\site-packages\rest_framework\templates\rest_framework\horizontal\radio.html first seen with mtime 1773211313.0339348
File C:\mypython3\django\Lib\site-packages\rest_framework\templates\rest_framework\horizontal\select.html first seen with mtime 1773211313.0339348
File C:\mypython3\django\Lib\site-packages\rest_framework\templates\rest_framework\horizontal\select_multiple.html first seen with mtime 1773211313.0339348
File C:\mypython3\django\Lib\site-packages\rest_framework\templates\rest_framework\horizontal\textarea.html first seen with mtime 1773211313.0339348
File C:\mypython3\django\Lib\site-packages\rest_framework\templates\rest_framework\inline\checkbox.html first seen with mtime 1773211313.0339348
File C:\mypython3\django\Lib\site-packages\rest_framework\templates\rest_framework\inline\checkbox_multiple.html first seen with mtime 1773211313.0339348
File C:\mypython3\django\Lib\site-packages\rest_framework\templates\rest_framework\inline\dict_field.html first seen with mtime 1773211313.0339348
File C:\mypython3\django\Lib\site-packages\rest_framework\templates\rest_framework\inline\fieldset.html first seen with mtime 1773211313.0339348
File C:\mypython3\django\Lib\site-packages\rest_framework\templates\rest_framework\inline\form.html first seen with mtime 1773211313.0339348
File C:\mypython3\django\Lib\site-packages\rest_framework\templates\rest_framework\inline\input.html first seen with mtime 1773211313.0339348
File C:\mypython3\django\Lib\site-packages\rest_framework\templates\rest_framework\inline\list_field.html first seen with mtime 1773211313.0339348
File C:\mypython3\django\Lib\site-packages\rest_framework\templates\rest_framework\inline\list_fieldset.html first seen with mtime 1773211313.0339348
File C:\mypython3\django\Lib\site-packages\rest_framework\templates\rest_framework\inline\radio.html first seen with mtime 1773211313.0339348
File C:\mypython3\django\Lib\site-packages\rest_framework\templates\rest_framework\inline\select.html first seen with mtime 1773211313.0339348
File C:\mypython3\django\Lib\site-packages\rest_framework\templates\rest_framework\inline\select_multiple.html first seen with mtime 1773211313.0339348
File C:\mypython3\django\Lib\site-packages\rest_framework\templates\rest_framework\inline\textarea.html first seen with mtime 1773211313.0339348
File C:\mypython3\django\Lib\site-packages\rest_framework\templates\rest_framework\pagination\numbers.html first seen with mtime 1773211313.0339348
File C:\mypython3\django\Lib\site-packages\rest_framework\templates\rest_framework\pagination\previous_and_next.html first seen with mtime 1773211313.0339348
File C:\mypython3\django\Lib\site-packages\rest_framework\templates\rest_framework\vertical\checkbox.html first seen with mtime 1773211313.0499468
File C:\mypython3\django\Lib\site-packages\rest_framework\templates\rest_framework\vertical\checkbox_multiple.html first seen with mtime 1773211313.0499468
File C:\mypython3\django\Lib\site-packages\rest_framework\templates\rest_framework\vertical\dict_field.html first seen with mtime 1773211313.0499468
File C:\mypython3\django\Lib\site-packages\rest_framework\templates\rest_framework\vertical\fieldset.html first seen with mtime 1773211313.0499468
File C:\mypython3\django\Lib\site-packages\rest_framework\templates\rest_framework\vertical\form.html first seen with mtime 1773211313.0499468
File C:\mypython3\django\Lib\site-packages\rest_framework\templates\rest_framework\vertical\input.html first seen with mtime 1773211313.0499468
File C:\mypython3\django\Lib\site-packages\rest_framework\templates\rest_framework\vertical\list_field.html first seen with mtime 1773211313.0499468
File C:\mypython3\django\Lib\site-packages\rest_framework\templates\rest_framework\vertical\list_fieldset.html first seen with mtime 1773211313.0499468
File C:\mypython3\django\Lib\site-packages\rest_framework\templates\rest_framework\vertical\radio.html first seen with mtime 1773211313.0499468
File C:\mypython3\django\Lib\site-packages\rest_framework\templates\rest_framework\vertical\select.html first seen with mtime 1773211313.0499468
File C:\mypython3\django\Lib\site-packages\rest_framework\templates\rest_framework\vertical\select_multiple.html first seen with mtime 1773211313.0499468
File C:\mypython3\django\Lib\site-packages\rest_framework\templates\rest_framework\vertical\textarea.html first seen with mtime 1773211313.0499468
File C:\mypython3\django\Lib\site-packages\rest_framework\templates\rest_framework\docs\auth\basic.html first seen with mtime 1773211313.00233
File C:\mypython3\django\Lib\site-packages\rest_framework\templates\rest_framework\docs\auth\session.html first seen with mtime 1773211313.018114
File C:\mypython3\django\Lib\site-packages\rest_framework\templates\rest_framework\docs\auth\token.html first seen with mtime 1773211313.018114
File C:\mypython3\django\Lib\site-packages\rest_framework\templates\rest_framework\docs\langs\javascript-intro.html first seen with mtime 1773211313.018114
File C:\mypython3\django\Lib\site-packages\rest_framework\templates\rest_framework\docs\langs\javascript.html first seen with mtime 1773211313.018114
File C:\mypython3\django\Lib\site-packages\rest_framework\templates\rest_framework\docs\langs\python-intro.html first seen with mtime 1773211313.018114
File C:\mypython3\django\Lib\site-packages\rest_framework\templates\rest_framework\docs\langs\python.html first seen with mtime 1773211313.018114
File C:\mypython3\django\Lib\site-packages\rest_framework\templates\rest_framework\docs\langs\shell-intro.html first seen with mtime 1773211313.018114
File C:\mypython3\django\Lib\site-packages\rest_framework\templates\rest_framework\docs\langs\shell.html first seen with mtime 1773211313.018114
File C:\mypython3\django\Lib\site-packages\rest_framework\locale\ach\LC_MESSAGES\django.mo first seen with mtime 1773211312.8062303
File C:\mypython3\django\Lib\site-packages\rest_framework\locale\ar\LC_MESSAGES\django.mo first seen with mtime 1773211312.8062303
File C:\mypython3\django\Lib\site-packages\rest_framework\locale\az\LC_MESSAGES\django.mo first seen with mtime 1773211312.808233
File C:\mypython3\django\Lib\site-packages\rest_framework\locale\be\LC_MESSAGES\django.mo first seen with mtime 1773211312.8102355
File C:\mypython3\django\Lib\site-packages\rest_framework\locale\bg\LC_MESSAGES\django.mo first seen with mtime 1773211312.8102355
File C:\mypython3\django\Lib\site-packages\rest_framework\locale\ca\LC_MESSAGES\django.mo first seen with mtime 1773211312.8122394
File C:\mypython3\django\Lib\site-packages\rest_framework\locale\ca_ES\LC_MESSAGES\django.mo first seen with mtime 1773211312.8142436
File C:\mypython3\django\Lib\site-packages\rest_framework\locale\cs\LC_MESSAGES\django.mo first seen with mtime 1773211312.8142436
File C:\mypython3\django\Lib\site-packages\rest_framework\locale\da\LC_MESSAGES\django.mo first seen with mtime 1773211312.8174162
File C:\mypython3\django\Lib\site-packages\rest_framework\locale\de\LC_MESSAGES\django.mo first seen with mtime 1773211312.8174162
File C:\mypython3\django\Lib\site-packages\rest_framework\locale\el\LC_MESSAGES\django.mo first seen with mtime 1773211312.8174162
File C:\mypython3\django\Lib\site-packages\rest_framework\locale\el_GR\LC_MESSAGES\django.mo first seen with mtime 1773211312.8174162
File C:\mypython3\django\Lib\site-packages\rest_framework\locale\en\LC_MESSAGES\django.mo first seen with mtime 1773211312.8174162
File C:\mypython3\django\Lib\site-packages\rest_framework\locale\en_AU\LC_MESSAGES\django.mo first seen with mtime 1773211312.8255363
File C:\mypython3\django\Lib\site-packages\rest_framework\locale\en_CA\LC_MESSAGES\django.mo first seen with mtime 1773211312.8255363
File C:\mypython3\django\Lib\site-packages\rest_framework\locale\en_US\LC_MESSAGES\django.mo first seen with mtime 1773211312.8278935
File C:\mypython3\django\Lib\site-packages\rest_framework\locale\es\LC_MESSAGES\django.mo first seen with mtime 1773211312.8278935
File C:\mypython3\django\Lib\site-packages\rest_framework\locale\et\LC_MESSAGES\django.mo first seen with mtime 1773211312.8278935
File C:\mypython3\django\Lib\site-packages\rest_framework\locale\fa\LC_MESSAGES\django.mo first seen with mtime 1773211312.8278935
File C:\mypython3\django\Lib\site-packages\rest_framework\locale\fa_IR\LC_MESSAGES\django.mo first seen with mtime 1773211312.8278935
File C:\mypython3\django\Lib\site-packages\rest_framework\locale\fi\LC_MESSAGES\django.mo first seen with mtime 1773211312.8278935
File C:\mypython3\django\Lib\site-packages\rest_framework\locale\fr\LC_MESSAGES\django.mo first seen with mtime 1773211312.8278935
File C:\mypython3\django\Lib\site-packages\rest_framework\locale\fr_CA\LC_MESSAGES\django.mo first seen with mtime 1773211312.8385906
File C:\mypython3\django\Lib\site-packages\rest_framework\locale\gl\LC_MESSAGES\django.mo first seen with mtime 1773211312.8385906
File C:\mypython3\django\Lib\site-packages\rest_framework\locale\gl_ES\LC_MESSAGES\django.mo first seen with mtime 1773211312.8385906
File C:\mypython3\django\Lib\site-packages\rest_framework\locale\he_IL\LC_MESSAGES\django.mo first seen with mtime 1773211312.8385906
File C:\mypython3\django\Lib\site-packages\rest_framework\locale\hu\LC_MESSAGES\django.mo first seen with mtime 1773211312.844434
File C:\mypython3\django\Lib\site-packages\rest_framework\locale\hy\LC_MESSAGES\django.mo first seen with mtime 1773211312.844434
File C:\mypython3\django\Lib\site-packages\rest_framework\locale\id\LC_MESSAGES\django.mo first seen with mtime 1773211312.844434
File C:\mypython3\django\Lib\site-packages\rest_framework\locale\it\LC_MESSAGES\django.mo first seen with mtime 1773211312.8488567
File C:\mypython3\django\Lib\site-packages\rest_framework\locale\ja\LC_MESSAGES\django.mo first seen with mtime 1773211312.8488567
File C:\mypython3\django\Lib\site-packages\rest_framework\locale\kk\LC_MESSAGES\django.mo first seen with mtime 1773211312.85199
File C:\mypython3\django\Lib\site-packages\rest_framework\locale\ko_KR\LC_MESSAGES\django.mo first seen with mtime 1773211312.85199
File C:\mypython3\django\Lib\site-packages\rest_framework\locale\lt\LC_MESSAGES\django.mo first seen with mtime 1773211312.85199
File C:\mypython3\django\Lib\site-packages\rest_framework\locale\lv\LC_MESSAGES\django.mo first seen with mtime 1773211312.8583934
File C:\mypython3\django\Lib\site-packages\rest_framework\locale\mk\LC_MESSAGES\django.mo first seen with mtime 1773211312.8599055
File C:\mypython3\django\Lib\site-packages\rest_framework\locale\nb\LC_MESSAGES\django.mo first seen with mtime 1773211312.8610392
File C:\mypython3\django\Lib\site-packages\rest_framework\locale\ne_NP\LC_MESSAGES\django.mo first seen with mtime 1773211312.8915
File C:\mypython3\django\Lib\site-packages\rest_framework\locale\nl\LC_MESSAGES\django.mo first seen with mtime 1773211312.8915
File C:\mypython3\django\Lib\site-packages\rest_framework\locale\nn\LC_MESSAGES\django.mo first seen with mtime 1773211312.8915
File C:\mypython3\django\Lib\site-packages\rest_framework\locale\no\LC_MESSAGES\django.mo first seen with mtime 1773211312.8915
File C:\mypython3\django\Lib\site-packages\rest_framework\locale\pl\LC_MESSAGES\django.mo first seen with mtime 1773211312.8915
File C:\mypython3\django\Lib\site-packages\rest_framework\locale\pt\LC_MESSAGES\django.mo first seen with mtime 1773211312.907234
File C:\mypython3\django\Lib\site-packages\rest_framework\locale\pt_BR\LC_MESSAGES\django.mo first seen with mtime 1773211312.907234
File C:\mypython3\django\Lib\site-packages\rest_framework\locale\pt_PT\LC_MESSAGES\django.mo first seen with mtime 1773211312.907234
File C:\mypython3\django\Lib\site-packages\rest_framework\locale\ro\LC_MESSAGES\django.mo first seen with mtime 1773211312.907234
File C:\mypython3\django\Lib\site-packages\rest_framework\locale\ru\LC_MESSAGES\django.mo first seen with mtime 1773211312.907234
File C:\mypython3\django\Lib\site-packages\rest_framework\locale\ru_RU\LC_MESSAGES\django.mo first seen with mtime 1773211312.907234
File C:\mypython3\django\Lib\site-packages\rest_framework\locale\sk\LC_MESSAGES\django.mo first seen with mtime 1773211312.907234
File C:\mypython3\django\Lib\site-packages\rest_framework\locale\sl\LC_MESSAGES\django.mo first seen with mtime 1773211312.907234
File C:\mypython3\django\Lib\site-packages\rest_framework\locale\sv\LC_MESSAGES\django.mo first seen with mtime 1773211312.907234
File C:\mypython3\django\Lib\site-packages\rest_framework\locale\th\LC_MESSAGES\django.mo first seen with mtime 1773211312.9233038
File C:\mypython3\django\Lib\site-packages\rest_framework\locale\tr\LC_MESSAGES\django.mo first seen with mtime 1773211312.9258113
File C:\mypython3\django\Lib\site-packages\rest_framework\locale\tr_TR\LC_MESSAGES\django.mo first seen with mtime 1773211312.9258113
File C:\mypython3\django\Lib\site-packages\rest_framework\locale\uk\LC_MESSAGES\django.mo first seen with mtime 1773211312.9258113
File C:\mypython3\django\Lib\site-packages\rest_framework\locale\vi\LC_MESSAGES\django.mo first seen with mtime 1773211312.9258113
File C:\mypython3\django\Lib\site-packages\rest_framework\locale\zh_CN\LC_MESSAGES\django.mo first seen with mtime 1773211312.9258113
File C:\mypython3\django\Lib\site-packages\rest_framework\locale\zh_Hans\LC_MESSAGES\django.mo first seen with mtime 1773211312.9258113
File C:\mypython3\django\Lib\site-packages\rest_framework\locale\zh_Hant\LC_MESSAGES\django.mo first seen with mtime 1773211312.9258113
File C:\mypython3\django\Lib\site-packages\rest_framework\locale\zh_TW\LC_MESSAGES\django.mo first seen with mtime 1773211312.9389453
File C:\mypython3\django\Lib\site-packages\django\contrib\auth\migrations\0006_require_contenttypes_0002.py first seen with mtime 1773145194.402981
File C:\mypython3\django\Lib\site-packages\django\db\migrations\serializer.py first seen with mtime 1773145196.1201
File C:\mypython3\django\Lib\site-packages\django\contrib\admin\migrations\0001_initial.py first seen with mtime 1773145193.8655589
File C:\mypython3\django\Scripts\hello_django1\myhello\migrations\__init__.py first seen with mtime 1773209090.0023472
File C:\mypython3\django\Lib\site-packages\django\contrib\auth\migrations\0009_alter_user_last_name_max_length.py first seen with mtime 1773145194.403992
File C:\mypython3\django\Lib\site-packages\django\contrib\auth\migrations\0005_alter_user_last_login_null.py first seen with mtime 1773145194.4016032
File C:\mypython3\django\Lib\site-packages\django\contrib\auth\migrations\0001_initial.py first seen with mtime 1773145194.3994298
File C:\Users\user\AppData\Local\Programs\Python\Python312\Lib\encodings\idna.py first seen with mtime 1738656312.0
File C:\mypython3\django\Lib\site-packages\django\db\migrations\recorder.py first seen with mtime 1773145196.1201
File C:\mypython3\django\Lib\site-packages\django\contrib\auth\migrations\0002_alter_permission_name_max_length.py first seen with mtime 1773145194.3994298
File C:\mypython3\django\Lib\site-packages\django\db\migrations\writer.py first seen with mtime 1773145196.1221051
File C:\mypython3\django\Lib\site-packages\django\core\management\sql.py first seen with mtime 1773145196.0280325
File C:\mypython3\django\Lib\site-packages\django\contrib\auth\migrations\0004_alter_user_username_opts.py first seen with mtime 1773145194.4016032
File C:\mypython3\django\Lib\site-packages\django\contrib\auth\migrations\0010_alter_group_name_max_length.py first seen with mtime 1773145194.4049964
File C:\mypython3\django\Lib\site-packages\django\core\management\commands\migrate.py first seen with mtime 1773145196.0391147
File C:\mypython3\django\Lib\site-packages\django\contrib\admin\migrations\0002_logentry_remove_auto_add.py first seen with mtime 1773145193.8655589
File C:\mypython3\django\Lib\site-packages\django\contrib\auth\migrations\0008_alter_user_username_max_length.py first seen with mtime 1773145194.403992
File C:\mypython3\django\Lib\site-packages\django\contrib\sessions\migrations\0001_initial.py first seen with mtime 1773145195.7615552
File C:\Users\user\AppData\Local\Programs\Python\Python312\Lib\stringprep.py first seen with mtime 1738656312.0
File C:\mypython3\django\Lib\site-packages\django\contrib\contenttypes\migrations\0001_initial.py first seen with mtime 1773145194.6132505
File C:\mypython3\django\Lib\site-packages\django\contrib\admin\migrations\0003_logentry_add_action_flag_choices.py first seen with mtime 1773145193.8665588
File C:\mypython3\django\Lib\site-packages\django\contrib\contenttypes\migrations\__init__.py first seen with mtime 1773145194.6132505
File C:\mypython3\django\Lib\site-packages\django\db\migrations\executor.py first seen with mtime 1773145196.116089
File C:\mypython3\django\Lib\site-packages\django\contrib\contenttypes\migrations\0002_remove_content_type_name.py first seen with mtime 1773145194.6132505
File C:\mypython3\django\Lib\site-packages\django\contrib\auth\migrations\__init__.py first seen with mtime 1773145194.406077
File C:\mypython3\django\Lib\site-packages\django\contrib\auth\migrations\0003_alter_user_email_max_length.py first seen with mtime 1773145194.4016032
File C:\mypython3\django\Lib\site-packages\django\contrib\auth\migrations\0012_alter_user_first_name_max_length.py first seen with mtime 1773145194.406077
File C:\mypython3\django\Scripts\hello_django1\hello_django\wsgi.py first seen with mtime 1773146754.8780456
File C:\mypython3\django\Lib\site-packages\django\views\csrf.py first seen with mtime 1773145196.31751
File C:\mypython3\django\Lib\site-packages\django\contrib\sessions\backends\db.py first seen with mtime 1773145195.56752
File C:\mypython3\django\Lib\site-packages\django\contrib\admin\migrations\__init__.py first seen with mtime 1773145193.8665588
File C:\mypython3\django\Lib\site-packages\django\contrib\auth\migrations\0011_update_proxy_permissions.py first seen with mtime 1773145194.406077
File C:\mypython3\django\Lib\site-packages\django\contrib\auth\migrations\0007_alter_validators_add_error_messages.py first seen with mtime 1773145194.402981
File C:\mypython3\django\Lib\site-packages\django\contrib\sessions\migrations\__init__.py first seen with mtime 1773145195.7615552
"GET /myhello/?name=hihi HTTP/1.1" 200 5216
"GET /static/rest_framework/css/bootstrap.min.css HTTP/1.1" 200 121457
"GET /static/rest_framework/js/csrf.js HTTP/1.1" 200 1793
"GET /static/rest_framework/js/bootstrap.min.js HTTP/1.1" 200 39680
"GET /static/rest_framework/js/prettify-min.js HTTP/1.1" 200 13632
"GET /static/rest_framework/js/default.js HTTP/1.1" 200 1268
"GET /static/rest_framework/js/jquery-3.7.1.min.js HTTP/1.1" 200 87533
"GET /static/rest_framework/js/load-ajax-form.js HTTP/1.1" 200 59
"GET /static/rest_framework/js/ajax-form.js HTTP/1.1" 200 3796
"GET /static/rest_framework/css/bootstrap-tweaks.css HTTP/1.1" 200 3426
"GET /static/rest_framework/css/prettify.css HTTP/1.1" 200 817
"GET /static/rest_framework/css/default.css HTTP/1.1" 200 1152
"GET /static/rest_framework/img/grid.png HTTP/1.1" 200 1458
Exception while resolving variable 'name' in template 'unknown'.
Traceback (most recent call last):
  File "C:\mypython3\django\Lib\site-packages\django\core\handlers\exception.py", line 55, in inner
    response = get_response(request)
               ^^^^^^^^^^^^^^^^^^^^^
  File "C:\mypython3\django\Lib\site-packages\django\core\handlers\base.py", line 182, in _get_response
    callback, callback_args, callback_kwargs = self.resolve_request(request)
                                               ^^^^^^^^^^^^^^^^^^^^^^^^^^^^^
  File "C:\mypython3\django\Lib\site-packages\django\core\handlers\base.py", line 314, in resolve_request
    resolver_match = resolver.resolve(request.path_info)
                     ^^^^^^^^^^^^^^^^^^^^^^^^^^^^^^^^^^^
  File "C:\mypython3\django\Lib\site-packages\django\urls\resolvers.py", line 716, in resolve
    raise Resolver404({"tried": tried, "path": new_path})
django.urls.exceptions.Resolver404: {'tried': [[<URLResolver <URLPattern list> (admin:admin) 'admin/'>], [<URLResolver <module 'myhello.urls' from 'C:\\mypython3\\django\\Scripts\\hello_django1\\myhello\\urls.py'> (None:None) 'myhello/'>]], 'path': 'favicon.ico'}

During handling of the above exception, another exception occurred:

Traceback (most recent call last):
  File "C:\mypython3\django\Lib\site-packages\django\template\base.py", line 964, in _resolve_lookup
    raise TypeError
TypeError

During handling of the above exception, another exception occurred:

Traceback (most recent call last):
  File "C:\mypython3\django\Lib\site-packages\django\template\base.py", line 976, in _resolve_lookup
    current = getattr(current, bit)
              ^^^^^^^^^^^^^^^^^^^^^
AttributeError: 'URLResolver' object has no attribute 'name'

During handling of the above exception, another exception occurred:

Traceback (most recent call last):
  File "C:\mypython3\django\Lib\site-packages\django\template\base.py", line 982, in _resolve_lookup
    current = current[int(bit)]
                      ^^^^^^^^
ValueError: invalid literal for int() with base 10: 'name'

During handling of the above exception, another exception occurred:

Traceback (most recent call last):
  File "C:\mypython3\django\Lib\site-packages\django\template\base.py", line 989, in _resolve_lookup
    raise VariableDoesNotExist(
django.template.base.VariableDoesNotExist: Failed lookup for key [name] in <URLResolver <URLPattern list> (admin:admin) 'admin/'>
Exception while resolving variable 'name' in template 'unknown'.
Traceback (most recent call last):
  File "C:\mypython3\django\Lib\site-packages\django\core\handlers\exception.py", line 55, in inner
    response = get_response(request)
               ^^^^^^^^^^^^^^^^^^^^^
  File "C:\mypython3\django\Lib\site-packages\django\core\handlers\base.py", line 182, in _get_response
    callback, callback_args, callback_kwargs = self.resolve_request(request)
                                               ^^^^^^^^^^^^^^^^^^^^^^^^^^^^^
  File "C:\mypython3\django\Lib\site-packages\django\core\handlers\base.py", line 314, in resolve_request
    resolver_match = resolver.resolve(request.path_info)
                     ^^^^^^^^^^^^^^^^^^^^^^^^^^^^^^^^^^^
  File "C:\mypython3\django\Lib\site-packages\django\urls\resolvers.py", line 716, in resolve
    raise Resolver404({"tried": tried, "path": new_path})
django.urls.exceptions.Resolver404: {'tried': [[<URLResolver <URLPattern list> (admin:admin) 'admin/'>], [<URLResolver <module 'myhello.urls' from 'C:\\mypython3\\django\\Scripts\\hello_django1\\myhello\\urls.py'> (None:None) 'myhello/'>]], 'path': 'favicon.ico'}

During handling of the above exception, another exception occurred:

Traceback (most recent call last):
  File "C:\mypython3\django\Lib\site-packages\django\template\base.py", line 964, in _resolve_lookup
    raise TypeError
TypeError

During handling of the above exception, another exception occurred:

Traceback (most recent call last):
  File "C:\mypython3\django\Lib\site-packages\django\template\base.py", line 976, in _resolve_lookup
    current = getattr(current, bit)
              ^^^^^^^^^^^^^^^^^^^^^
AttributeError: 'URLResolver' object has no attribute 'name'

During handling of the above exception, another exception occurred:

Traceback (most recent call last):
  File "C:\mypython3\django\Lib\site-packages\django\template\base.py", line 982, in _resolve_lookup
    current = current[int(bit)]
                      ^^^^^^^^
ValueError: invalid literal for int() with base 10: 'name'

During handling of the above exception, another exception occurred:

Traceback (most recent call last):
  File "C:\mypython3\django\Lib\site-packages\django\template\base.py", line 989, in _resolve_lookup
    raise VariableDoesNotExist(
django.template.base.VariableDoesNotExist: Failed lookup for key [name] in <URLResolver <module 'myhello.urls' from 'C:\\mypython3\\django\\Scripts\\hello_django1\\myhello\\urls.py'> (None:None) 'myhello/'>
Not Found: /favicon.ico
"GET /favicon.ico HTTP/1.1" 404 2365
File C:\mypython3\django\Lib\site-packages\django\conf\locale\en\__init__.py first seen with mtime 1773145193.1445012
File C:\mypython3\django\Lib\site-packages\django\middleware\csp.py first seen with mtime 1773145196.235065
File C:\mypython3\django\Lib\site-packages\django\contrib\messages\storage\session.py first seen with mtime 1773145195.2171793
File C:\mypython3\django\Lib\site-packages\django\conf\locale\en\formats.py first seen with mtime 1773145193.1445012
File C:\mypython3\django\Lib\site-packages\django\contrib\staticfiles\storage.py first seen with mtime 1773145195.9699905
File C:\mypython3\django\Lib\site-packages\django\contrib\messages\storage\cookie.py first seen with mtime 1773145195.216087
File C:\mypython3\django\Lib\site-packages\django\template\context_processors.py first seen with mtime 1773145196.2489684
File C:\mypython3\django\Lib\site-packages\django\contrib\sessions\serializers.py first seen with mtime 1773145195.5635092
File C:\Users\user\AppData\Local\Programs\Python\Python312\Lib\encodings\unicode_escape.py first seen with mtime 1738656312.0
File C:\mypython3\django\Lib\site-packages\django\contrib\messages\storage\fallback.py first seen with mtime 1773145195.2171793
File C:\mypython3\django\Lib\site-packages\django\contrib\auth\context_processors.py first seen with mtime 1773145194.204843
File C:\mypython3\django\Lib\site-packages\django\utils\csp.py first seen with mtime 1773145196.289754
File C:\mypython3\django\Lib\site-packages\django\contrib\messages\context_processors.py first seen with mtime 1773145195.2114909
"GET /myhello/?name=hihi HTTP/1.1" 200 5216
"GET /myhello/?format=api&name=hihi HTTP/1.1" 200 5272
"GET /myhello/?format=json&name=hihi HTTP/1.1" 200 20
"OPTIONS /myhello/?format=api&name=hihi HTTP/1.1" 200 5587
"OPTIONS /myhello/?format=api&name=hihi HTTP/1.1" 200 5587
"GET /myhello/?format=api&name=hihi HTTP/1.1" 200 5272
